LAND;BEZ;LOR_ab_2021;UJAHR;UMONAT;USTUNDE;UWOCHENTAG;UKATEGORIE;UART;UTYP1;ULICHTVERH;IstRad;IstPKW;IstFuss;IstKrad;IstGkfz;IstSonstige;USTRZUSTAND;LOCKDOWN;COVID
11;9;9301126.0;2021;8;8;4;3;5;2;0;1;0;0;0;1;0;0;0;1
11;1;1200520.0;2021;9;15;1;3;5;2;0;1;1;0;0;0;0;0;0;1
11;5;5100316.0;2021;9;13;6;2;2;6;0;0;1;0;0;0;0;0;0;1
11;3;3601141.0;2021;9;9;6;3;2;6;0;0;1;0;0;1;0;0;0;1
11;5;5300840.0;2021;9;7;4;3;5;2;0;1;1;0;0;0;0;0;0;1
11;5;5200629.0;2021;9;22;2;2;0;7;2;0;1;0;0;0;0;0;0;1
11;6;6300632.0;2021;9;16;3;3;2;6;0;0;1;0;0;0;0;0;0;1
11;11;11200513.0;2021;9;14;2;3;0;6;0;1;1;0;0;0;0;0;0;1
11;4;4501042.0;2021;8;14;3;2;3;6;0;1;1;0;0;0;0;0;0;1
11;9;9200613.0;2021;9;15;6;3;6;4;0;1;0;1;0;0;0;1;0;1
11;3;3601449.0;2021;9;16;4;3;6;3;0;1;0;1;0;0;0;0;0;1
11;12;12500928.0;2021;8;21;1;3;1;1;2;0;1;0;0;0;0;1;0;1
11;1;1100309.0;2021;8;16;6;3;0;1;0;0;1;0;1;0;0;0;0;1
11;3;3601449.0;2021;9;7;2;3;6;4;0;1;0;1;0;0;0;0;0;1
11;12;12100205.0;2021;9;8;7;3;0;1;0;0;0;0;1;0;0;1;0;1
11;4;4200311.0;2021;8;9;3;3;5;2;0;1;1;0;0;0;0;0;0;1
11;2;2300419.0;2021;9;13;7;3;2;6;0;0;1;0;0;0;0;0;0;1
11;12;12400721.0;2021;10;12;6;3;5;3;0;0;1;0;0;0;0;0;0;1
11;4;4200308.0;2021;9;17;3;3;5;2;0;1;0;0;1;0;0;0;0;1
11;7;7400928.0;2021;9;15;4;3;5;2;0;1;1;0;0;0;0;0;0;1
11;5;5200629.0;2021;9;11;3;3;0;2;0;0;1;0;0;0;1;1;0;1
11;12;12400617.0;2021;8;15;5;2;8;1;0;1;0;0;0;0;0;1;0;1
11;4;4400831.0;2021;8;19;3;3;5;2;1;1;1;0;0;0;0;0;0;1
11;7;7100205.0;2021;9;10;6;3;2;6;0;0;0;0;0;0;1;0;0;1
11;8;8100102.0;2021;9;21;5;3;5;3;2;0;1;0;0;0;1;1;0;1
11;3;3601449.0;2021;9;15;3;3;2;3;0;0;1;0;1;0;0;0;0;1
11;11;11200513.0;2021;9;2;1;2;0;1;2;0;0;0;0;0;1;0;0;1
11;12;12400722.0;2021;9;16;4;2;5;2;0;0;1;0;1;0;0;0;0;1
11;5;5200528.0;2021;9;12;1;3;2;6;0;0;1;0;0;0;0;0;0;1
11;3;3200204.0;2021;8;19;7;3;2;2;0;0;1;0;0;0;0;0;0;1
11;4;4400831.0;2021;9;12;5;3;5;3;0;0;1;0;0;0;0;0;0;1
11;1;1100310.0;2021;9;18;5;3;2;6;0;1;0;0;0;0;0;0;0;1
11;10;10100313.0;2021;9;7;4;3;5;3;0;0;1;0;0;0;0;0;0;1
11;1;1100415.0;2021;9;19;4;3;1;5;1;1;1;0;0;0;0;1;0;1
11;2;2200208.0;2021;8;6;6;3;5;2;0;1;1;0;0;0;0;1;0;1
11;8;8100417.0;2021;8;21;4;2;6;4;2;0;1;1;0;0;0;1;0;1
11;8;8100312.0;2021;9;15;7;3;6;4;0;0;1;1;0;0;0;0;0;1
11;4;4501042.0;2021;9;16;5;3;5;3;0;0;1;0;0;0;0;0;0;1
11;6;6400841.0;2021;9;14;3;3;2;6;0;1;1;0;0;0;0;0;0;1
11;7;7300517.0;2021;9;14;2;3;3;5;0;1;1;0;0;0;0;0;0;1
11;12;12200412.0;2021;9;8;4;2;6;4;0;0;1;1;0;0;0;0;0;1
11;1;1100311.0;2021;9;18;2;2;5;3;0;1;0;0;0;0;1;0;0;1
11;3;3601245.0;2021;9;16;2;3;5;3;0;1;1;0;0;0;0;0;0;1
11;9;9401329.0;2021;8;12;2;2;6;4;0;0;0;1;0;0;1;1;0;1
11;10;10200524.0;2021;9;7;6;3;5;3;0;0;1;0;0;0;1;0;0;1
11;4;4300622.0;2021;9;7;3;3;5;2;0;0;1;0;1;0;0;0;0;1
11;3;3200310.0;2021;9;11;6;3;6;7;0;0;1;1;0;0;0;0;0;1
11;1;1100309.0;2021;9;7;4;3;1;5;0;1;1;0;0;0;0;0;0;1
11;1;1100310.0;2021;9;11;1;3;5;2;0;1;1;0;0;0;0;0;0;1
11;3;3300516.0;2021;8;11;7;3;5;3;0;1;1;0;0;0;0;0;0;1
11;2;2100104.0;2021;9;14;5;3;5;3;0;0;1;0;0;0;0;0;0;1
11;10;10300732.0;2021;9;18;5;2;0;7;1;0;1;0;0;0;0;0;0;1
11;1;1100312.0;2021;9;10;4;3;2;6;0;0;1;0;0;0;1;0;0;1
11;7;7100102.0;2021;9;16;4;3;0;5;0;0;1;0;1;0;0;1;0;1
11;1;1100308.0;2021;8;6;6;2;0;1;0;0;1;0;1;0;0;1;0;1
11;11;11300721.0;2021;8;20;4;2;0;1;2;0;0;0;1;0;0;1;0;1
11;8;8100209.0;2021;9;19;6;3;5;3;0;0;1;0;0;0;0;0;0;1
11;6;6400839.0;2021;9;17;4;3;6;7;0;1;0;1;0;0;0;0;0;1
11;1;1200520.0;2021;9;10;3;3;5;2;0;1;1;0;0;0;0;0;0;1
11;4;4501040.0;2021;9;16;7;3;0;2;0;1;1;0;0;0;0;1;0;1
11;2;2100104.0;2021;9;20;4;3;0;4;2;0;0;1;1;0;0;0;0;1
11;11;11300620.0;2021;9;15;2;3;5;3;0;1;1;0;0;0;0;0;0;1
11;6;6100103.0;2021;9;9;2;3;6;2;0;0;1;1;0;0;0;0;0;1
11;3;3501038.0;2021;8;13;1;3;0;5;0;0;1;0;0;0;1;1;0;1
11;1;1100309.0;2021;9;1;6;3;5;3;2;1;1;0;0;0;0;0;0;1
11;11;11501341.0;2021;9;10;7;3;5;2;0;1;1;0;0;0;0;1;0;1
11;9;9200819.0;2021;9;12;5;3;3;6;0;0;1;0;0;0;0;0;0;1
11;6;6300633.0;2021;9;16;5;3;5;3;0;0;1;0;0;0;0;0;0;1
11;11;11501341.0;2021;8;21;7;3;3;6;2;0;1;0;0;0;0;1;0;1
11;1;1200519.0;2021;8;18;4;3;6;7;0;0;1;1;0;0;0;1;0;1
11;4;4300412.0;2021;9;15;7;3;2;6;0;0;1;0;0;0;0;0;0;1
11;10;10100311.0;2021;9;14;5;2;5;3;0;1;1;0;0;0;0;0;0;1
11;2;2200210.0;2021;9;23;4;3;0;7;2;0;1;0;0;0;0;0;0;1
11;2;2300316.0;2021;9;21;2;3;0;1;2;0;0;0;1;0;0;0;0;1
11;5;5200629.0;2021;9;15;3;3;0;1;0;0;0;0;1;0;1;0;0;1
11;11;11200515.0;2021;9;15;3;3;5;3;0;1;1;0;0;0;0;0;0;1
11;7;7100205.0;2021;8;16;3;2;6;4;0;1;0;1;0;0;0;0;0;1
11;2;2400521.0;2021;9;13;6;3;6;2;0;0;1;1;0;0;0;0;0;1
11;9;9100408.0;2021;9;17;4;3;0;2;0;1;1;0;0;0;0;0;0;1
11;1;1100206.0;2021;8;12;2;3;6;7;0;0;0;1;0;0;1;1;0;1
11;10;10400940.0;2021;8;16;5;2;5;2;0;0;1;0;0;0;1;0;0;1
11;5;5300735.0;2021;9;10;2;3;5;2;0;0;1;0;0;0;0;0;0;1
11;7;7100206.0;2021;9;16;7;3;1;5;1;1;1;0;0;0;0;1;0;1
11;9;9200715.0;2021;8;16;3;3;5;2;0;0;1;0;1;0;0;0;0;1
11;8;8100312.0;2021;9;14;1;3;2;6;0;0;1;0;1;0;0;0;0;1
11;7;7300619.0;2021;8;21;6;3;5;3;2;0;1;0;0;0;1;0;0;1
11;2;2100102.0;2021;9;9;5;3;1;5;0;1;1;0;0;0;0;0;0;1
11;4;4501042.0;2021;9;16;5;3;6;2;0;0;1;1;0;0;0;0;0;1
11;3;3400828.0;2021;9;15;4;3;5;3;0;1;1;0;0;0;0;1;0;1
11;1;1200519.0;2021;9;8;3;3;5;3;0;1;0;0;0;0;1;0;0;1
11;9;9300920.0;2021;8;6;5;3;5;3;0;0;1;0;0;0;0;1;0;1
11;9;9200510.0;2021;8;13;3;3;0;2;0;1;1;0;0;0;0;0;0;1
11;4;4300412.0;2021;9;14;6;3;5;2;0;1;0;0;0;0;1;0;0;1
11;6;6100206.0;2021;9;17;5;3;0;7;0;1;0;0;0;0;0;0;0;1
11;3;3701658.0;2021;9;11;2;3;6;7;0;1;0;1;0;0;0;0;0;1
11;1;1400938.0;2021;9;17;7;3;6;7;0;1;0;1;0;0;0;0;0;1
11;8;8100310.0;2021;8;12;3;2;5;2;0;1;1;0;0;0;0;0;0;1
11;10;10200524.0;2021;9;9;2;3;5;3;0;1;1;0;0;0;0;0;0;1
11;8;8200730.0;2021;9;15;1;3;2;6;0;0;1;0;1;0;0;0;0;1
11;9;9501939.0;2021;8;17;7;3;6;4;0;0;1;1;0;0;0;0;0;1
11;5;5100104.0;2021;9;8;6;3;5;3;0;0;0;0;0;1;1;0;0;1
11;8;8100206.0;2021;9;4;7;3;6;2;2;0;1;1;0;0;0;0;0;1
11;5;5100314.0;2021;9;20;4;3;3;6;2;0;1;0;0;0;0;1;0;1
11;5;5100210.0;2021;9;15;4;2;5;3;0;0;1;0;0;0;1;1;0;1
11;3;3400828.0;2021;8;13;6;3;5;3;0;0;1;0;0;0;0;1;0;1
11;1;1100101.0;2021;9;12;6;3;0;1;0;0;0;0;1;0;0;0;0;1
11;1;1400938.0;2021;8;23;4;3;2;6;2;0;1;0;0;0;0;1;0;1
11;1;1100103.0;2021;9;12;7;3;3;2;0;0;1;0;0;0;1;0;0;1
11;12;12200412.0;2021;9;14;6;2;5;7;0;0;1;0;1;0;0;0;0;1
11;6;6200317.0;2021;9;14;4;3;5;3;0;1;1;0;0;0;0;0;0;1
11;4;4501153.0;2021;9;8;3;3;5;3;0;1;0;0;0;0;0;0;0;1
11;7;7501029.0;2021;9;12;5;3;5;3;0;0;1;0;0;0;0;0;0;1
11;4;4501045.0;2021;9;10;3;3;1;5;0;1;1;0;0;0;0;0;0;1
11;2;2300316.0;2021;9;10;3;3;4;6;0;1;0;0;0;0;0;0;0;1
11;5;5200630.0;2021;8;19;2;3;5;3;1;0;1;0;1;0;0;0;0;1
11;5;5300735.0;2021;9;16;6;3;0;1;0;0;0;0;1;0;0;1;0;1
11;9;9200510.0;2021;9;19;1;3;1;5;1;1;1;0;0;0;0;0;0;1
11;7;7601238.0;2021;9;14;5;3;5;2;0;0;1;0;0;0;1;0;0;1
11;9;9501940.0;2021;9;17;5;2;6;4;0;0;1;1;0;0;0;0;0;1
11;12;12100101.0;2021;8;12;7;3;5;2;0;1;1;0;0;0;0;0;0;1
11;8;8301036.0;2021;9;5;1;3;1;5;1;0;1;0;0;0;0;0;0;1
11;12;12200412.0;2021;9;15;1;3;5;3;0;1;1;0;0;0;0;0;0;1
11;11;11200514.0;2021;8;6;3;3;6;7;0;0;1;1;0;0;0;1;0;1
11;5;5200629.0;2021;9;9;7;2;0;1;0;0;0;0;1;0;0;1;0;1
11;4;4400728.0;2021;9;15;3;3;0;1;0;0;1;0;1;0;0;0;0;1
11;1;1300731.0;2021;9;7;4;3;6;2;1;0;1;1;0;0;0;1;0;1
11;1;1100102.0;2021;9;8;4;3;3;6;0;0;1;0;1;0;0;0;0;1
11;7;7400927.0;2021;8;15;2;3;5;2;0;0;1;0;1;0;0;0;0;1
11;12;12601133.0;2021;9;18;6;3;5;3;0;0;1;0;0;0;0;0;0;1
11;12;12500825.0;2021;8;14;2;3;2;6;0;0;1;0;0;0;0;1;0;1
11;1;1100207.0;2021;8;3;6;2;0;1;2;1;0;0;0;0;0;1;0;1
11;2;2500833.0;2021;9;19;2;3;0;1;0;1;0;0;0;0;0;0;0;1
11;9;9200613.0;2021;9;8;7;2;5;3;0;1;1;0;0;0;0;1;0;1
11;2;2100105.0;2021;9;16;6;3;5;3;0;1;0;0;1;0;0;0;0;1
11;3;3200308.0;2021;9;21;4;3;2;6;2;0;1;0;0;0;0;1;0;1
11;9;9301228.0;2021;9;11;5;3;4;7;0;0;0;0;0;1;1;0;0;1
11;12;12100102.0;2021;8;11;7;3;5;3;0;0;1;0;0;0;0;0;0;1
11;12;12400722.0;2021;8;10;4;3;0;3;0;0;1;0;1;0;0;0;0;1
11;4;4100101.0;2021;9;8;2;3;5;2;0;0;1;0;0;0;0;0;0;1
11;7;7601340.0;2021;9;15;7;3;0;1;0;0;0;0;1;0;0;0;0;1
11;4;4300619.0;2021;9;16;3;2;6;7;0;0;1;1;0;0;0;0;0;1
11;9;9301228.0;2021;9;6;3;3;5;3;1;0;1;0;0;0;0;0;0;1
11;1;1300733.0;2021;9;10;3;3;1;5;1;0;1;0;1;0;0;1;0;1
11;9;9502043.0;2021;8;6;2;3;2;6;1;1;1;0;0;0;0;1;0;1
11;12;12200309.0;2021;9;9;6;3;6;4;0;0;1;1;0;0;0;0;0;1
11;3;3400724.0;2021;9;9;4;3;1;7;0;0;1;0;0;0;0;0;0;1
11;1;1100311.0;2021;8;8;2;3;0;6;0;0;1;0;1;0;0;1;0;1
11;7;7300517.0;2021;8;16;6;3;5;3;0;0;1;0;0;0;0;0;0;1
11;7;7601341.0;2021;9;18;2;3;2;6;0;1;1;0;0;0;0;0;0;1
11;1;1100101.0;2021;9;16;7;3;2;6;0;0;1;0;0;0;0;1;0;1
11;5;5200527.0;2021;9;12;4;3;3;6;0;0;1;0;0;0;0;0;0;1
11;3;3701660.0;2021;9;21;7;3;0;4;1;0;0;1;0;0;1;0;0;1
11;1;1100103.0;2021;8;8;6;3;0;1;0;0;0;0;1;0;0;1;0;1
11;9;9100409.0;2021;9;17;5;3;2;6;0;0;1;0;0;0;0;0;0;1
11;4;4300414.0;2021;9;11;6;3;1;5;0;1;1;0;0;0;1;0;0;1
11;12;12100204.0;2021;9;15;4;3;2;1;0;0;1;0;1;0;0;1;0;1
11;2;2500835.0;2021;9;21;3;3;0;1;2;0;0;0;1;0;0;0;0;1
11;12;12100204.0;2021;8;13;5;3;2;6;0;0;0;0;0;0;1;1;0;1
11;1;1100308.0;2021;8;9;3;3;2;6;0;1;1;0;0;0;0;0;0;1
11;5;5300839.0;2021;9;18;6;3;0;1;0;1;0;0;0;0;0;0;0;1
11;10;10300731.0;2021;9;7;5;3;5;2;0;1;1;0;0;0;0;0;0;1
11;3;3200310.0;2021;9;0;2;3;6;6;2;0;1;1;0;0;0;0;0;1
11;7;7300517.0;2021;9;17;2;2;5;3;0;1;1;0;0;0;0;0;0;1
11;3;3400831.0;2021;9;15;5;3;5;7;0;0;1;0;1;0;0;0;0;1
11;5;5100316.0;2021;9;20;2;3;6;2;2;0;1;1;0;0;0;0;0;1
11;6;6400735.0;2021;9;14;1;3;3;6;0;1;1;0;0;0;0;0;0;1
11;1;1200517.0;2021;8;15;7;3;2;6;0;0;1;0;1;0;0;0;0;1
11;9;9502043.0;2021;9;7;6;3;5;3;0;1;0;0;0;0;0;0;0;1
11;4;4300517.0;2021;9;12;7;3;5;3;0;0;1;0;0;0;0;0;0;1
11;6;6100103.0;2021;9;21;4;3;0;1;2;0;1;0;0;0;0;1;0;1
11;5;5100316.0;2021;9;14;6;2;5;3;0;1;1;0;0;0;0;0;0;1
11;5;5300840.0;2021;9;15;5;3;5;2;0;1;1;0;0;0;0;0;0;1
11;6;6400838.0;2021;8;10;6;3;0;1;0;0;0;0;1;0;0;1;0;1
11;10;10300734.0;2021;8;17;4;3;6;4;0;0;1;1;0;0;0;0;0;1
11;1;1100416.0;2021;9;7;1;2;1;5;0;0;1;0;1;0;0;0;0;1
11;5;5100316.0;2021;9;6;6;3;5;2;2;0;1;0;0;0;0;0;0;1
11;11;11200411.0;2021;9;11;4;3;0;4;0;0;0;1;1;0;0;0;0;1
11;1;1100205.0;2021;9;9;2;3;5;2;0;1;1;0;0;0;0;0;0;1
11;11;11400931.0;2021;8;9;2;3;3;6;0;0;1;0;0;0;1;0;0;1
11;12;12400720.0;2021;9;6;3;3;5;3;2;0;1;0;1;0;0;0;0;1
11;1;1100206.0;2021;9;13;2;3;6;4;0;0;1;1;0;0;0;0;0;1
11;7;7400823.0;2021;8;13;2;3;5;3;0;1;1;0;0;0;0;1;0;1
11;3;3500934.0;2021;9;12;6;3;5;3;0;1;1;0;0;0;0;0;0;1
11;4;4100101.0;2021;9;13;1;3;5;2;0;0;1;0;0;0;0;0;0;1
11;1;1300835.0;2021;9;6;5;3;5;2;0;1;1;0;0;0;0;1;0;1
11;9;9401433.0;2021;8;17;2;3;5;7;0;0;1;0;0;0;0;1;0;1
11;1;1100205.0;2021;10;19;6;3;5;2;2;1;1;0;0;0;0;0;0;1
11;4;4300620.0;2021;8;23;7;3;5;3;2;0;1;0;0;0;0;1;0;1
11;4;4300414.0;2021;9;14;2;3;6;7;0;0;1;1;0;0;0;0;0;1
11;11;11501238.0;2021;9;16;7;3;6;7;0;1;0;1;0;0;0;1;0;1
11;1;1100416.0;2021;9;17;5;3;0;1;0;1;0;0;0;0;0;0;0;1
11;2;2100101.0;2021;9;16;6;3;5;3;0;1;0;0;0;0;1;0;0;1
11;1;1100308.0;2021;10;11;6;3;0;2;0;0;1;0;1;0;0;0;0;1
11;9;9501737.0;2021;9;15;3;3;5;3;0;0;1;0;0;0;0;0;0;1
11;3;3500936.0;2021;9;12;3;2;6;4;0;0;1;1;0;0;0;0;0;1
11;12;12601236.0;2021;9;10;4;2;5;3;0;1;1;0;0;0;0;1;0;1
11;1;1100205.0;2021;8;7;3;3;0;5;0;1;0;0;0;0;0;0;0;1
11;1;1100206.0;2021;9;14;6;3;0;1;0;1;0;0;0;0;0;0;0;1
11;8;8100313.0;2021;9;18;3;3;5;3;0;1;1;0;0;0;0;0;0;1
11;7;7400826.0;2021;9;20;6;3;2;6;2;0;1;0;1;0;0;1;0;1
11;12;12400722.0;2021;9;14;4;3;6;4;0;0;1;1;0;0;0;0;0;1
11;6;6100206.0;2021;9;21;7;3;5;3;2;1;1;0;0;0;0;0;0;1
11;12;12500928.0;2021;8;13;1;3;1;5;0;0;1;0;0;0;0;0;0;1
11;8;8200726.0;2021;9;15;5;3;5;3;0;0;1;0;0;0;0;0;0;1
11;12;12100204.0;2021;9;14;6;3;2;3;0;0;1;0;0;0;0;0;0;1
11;6;6200312.0;2021;9;15;4;3;5;3;0;1;1;0;0;0;0;1;0;1
11;3;3200309.0;2021;9;7;4;3;5;3;0;1;1;0;0;0;0;1;0;1
11;1;1100205.0;2021;8;17;5;3;3;6;0;0;1;0;0;0;0;1;0;1
11;1;1200628.0;2021;8;12;3;3;5;2;0;1;1;0;0;0;0;0;0;1
11;4;4300619.0;2021;9;12;7;3;5;2;0;1;1;0;0;0;0;0;0;1
11;11;11200512.0;2021;9;16;5;3;2;6;0;1;1;0;0;0;0;0;0;1
11;10;10300731.0;2021;9;7;3;3;5;3;0;1;1;0;0;0;0;0;0;1
11;1;1100102.0;2021;9;17;7;3;2;6;0;0;1;0;0;0;0;0;0;1
11;5;5100104.0;2021;9;20;4;3;1;5;0;1;1;0;0;0;0;0;0;1
11;2;2100103.0;2021;9;15;2;3;3;6;0;1;1;0;0;0;0;0;0;1
11;1;1100308.0;2021;9;2;1;3;1;5;2;0;1;0;0;0;1;0;0;1
11;5;5200629.0;2021;8;1;1;3;2;6;2;0;1;0;0;0;0;0;0;1
11;1;1200522.0;2021;9;8;5;3;5;2;0;1;0;0;1;0;0;0;0;1
11;8;8200833.0;2021;9;9;6;3;5;2;0;0;1;0;1;0;0;0;0;1
11;7;7400824.0;2021;9;18;4;3;0;3;0;1;1;0;0;0;0;1;0;1
11;5;5100315.0;2021;9;13;4;3;0;5;0;0;1;0;0;0;0;0;0;1
11;1;1300733.0;2021;9;20;5;3;5;3;0;0;1;0;0;0;0;0;0;1
11;3;3300413.0;2021;9;12;1;2;5;3;0;0;1;1;0;0;0;0;0;1
11;3;3601142.0;2021;8;9;6;3;5;5;0;1;0;0;0;0;1;0;0;1
11;3;3500932.0;2021;9;18;5;3;5;2;0;1;1;0;0;0;0;0;0;1
11;12;12200412.0;2021;9;13;6;3;5;3;0;0;1;0;0;0;0;0;0;1
11;1;1300836.0;2021;9;7;4;3;5;3;0;1;0;0;0;0;1;0;0;1
11;1;1300836.0;2021;9;11;4;2;6;2;0;0;1;1;0;0;0;1;0;1
11;7;7501029.0;2021;8;11;5;3;0;3;0;1;0;0;0;0;1;1;0;1
11;6;6300526.0;2021;8;20;3;2;0;6;2;1;0;0;0;0;1;0;0;1
11;10;10100102.0;2021;9;19;7;3;5;2;1;0;1;0;1;0;0;0;0;1
11;12;12200412.0;2021;8;14;2;3;0;1;0;1;0;0;0;0;0;1;0;1
11;1;1401045.0;2021;9;16;4;2;0;2;0;0;1;0;0;0;1;0;0;1
11;6;6100204.0;2021;9;22;2;3;2;6;2;1;1;0;0;0;0;0;0;1
11;1;1200628.0;2021;9;4;1;2;8;1;0;0;1;0;0;0;0;0;0;1
11;8;8100419.0;2021;9;6;4;3;5;3;0;1;0;0;0;0;0;0;0;1
11;5;5100315.0;2021;9;9;2;3;5;3;0;0;1;0;1;0;0;0;0;1
11;1;1300836.0;2021;9;13;2;3;5;2;0;1;1;0;0;0;0;0;0;1
11;2;2300314.0;2021;8;22;7;3;2;6;2;0;1;0;0;0;0;0;0;1
11;5;5100317.0;2021;9;7;5;3;0;5;0;1;1;0;0;0;0;0;0;1
11;2;2300315.0;2021;9;21;6;3;5;3;2;1;0;0;1;0;0;0;0;1
11;12;12500824.0;2021;9;9;5;3;5;3;0;0;1;0;0;0;0;1;0;1
11;1;1100101.0;2021;9;14;6;2;0;1;0;1;0;0;0;0;0;0;0;1
11;8;8401244.0;2021;9;15;5;3;2;2;0;0;1;0;0;0;0;0;0;1
11;1;1100102.0;2021;8;15;6;3;2;6;0;0;1;0;0;0;1;0;0;1
11;4;4501043.0;2021;8;21;4;3;0;1;2;0;0;0;0;0;1;1;0;1
11;3;3200309.0;2021;9;12;1;3;1;5;0;1;1;0;0;0;0;0;0;1
11;4;4300623.0;2021;9;13;6;3;5;2;0;1;1;0;0;0;0;0;0;1
11;3;3200205.0;2021;9;16;6;3;5;3;0;0;1;0;0;0;0;0;0;1
11;7;7100103.0;2021;9;13;3;2;5;2;0;1;1;0;0;0;0;0;0;1
11;6;6100102.0;2021;9;18;3;3;3;6;0;1;1;0;0;0;0;0;0;1
11;12;12200412.0;2021;9;22;3;2;5;3;2;0;1;0;1;0;0;1;0;1
11;2;2500835.0;2021;9;16;3;3;6;4;0;0;1;1;0;0;0;0;0;1
11;10;10400835.0;2021;8;14;1;3;5;5;0;0;1;0;0;0;0;1;0;1
11;6;6200315.0;2021;9;17;6;3;2;6;0;0;1;0;0;0;0;1;0;1
11;1;1100102.0;2021;9;8;5;3;2;6;0;0;1;0;1;0;0;1;0;1
11;3;3400831.0;2021;8;7;2;3;2;6;0;0;1;0;1;0;0;1;0;1
11;6;6300526.0;2021;8;7;7;3;1;5;0;1;1;0;0;0;0;0;0;1
11;5;5100104.0;2021;9;10;2;3;2;6;0;0;1;0;0;0;1;0;0;1
11;2;2200210.0;2021;9;11;1;3;5;2;0;1;1;0;0;0;0;0;0;1
11;7;7100102.0;2021;8;16;3;3;5;3;0;1;0;0;0;0;0;0;0;1
11;12;12200515.0;2021;9;16;6;3;5;3;0;1;1;0;0;0;0;0;0;1
11;4;4200311.0;2021;10;18;6;3;2;2;2;0;1;0;0;0;0;0;0;1
11;3;3601450.0;2021;9;17;3;3;2;6;0;0;1;0;1;0;0;0;0;1
11;2;2400521.0;2021;9;16;3;3;5;3;0;1;1;0;0;0;0;0;0;1
11;4;4300624.0;2021;9;11;3;2;6;2;0;0;1;1;0;0;0;1;0;1
11;4;4300624.0;2021;8;11;5;3;2;6;0;1;1;0;0;0;0;1;0;1
11;4;4300621.0;2021;8;11;3;3;5;3;0;1;0;0;0;0;0;0;0;1
11;11;11300723.0;2021;9;7;6;3;6;4;0;0;0;1;1;0;0;0;0;1
11;12;12601235.0;2021;9;13;4;3;2;2;0;0;1;0;0;0;1;0;0;1
11;6;6300633.0;2021;9;16;2;3;1;5;0;1;1;0;0;0;0;0;0;1
11;5;5200632.0;2021;9;16;6;3;2;6;0;0;1;0;1;0;0;1;0;1
11;12;12100205.0;2021;8;17;3;2;2;6;1;0;1;0;0;0;0;0;0;1
11;3;3400619.0;2021;9;10;1;3;2;6;0;0;1;0;0;0;0;0;0;1
11;3;3400620.0;2021;8;22;7;3;5;2;2;1;1;0;0;0;0;0;0;1
11;11;11400929.0;2021;9;16;5;3;2;6;0;1;1;0;0;0;0;0;0;1
11;2;2200210.0;2021;9;13;6;3;5;2;0;1;1;0;0;0;0;0;0;1
11;3;3500934.0;2021;9;12;4;2;0;1;0;0;0;0;1;0;0;0;0;1
11;5;5100209.0;2021;9;11;4;3;5;2;0;0;1;0;0;0;0;1;0;1
11;12;12200412.0;2021;8;2;6;2;0;7;2;0;1;0;0;0;1;1;0;1
11;11;11400929.0;2021;9;12;6;3;2;6;0;0;1;0;0;0;0;0;0;1
11;8;8200832.0;2021;8;18;4;2;1;5;0;1;1;0;0;0;0;0;0;1
11;8;8200623.0;2021;9;21;7;3;0;1;2;0;1;0;0;0;0;0;0;1
11;12;12200412.0;2021;9;19;5;3;2;6;2;0;1;0;0;1;0;1;0;1
11;7;7200412.0;2021;9;17;3;3;1;7;0;1;0;0;0;0;0;0;0;1
11;8;8100105.0;2021;9;23;1;3;6;2;2;0;1;1;0;0;0;0;0;1
11;9;9200715.0;2021;9;7;4;3;5;2;0;0;1;0;0;0;1;0;0;1
11;3;3500934.0;2021;9;18;2;3;2;2;0;0;1;0;0;0;1;0;0;1
11;4;4400831.0;2021;9;20;1;3;1;5;2;0;1;0;0;0;0;0;0;1
11;9;9200715.0;2021;8;19;2;3;2;6;0;0;1;0;0;0;0;0;0;1
11;2;2500833.0;2021;9;21;5;3;5;2;2;1;1;0;0;0;0;0;0;1
11;2;2500835.0;2021;9;17;6;2;3;6;0;1;1;0;0;0;0;0;0;1
11;11;11300724.0;2021;9;18;4;3;5;3;0;0;1;0;0;0;1;0;0;1
11;7;7200308.0;2021;8;12;2;3;5;3;0;1;1;0;0;0;0;1;0;1
11;9;9200510.0;2021;9;12;5;3;2;6;0;0;1;0;0;0;0;0;0;1
11;3;3400721.0;2021;8;17;7;3;5;2;0;0;1;0;0;0;0;0;0;1
11;5;5300737.0;2021;8;16;4;2;5;7;0;0;1;0;0;0;0;0;0;1
11;7;7501029.0;2021;9;15;1;3;2;6;0;0;1;0;0;0;0;0;0;1
11;8;8200727.0;2021;9;14;5;3;5;7;0;0;1;0;1;0;0;0;0;1
11;2;2300316.0;2021;9;7;4;3;5;3;0;0;1;0;1;0;0;0;0;1
11;7;7400721.0;2021;9;15;2;3;0;3;0;0;1;0;0;0;1;0;0;1
11;12;12200310.0;2021;9;14;3;3;2;6;0;0;1;0;0;0;0;0;0;1
11;9;9501939.0;2021;9;7;2;3;2;6;0;0;1;0;0;0;0;0;0;1
11;6;6100208.0;2021;8;16;3;3;1;5;0;1;1;0;0;0;0;0;0;1
11;12;12100205.0;2021;9;15;6;2;1;5;0;0;1;0;0;0;1;1;0;1
11;8;8200833.0;2021;9;19;4;3;5;2;0;0;1;0;1;0;0;0;0;1
11;9;9401534.0;2021;8;20;2;2;4;1;1;0;1;0;0;0;0;1;0;1
11;6;6300633.0;2021;8;16;5;3;5;2;0;1;0;0;0;0;1;0;0;1
11;4;4300623.0;2021;9;15;2;3;5;2;0;1;1;0;0;0;0;0;0;1