LAND;BEZ;LOR_ab_2021;UJAHR;UMONAT;USTUNDE;UWOCHENTAG;UKATEGORIE;UART;UTYP1;ULICHTVERH;IstRad;IstPKW;IstFuss;IstKrad;IstGkfz;IstSonstige;USTRZUSTAND;LOCKDOWN;COVID
11;9;9401534.0;2021;9;15;6;3;6;2;0;0;1;1;0;0;0;1;0;1
11;1;1401046.0;2021;8;15;3;3;1;5;0;1;1;0;0;0;0;0;0;1
11;7;7400823.0;2021;9;16;7;3;5;3;0;0;1;0;0;0;0;0;0;1
11;12;12200308.0;2021;10;14;6;3;6;4;0;0;1;1;0;0;0;0;0;1
11;5;5200528.0;2021;9;19;5;2;5;2;2;0;1;0;1;0;0;0;0;1
11;1;1200519.0;2021;8;15;6;3;2;6;0;0;1;0;0;0;0;1;0;1
11;12;12200412.0;2021;8;19;4;3;2;6;2;0;1;0;0;0;0;1;0;1
11;5;5300841.0;2021;9;22;7;3;5;3;2;0;1;0;0;0;0;0;0;1
11;7;7100102.0;2021;9;13;6;3;5;3;0;1;1;0;0;0;0;0;0;1
11;6;6200316.0;2021;9;13;6;3;6;4;0;1;0;1;0;0;0;0;0;1
11;1;1100205.0;2021;9;18;4;3;5;3;0;0;1;0;0;0;1;0;0;1
11;12;12100205.0;2021;9;10;2;3;1;5;0;1;0;0;0;0;1;0;0;1
11;4;4501041.0;2021;9;8;3;3;5;2;0;1;1;0;0;0;0;0;0;1
11;8;8301037.0;2021;9;18;3;2;6;4;0;0;1;1;0;0;0;0;0;1
11;8;8200730.0;2021;8;9;3;3;5;2;0;0;1;0;0;0;1;0;0;1
11;11;11100204.0;2021;9;17;6;3;5;3;0;0;1;0;1;0;0;0;0;1
11;6;6200313.0;2021;9;8;4;3;5;2;0;1;1;0;0;0;0;0;0;1
11;1;1100311.0;2021;8;13;7;3;2;2;0;1;1;0;0;0;0;0;0;1
11;9;9200715.0;2021;9;4;2;3;5;3;2;0;1;0;0;0;0;0;0;1
11;5;5100209.0;2021;9;8;1;3;5;3;0;0;1;0;0;0;0;0;0;1
11;10;10200629.0;2021;8;20;3;3;2;1;2;0;0;0;1;0;1;0;0;1
11;1;1100206.0;2021;9;16;6;3;3;6;0;1;1;0;0;0;0;0;0;1
11;1;1300836.0;2021;10;2;6;3;5;3;2;0;1;0;0;0;0;0;0;1
11;1;1400938.0;2021;9;6;3;3;8;1;1;0;1;0;0;0;0;1;0;1
11;1;1200623.0;2021;9;13;4;3;6;7;0;1;0;1;0;0;0;0;0;1
11;6;6300629.0;2021;9;23;3;3;0;7;2;0;1;0;0;0;0;0;0;1
11;7;7300517.0;2021;8;10;5;3;5;3;0;1;0;0;0;0;0;0;0;1
11;2;2400522.0;2021;8;15;3;3;4;3;0;1;1;0;0;0;0;0;0;1
11;6;6300632.0;2021;9;15;6;3;5;3;0;0;1;0;0;0;0;0;0;1
11;4;4500938.0;2021;9;14;3;3;1;5;0;1;1;0;0;0;0;0;0;1
11;7;7501031.0;2021;9;16;3;3;2;6;0;0;1;0;0;0;0;0;0;1
11;10;10100206.0;2021;9;11;7;3;0;1;0;1;0;0;0;0;0;0;0;1
11;5;5300736.0;2021;9;15;4;3;5;2;0;1;1;0;0;0;0;0;0;1
11;7;7200307.0;2021;9;12;1;3;1;5;0;0;1;0;0;0;1;0;0;1
11;8;8100419.0;2021;8;20;7;3;1;6;2;1;1;0;0;0;0;0;0;1
11;10;10400940.0;2021;9;15;4;3;6;6;0;1;0;1;0;0;0;0;0;1
11;7;7400927.0;2021;9;5;6;2;5;2;2;0;1;0;1;0;0;1;0;1
11;9;9100409.0;2021;9;10;4;3;5;3;0;0;1;0;0;0;0;0;0;1
11;1;1400938.0;2021;9;11;4;3;2;6;0;0;1;0;0;0;1;1;0;1
11;1;1401045.0;2021;8;17;5;3;6;2;0;0;1;1;0;0;0;0;0;1
11;2;2400623.0;2021;9;13;6;3;0;2;0;0;1;0;1;0;0;0;0;1
11;9;9200512.0;2021;8;19;4;3;1;5;0;0;1;0;0;0;0;0;0;1
11;10;10300734.0;2021;9;8;6;3;1;1;0;0;1;0;0;0;0;0;0;1
11;1;1100311.0;2021;9;15;5;3;6;4;0;0;1;1;0;0;0;0;0;1
11;6;6300524.0;2021;9;19;3;3;0;3;1;0;0;0;1;0;0;0;0;1
11;2;2200213.0;2021;9;7;2;3;5;3;0;1;1;0;0;0;0;0;0;1
11;1;1100415.0;2021;9;21;4;3;0;7;2;1;0;0;0;0;0;0;0;1
11;5;5300841.0;2021;9;21;1;3;2;6;2;0;1;0;0;0;0;0;0;1
11;5;5100317.0;2021;9;6;2;3;2;6;1;0;1;0;0;0;0;0;0;1
11;2;2300316.0;2021;8;8;2;3;5;3;0;0;1;0;0;0;0;1;0;1
11;1;1100308.0;2021;9;20;5;3;5;2;2;1;1;0;0;0;0;0;0;1
11;10;10400837.0;2021;9;20;6;3;5;3;1;0;1;0;1;0;0;0;0;1
11;8;8100417.0;2021;9;9;5;3;7;7;0;0;0;0;0;0;1;0;0;1
11;5;5200528.0;2021;9;16;5;3;2;6;1;0;1;0;0;0;1;0;0;1
11;12;12601032.0;2021;8;11;6;3;5;3;0;1;1;0;0;0;0;0;0;1
11;2;2300419.0;2021;8;16;4;3;5;3;0;1;0;0;0;0;1;0;0;1
11;3;3601243.0;2021;9;23;7;3;5;3;2;0;1;0;0;0;0;0;0;1
11;6;6200420.0;2021;9;22;6;3;1;1;2;0;1;0;1;0;0;0;0;1
11;3;3400828.0;2021;9;18;4;3;5;3;0;0;1;0;1;0;0;0;0;1
11;11;11300620.0;2021;9;17;3;3;6;4;0;1;0;1;0;0;0;0;0;1
11;1;1100207.0;2021;9;18;3;3;0;3;1;0;1;0;1;0;0;0;0;1
11;11;11400927.0;2021;9;17;3;3;0;1;0;1;0;0;0;0;0;0;0;1
11;8;8200727.0;2021;8;14;3;3;1;5;0;1;1;0;0;0;0;0;0;1
11;7;7200308.0;2021;9;13;6;3;3;6;0;1;1;0;0;0;0;0;0;1
11;9;9401635.0;2021;9;16;4;3;5;3;0;1;1;0;0;0;0;0;0;1
11;7;7100206.0;2021;8;15;2;3;5;2;0;1;1;0;0;0;0;1;0;1
11;7;7100205.0;2021;8;9;6;3;5;2;0;1;1;0;0;0;0;0;0;1
11;6;6300528.0;2021;9;12;2;3;1;5;0;0;1;0;0;0;1;0;0;1
11;1;1100313.0;2021;9;20;6;2;0;1;1;0;0;0;0;0;1;0;0;1
11;4;4501153.0;2021;8;10;3;3;5;2;0;1;1;0;0;0;0;0;0;1
11;11;11501340.0;2021;9;12;7;3;5;3;0;0;1;0;1;0;0;1;0;1
11;3;3601142.0;2021;8;11;6;3;5;2;0;1;1;0;0;0;0;0;0;1
11;3;3300411.0;2021;9;18;5;3;5;3;0;1;1;0;0;0;0;0;0;1
11;4;4100101.0;2021;9;12;6;3;5;2;0;0;1;0;0;0;0;0;0;1
11;4;4501149.0;2021;9;10;4;3;5;3;0;1;1;0;0;1;0;0;0;1
11;2;2500831.0;2021;9;11;3;2;0;1;0;0;1;0;1;0;0;1;0;1
11;3;3601450.0;2021;8;10;5;3;2;1;0;0;1;0;0;0;0;1;0;1
11;11;11200512.0;2021;8;19;3;2;0;1;0;1;0;0;0;0;0;0;0;1
11;6;6400842.0;2021;9;7;6;3;5;2;0;0;1;0;0;0;0;0;0;1
11;5;5200630.0;2021;9;12;5;3;2;6;0;0;1;0;0;0;0;0;0;1
11;4;4300622.0;2021;9;18;3;3;2;6;0;0;1;0;0;0;0;0;0;1
11;1;1100101.0;2021;9;21;7;3;2;6;2;0;1;0;0;0;0;0;0;1
11;3;3300516.0;2021;8;16;3;3;5;3;0;0;1;0;0;0;1;0;0;1
11;12;12200412.0;2021;9;15;2;2;2;6;0;0;1;0;0;0;1;0;0;1
11;8;8100206.0;2021;9;15;1;3;6;4;0;0;0;1;1;0;0;0;0;1
11;1;1300834.0;2021;8;9;7;2;3;6;0;0;1;0;0;0;1;0;0;1
11;1;1100102.0;2021;9;9;6;3;2;2;0;0;1;0;0;0;0;0;0;1
11;8;8100415.0;2021;9;18;6;3;5;7;1;0;1;0;0;0;0;0;0;1
11;4;4300414.0;2021;9;10;5;3;2;2;0;0;1;0;1;0;0;0;0;1
11;4;4100101.0;2021;9;13;4;3;5;7;0;0;1;0;0;1;0;1;0;1
11;10;10200524.0;2021;8;13;6;3;2;6;0;0;1;0;0;0;0;1;0;1
11;9;9200819.0;2021;8;20;4;3;0;1;1;1;0;0;0;0;0;1;0;1
11;1;1100101.0;2021;9;19;7;3;5;3;0;0;1;0;0;0;0;0;0;1
11;6;6400843.0;2021;9;13;3;3;6;4;0;0;0;1;1;0;0;0;0;1
11;5;5100316.0;2021;9;7;4;3;5;3;0;1;0;0;0;0;1;0;0;1
11;8;8200624.0;2021;9;13;3;3;0;3;0;0;1;0;1;0;0;0;0;1
11;2;2500835.0;2021;8;12;5;3;1;5;0;1;1;0;0;0;0;1;0;1
11;11;11100204.0;2021;8;15;3;3;5;2;0;0;1;0;0;0;0;0;0;1
11;4;4501041.0;2021;9;19;6;3;0;1;1;0;0;0;1;0;0;0;0;1
11;2;2500726.0;2021;9;16;4;3;6;4;0;0;1;1;0;0;0;0;0;1
11;4;4300414.0;2021;9;15;3;3;5;3;0;0;1;0;0;0;1;0;0;1
11;2;2400623.0;2021;9;18;2;2;1;5;0;1;1;0;0;0;0;0;0;1
11;2;2200210.0;2021;9;16;4;3;5;7;0;0;1;0;0;0;0;0;0;1
11;4;4400729.0;2021;9;13;1;3;3;6;0;1;1;0;0;0;0;0;0;1
11;4;4300518.0;2021;8;13;7;3;5;2;0;1;1;0;0;0;0;0;0;1
11;3;3300516.0;2021;9;10;5;3;4;6;0;0;1;0;0;0;0;0;0;1
11;9;9200818.0;2021;9;18;5;3;1;7;0;0;1;0;0;0;0;0;0;1
11;3;3200308.0;2021;9;20;3;2;5;2;2;0;1;0;0;0;0;0;0;1
11;6;6300528.0;2021;9;19;4;3;2;6;1;0;1;0;1;0;0;0;0;1
11;2;2300316.0;2021;8;8;6;3;5;2;0;1;1;0;0;0;0;1;0;1
11;4;4501043.0;2021;8;21;4;3;0;2;2;0;1;0;1;0;0;1;0;1
11;8;8100419.0;2021;9;7;6;3;0;3;0;1;1;0;0;0;0;0;0;1
11;3;3500936.0;2021;8;15;3;3;5;3;0;0;1;0;0;0;1;0;0;1
11;7;7200307.0;2021;9;15;5;3;5;7;0;0;1;0;0;0;1;0;0;1
11;1;1100309.0;2021;9;7;6;3;5;3;0;1;1;0;0;0;0;0;0;1
11;6;6200312.0;2021;9;14;3;3;2;6;0;0;1;0;0;0;1;0;0;1
11;10;10200418.0;2021;9;8;3;2;6;4;0;0;1;1;0;0;0;0;0;1
11;10;10100210.0;2021;9;17;4;3;5;3;0;0;1;0;1;1;0;0;0;1
11;8;8100102.0;2021;9;2;2;2;2;6;2;0;1;0;1;0;0;0;0;1
11;5;5100316.0;2021;9;18;1;3;0;2;0;0;1;0;1;0;0;0;0;1
11;4;4300415.0;2021;8;17;1;3;5;2;0;1;1;0;0;0;0;0;0;1
11;4;4500939.0;2021;9;8;5;3;5;3;0;0;1;0;1;0;0;0;0;1
11;2;2200212.0;2021;9;10;7;3;5;2;0;1;1;0;0;0;0;0;0;1
11;1;1100308.0;2021;9;13;4;3;5;3;0;1;1;0;0;0;0;0;0;1
11;9;9200510.0;2021;9;14;5;3;5;2;0;1;1;0;0;0;0;0;0;1
11;2;2100102.0;2021;8;13;7;3;5;3;0;0;1;0;0;0;1;0;0;1
11;9;9502043.0;2021;8;10;4;3;0;7;0;0;1;1;0;0;0;0;0;1
11;1;1300834.0;2021;9;8;2;3;1;2;0;0;1;0;1;0;0;0;0;1
11;1;1200520.0;2021;9;16;7;3;5;2;0;1;0;0;0;0;1;0;0;1
11;2;2200210.0;2021;9;16;7;3;5;3;0;0;1;0;0;0;0;0;0;1
11;1;1200624.0;2021;9;13;3;3;2;6;0;0;1;0;1;0;0;0;0;1
11;6;6200313.0;2021;9;9;4;2;5;3;0;1;1;0;0;0;0;0;0;1
11;8;8401241.0;2021;9;7;4;3;0;7;0;0;1;0;0;0;0;0;0;1
11;6;6100210.0;2021;8;11;2;3;5;2;0;1;1;0;0;0;0;1;0;1
11;7;7601341.0;2021;9;23;6;2;5;3;2;0;1;0;1;0;0;0;0;1
11;2;2200212.0;2021;9;15;4;3;2;2;0;0;1;0;0;0;0;0;0;1
11;5;5300737.0;2021;8;11;2;2;5;2;0;0;1;0;0;1;0;0;0;1
11;2;2500835.0;2021;8;6;6;3;5;2;0;1;0;0;1;0;0;1;0;1
11;7;7501134.0;2021;9;18;2;3;2;6;0;0;1;0;0;0;0;0;0;1
11;9;9200715.0;2021;9;21;6;3;6;7;2;0;1;1;0;0;0;0;0;1
11;7;7300516.0;2021;8;15;3;3;6;4;0;1;0;1;0;0;0;0;0;1
11;4;4100101.0;2021;9;17;7;2;6;4;0;0;1;1;0;0;0;0;0;1
11;4;4200308.0;2021;8;19;6;3;5;2;0;0;1;0;0;0;0;0;0;1
11;2;2500836.0;2021;9;14;5;3;5;2;0;1;1;0;0;0;0;0;0;1
11;8;8100417.0;2021;9;16;5;3;2;6;0;0;1;0;0;0;0;0;0;1
11;1;1200628.0;2021;9;15;4;3;2;6;0;0;1;0;1;0;0;1;0;1
11;6;6300631.0;2021;9;13;4;2;2;6;0;0;1;0;1;0;0;1;0;1
11;2;2500830.0;2021;8;11;5;3;0;1;0;0;0;0;1;0;0;1;0;1
11;1;1100102.0;2021;8;15;3;3;2;6;0;0;1;0;0;0;1;0;0;1
11;3;3501038.0;2021;9;11;6;3;5;2;0;0;1;0;1;0;0;0;0;1
11;11;11200513.0;2021;9;12;5;3;5;7;0;0;1;0;0;0;0;0;0;1
11;3;3500936.0;2021;9;9;3;3;4;5;0;1;0;0;0;1;0;0;0;1
11;1;1401045.0;2021;9;14;2;3;5;2;0;1;0;0;0;0;1;0;0;1
11;7;7601236.0;2021;9;14;5;3;5;3;0;1;1;0;0;0;0;0;0;1
11;11;11300721.0;2021;9;10;2;2;0;2;0;0;1;0;1;0;0;0;0;1
11;1;1100101.0;2021;9;18;1;3;1;5;0;0;1;0;0;0;1;0;0;1
11;11;11501340.0;2021;8;22;7;3;2;6;2;1;1;0;0;0;0;0;0;1
11;1;1200628.0;2021;9;9;5;3;2;6;0;0;1;0;1;0;0;0;0;1
11;1;1200628.0;2021;9;9;6;3;5;3;0;1;1;0;0;0;0;0;0;1
11;7;7400826.0;2021;9;9;5;3;5;3;0;0;1;0;1;0;0;0;0;1
11;8;8200726.0;2021;9;14;5;3;5;3;0;1;1;0;0;0;0;0;0;1
11;3;3701660.0;2021;8;9;6;3;6;4;0;0;1;1;0;0;0;1;0;1
11;2;2300316.0;2021;8;7;3;2;0;5;0;1;1;0;0;0;0;0;0;1
11;2;2500834.0;2021;9;18;1;3;6;7;0;1;0;1;0;0;0;0;0;1
11;3;3400723.0;2021;9;13;6;3;5;3;0;0;1;0;0;0;1;0;0;1
11;12;12400723.0;2021;9;10;4;3;9;1;0;0;1;0;0;0;0;0;0;1
11;6;6400841.0;2021;9;18;3;3;5;3;0;1;1;0;0;0;0;0;0;1
11;4;4300622.0;2021;8;20;1;2;5;3;2;0;1;0;0;0;1;1;0;1
11;12;12200414.0;2021;9;20;3;3;0;7;1;0;1;0;0;0;0;0;0;1
11;3;3601244.0;2021;9;15;3;3;6;4;0;0;1;1;0;0;0;0;0;1
11;12;12100204.0;2021;8;14;2;3;6;4;0;0;1;1;0;0;0;0;0;1
11;2;2300314.0;2021;9;18;6;3;1;5;0;1;1;0;0;0;0;1;0;1
11;7;7300516.0;2021;9;16;1;3;1;5;0;1;1;0;0;0;0;0;0;1
11;5;5100210.0;2021;9;5;5;3;2;6;1;0;1;0;1;0;0;1;0;1
11;4;4501042.0;2021;8;19;2;3;5;2;0;0;1;0;1;0;0;1;0;1
11;2;2300316.0;2021;9;6;5;3;6;4;0;0;1;1;0;0;0;0;0;1
11;9;9301228.0;2021;8;1;7;3;9;1;2;0;1;0;0;0;0;1;0;1
11;4;4400726.0;2021;9;8;2;3;2;6;0;0;0;0;1;0;1;0;0;1
11;4;4300416.0;2021;9;13;1;3;1;5;0;0;1;0;1;0;0;0;0;1
11;6;6400841.0;2021;8;11;3;3;1;1;0;1;1;0;0;0;0;0;0;1
11;3;3400721.0;2021;9;20;6;3;0;2;2;1;1;0;0;0;0;0;0;1
11;8;8100419.0;2021;10;18;6;3;5;3;0;1;0;0;0;0;1;0;0;1
11;9;9100407.0;2021;9;15;3;2;5;2;0;1;1;0;0;0;0;0;0;1
11;12;12500825.0;2021;9;16;5;3;6;7;0;0;1;1;0;0;0;0;0;1
11;2;2100105.0;2021;9;18;3;3;5;3;0;0;0;0;1;0;1;0;0;1
11;7;7400720.0;2021;9;15;2;3;0;4;0;0;0;1;1;0;0;0;0;1
11;6;6200422.0;2021;9;13;5;3;2;6;0;0;1;0;0;0;0;0;0;1
11;7;7400823.0;2021;9;18;3;3;5;2;1;0;1;0;1;0;0;0;0;1
11;8;8100314.0;2021;9;17;3;3;6;4;0;0;0;1;0;0;1;0;0;1
11;11;11300721.0;2021;8;7;2;2;0;1;0;0;0;0;0;0;1;1;0;1
11;1;1100102.0;2021;9;11;6;3;5;2;0;0;1;0;1;0;0;0;0;1
11;7;7601544.0;2021;9;17;7;3;1;5;2;1;1;0;0;0;0;1;0;1
11;7;7400927.0;2021;9;14;5;3;3;6;0;0;1;0;1;1;0;0;0;1
11;6;6300524.0;2021;9;14;4;3;5;3;0;1;1;0;0;0;0;1;0;1
11;11;11300616.0;2021;8;14;7;3;2;6;0;0;1;0;0;0;0;0;0;1
11;2;2300419.0;2021;9;22;7;3;5;7;2;1;1;0;0;0;0;0;0;1
11;5;5100209.0;2021;9;18;1;2;5;3;0;0;1;0;0;0;0;0;0;1
11;2;2300417.0;2021;8;10;3;3;1;5;0;0;1;0;0;1;0;0;0;1
11;5;5100208.0;2021;9;16;5;3;0;2;0;0;0;0;1;0;1;0;0;1
11;3;3300516.0;2021;9;16;6;3;2;6;0;0;1;0;1;0;0;0;0;1
11;2;2200212.0;2021;10;21;6;3;0;1;2;1;0;0;0;0;0;0;0;1
11;2;2200210.0;2021;9;18;3;3;2;6;1;1;1;0;0;1;0;0;0;1
11;4;4300623.0;2021;9;20;4;3;0;1;1;0;0;0;0;0;1;0;0;1
11;3;3701556.0;2021;9;12;3;3;0;1;0;1;0;0;0;0;0;1;0;1
11;10;10100311.0;2021;8;15;2;2;5;2;0;0;1;0;0;0;1;0;0;1
11;7;7100204.0;2021;9;8;6;3;1;5;0;1;1;0;0;0;0;0;0;1
11;3;3100103.0;2021;8;14;2;3;5;3;0;0;1;0;0;0;0;1;0;1
11;10;10400941.0;2021;9;13;2;3;5;3;0;1;1;0;0;0;0;0;0;1
11;1;1200522.0;2021;9;20;7;3;5;3;2;1;1;0;0;0;0;1;0;1
11;8;8100310.0;2021;8;15;3;3;3;6;0;1;1;0;0;0;0;0;0;1
11;2;2300418.0;2021;9;15;5;3;6;7;0;0;0;1;0;0;1;0;0;1
11;4;4400726.0;2021;9;21;7;3;2;6;2;0;1;0;0;0;0;0;0;1
11;8;8100419.0;2021;8;11;6;3;1;5;0;1;1;0;0;0;0;0;0;1
11;1;1300836.0;2021;9;18;5;3;5;3;0;1;0;0;0;0;0;0;0;1
11;9;9300920.0;2021;9;11;6;3;5;3;0;0;1;0;0;0;0;0;0;1
11;7;7100102.0;2021;9;11;4;3;0;3;0;0;1;0;1;0;0;0;0;1
11;5;5100210.0;2021;9;19;4;3;6;4;1;1;0;1;0;0;0;1;0;1
11;4;4501153.0;2021;8;16;5;3;5;2;0;0;1;0;0;0;0;0;0;1
11;1;1200626.0;2021;8;12;3;3;5;3;0;1;1;0;0;0;0;0;0;1
11;5;5300737.0;2021;9;15;7;3;0;6;0;0;1;0;0;0;1;0;0;1
11;1;1400938.0;2021;9;18;4;2;1;5;0;0;1;0;0;0;0;0;0;1
11;1;1200521.0;2021;9;11;3;3;0;1;0;0;0;0;0;0;1;0;0;1
11;1;1100309.0;2021;9;9;7;3;1;5;0;1;1;0;0;0;0;1;0;1
11;9;9200510.0;2021;9;20;4;2;4;6;2;0;1;0;0;0;0;0;0;1
11;11;11401137.0;2021;9;13;2;3;2;2;0;1;1;0;0;0;0;0;0;1
11;1;1100312.0;2021;9;9;5;3;5;2;0;1;1;0;0;0;0;0;0;1
11;10;10100312.0;2021;9;10;2;3;9;1;0;0;1;0;0;0;0;0;0;1
11;10;10100312.0;2021;8;19;2;2;5;2;0;0;1;0;0;0;0;0;0;1
11;7;7501134.0;2021;9;7;5;3;1;5;0;1;1;0;0;0;0;0;0;1
11;11;11300725.0;2021;9;18;6;3;1;5;1;0;1;0;0;0;1;0;0;1
11;1;1300733.0;2021;9;13;5;2;1;5;0;1;1;0;0;0;0;0;0;1
11;2;2400625.0;2021;9;18;5;2;5;3;0;0;0;0;1;0;0;0;0;1
11;7;7100101.0;2021;8;18;6;3;2;6;1;0;1;0;0;0;0;1;0;1
11;1;1100311.0;2021;8;13;4;3;5;3;0;0;0;0;0;0;1;0;0;1
11;6;6300631.0;2021;9;4;1;3;0;7;2;0;1;0;0;0;0;0;0;1
11;8;8100209.0;2021;9;16;5;3;5;2;0;0;1;0;1;0;0;0;0;1
11;3;3500936.0;2021;9;9;4;3;0;7;0;1;0;0;0;0;0;0;0;1
11;3;3100103.0;2021;9;18;2;2;5;3;0;0;1;0;0;0;0;0;0;1
11;12;12200309.0;2021;8;7;1;3;5;3;0;0;1;0;0;0;1;1;0;1
11;5;5100316.0;2021;9;13;3;3;2;6;0;0;1;0;0;0;0;0;0;1
11;2;2400624.0;2021;9;18;3;3;0;1;0;0;0;0;1;0;0;0;0;1
11;8;8100209.0;2021;8;16;3;3;2;3;0;1;1;0;0;0;0;0;0;1
11;7;7601546.0;2021;9;14;6;2;0;1;0;0;1;0;0;0;0;0;0;1
11;4;4300622.0;2021;9;8;5;3;5;2;0;1;1;0;0;0;0;0;0;1
11;7;7501029.0;2021;8;7;2;3;5;3;0;0;1;0;0;0;0;1;0;1
11;5;5100315.0;2021;8;16;1;3;6;4;0;0;0;1;0;0;1;1;0;1
11;2;2100102.0;2021;9;14;2;2;1;5;0;1;0;0;0;0;1;0;0;1
11;7;7300516.0;2021;9;12;1;3;1;5;0;1;1;0;0;0;0;0;0;1
11;3;3100103.0;2021;8;7;3;2;5;3;0;1;1;0;0;0;0;1;0;1
11;4;4300620.0;2021;9;22;6;2;6;4;2;0;0;1;1;0;0;0;0;1
11;11;11300724.0;2021;10;14;6;3;0;3;0;0;1;0;0;0;1;0;0;1
11;1;1300835.0;2021;9;16;3;3;5;2;0;1;1;0;0;0;0;0;0;1
11;1;1100416.0;2021;9;13;3;3;0;5;0;0;1;0;1;0;0;0;0;1
11;4;4501042.0;2021;9;12;3;3;0;5;0;0;1;0;1;0;0;1;0;1
11;11;11401137.0;2021;8;16;5;3;5;3;0;1;1;0;0;0;0;0;0;1
11;5;5100314.0;2021;8;17;3;3;1;5;0;1;1;0;0;0;0;0;0;1
11;12;12100205.0;2021;9;17;6;3;2;6;0;0;1;0;1;0;0;0;0;1
11;8;8200832.0;2021;9;15;4;3;2;6;0;0;1;0;0;0;0;0;0;1
11;5;5100208.0;2021;9;5;3;3;5;3;1;1;1;0;0;0;0;0;0;1
11;2;2100104.0;2021;9;21;6;3;2;6;2;0;1;0;0;0;0;0;0;1
11;1;1401043.0;2021;9;14;4;3;5;2;0;0;1;0;1;0;0;0;0;1
11;7;7400823.0;2021;9;16;5;2;2;6;0;0;1;0;1;0;0;0;0;1
11;6;6400844.0;2021;9;11;7;3;5;7;0;0;1;0;1;0;0;0;0;1
11;1;1100312.0;2021;8;21;7;3;5;2;2;1;1;0;0;0;0;0;0;1
11;3;3300413.0;2021;9;15;5;3;2;6;0;0;1;0;0;0;0;0;0;1
11;2;2300419.0;2021;9;17;5;3;4;6;0;1;0;0;0;0;0;0;0;1
11;1;1100308.0;2021;9;8;4;3;3;2;0;1;1;0;0;0;0;1;0;1
11;9;9401329.0;2021;9;12;4;3;5;3;0;1;1;0;0;0;0;1;0;1
11;2;2400521.0;2021;8;6;6;2;0;1;0;1;0;0;0;0;0;1;0;1
11;2;2300314.0;2021;8;17;4;3;5;3;0;0;1;0;1;0;0;0;0;1
11;1;1100311.0;2021;9;18;6;3;5;7;0;0;1;0;0;0;1;0;0;1
11;3;3500933.0;2021;9;17;4;3;2;6;0;0;1;0;0;0;0;0;0;1
11;7;7400825.0;2021;9;13;4;3;0;5;0;0;1;0;0;0;1;0;0;1
11;3;3500934.0;2021;9;22;3;3;6;7;2;0;0;1;0;0;1;0;0;1
11;1;1100309.0;2021;8;17;2;3;6;4;0;1;0;1;0;0;0;0;0;1
11;11;11300617.0;2021;9;15;6;3;3;6;0;0;1;0;0;0;0;0;0;1
11;1;1400937.0;2021;9;15;3;3;5;2;0;0;1;0;0;0;0;0;0;1
11;10;10100314.0;2021;9;14;7;3;5;3;0;1;0;0;0;0;0;0;0;1
11;9;9100101.0;2021;9;9;4;3;0;1;0;1;0;0;0;0;0;0;0;1
11;2;2100105.0;2021;9;18;5;3;6;7;0;0;1;1;0;0;0;0;0;1
11;9;9200511.0;2021;9;10;1;3;5;3;0;0;1;0;0;0;0;0;0;1
11;6;6200423.0;2021;8;13;1;3;5;3;0;0;1;0;0;0;0;1;0;1
11;4;4300414.0;2021;9;16;5;3;1;5;0;1;1;0;0;0;0;0;0;1
11;1;1300732.0;2021;9;7;5;3;0;2;0;1;0;0;0;0;1;0;0;1
11;6;6400843.0;2021;9;11;3;3;5;2;0;0;1;0;0;0;0;0;0;1
11;5;5200630.0;2021;9;15;4;3;5;3;0;0;1;0;0;0;1;0;0;1
11;12;12500929.0;2021;8;20;5;2;6;4;2;0;1;1;0;0;0;1;0;1
11;4;4200207.0;2021;8;12;3;3;1;5;0;1;1;0;0;0;0;0;0;1
11;1;1100308.0;2021;9;21;6;3;6;2;2;0;1;1;0;0;0;0;0;1
11;2;2300419.0;2021;9;17;5;2;0;7;0;1;0;0;0;0;0;0;0;1
11;3;3500936.0;2021;9;13;4;3;1;5;0;1;1;0;0;0;0;0;0;1
11;7;7601544.0;2021;9;12;1;3;2;2;0;0;1;0;0;0;0;0;0;1
11;10;10200421.0;2021;9;17;4;3;5;3;0;1;1;0;0;0;0;0;0;1
11;6;6100207.0;2021;9;17;2;3;0;1;0;0;0;0;0;0;1;0;0;1
11;2;2100102.0;2021;9;4;1;3;5;3;2;1;1;0;0;0;0;0;0;1
11;10;10200418.0;2021;8;14;1;3;5;2;0;0;1;0;0;0;0;1;0;1
11;8;8100310.0;2021;9;16;5;3;2;6;0;1;0;0;0;0;1;0;0;1
11;3;3500932.0;2021;9;7;6;3;0;6;0;0;0;0;1;0;1;1;0;1
11;9;9200511.0;2021;9;17;4;3;5;3;0;0;1;0;0;0;0;1;0;1
11;9;9100304.0;2021;9;9;5;3;2;2;0;0;1;0;0;0;0;0;0;1
11;3;3500936.0;2021;8;14;6;3;1;5;0;1;1;0;0;0;0;1;0;1
11;3;3200207.0;2021;8;19;4;3;2;6;0;0;1;0;0;0;0;0;0;1
11;1;1100415.0;2021;9;14;7;3;5;2;0;1;1;0;0;0;0;0;0;1
11;4;4400833.0;2021;9;8;5;3;5;3;0;0;1;0;1;0;0;0;0;1
11;8;8100415.0;2021;9;17;6;3;1;5;0;0;1;0;0;0;0;0;0;1
11;2;2300315.0;2021;9;17;4;3;5;3;0;1;1;0;0;0;0;0;0;1
11;1;1400942.0;2021;9;13;2;3;5;3;0;0;1;0;0;0;1;0;0;1
11;11;11100309.0;2021;9;17;3;3;5;2;0;0;1;0;1;0;0;0;0;1