LAND;BEZ;LOR_ab_2021;UJAHR;UMONAT;USTUNDE;UWOCHENTAG;UKATEGORIE;UART;UTYP1;ULICHTVERH;IstRad;IstPKW;IstFuss;IstKrad;IstGkfz;IstSonstige;USTRZUSTAND;LOCKDOWN;COVID
11;7;7501029.0;2021;7;7;3;3;5;2;0;1;0;0;0;0;1;0;0;1
11;9;9200715.0;2021;8;14;2;3;2;2;0;0;1;0;0;0;0;0;0;1
11;7;7501031.0;2021;7;13;6;2;1;5;0;1;1;0;0;0;0;0;0;1
11;1;1200623.0;2021;7;15;5;3;0;1;0;0;0;0;0;0;1;0;0;1
11;1;1200522.0;2021;8;8;5;3;5;3;0;1;1;0;0;0;0;0;0;1
11;4;4501043.0;2021;8;9;2;3;5;3;0;0;1;0;0;0;1;0;0;1
11;6;6400844.0;2021;8;4;5;2;1;5;2;0;1;0;0;0;0;0;0;1
11;12;12500824.0;2021;8;13;3;3;5;2;0;1;1;0;0;0;0;0;0;1
11;3;3501037.0;2021;7;16;5;3;0;5;0;1;1;0;0;0;0;1;0;1
11;10;10300731.0;2021;7;9;5;3;2;2;0;0;1;0;1;0;0;0;0;1
11;9;9100304.0;2021;8;20;2;3;5;2;1;1;1;0;0;0;0;0;0;1
11;9;9502043.0;2021;7;15;4;3;0;6;0;1;0;0;0;0;0;0;0;1
11;7;7400721.0;2021;7;14;6;3;0;6;0;0;1;0;1;0;0;0;0;1
11;7;7200308.0;2021;7;15;1;3;3;6;0;1;1;0;0;0;0;0;0;1
11;1;1300733.0;2021;8;14;6;3;2;6;0;0;1;0;0;0;0;0;0;1
11;4;4501148.0;2021;8;20;2;3;5;2;2;0;1;0;1;0;0;1;0;1
11;8;8100521.0;2021;8;8;6;3;5;3;0;1;1;0;0;0;0;0;0;1
11;5;5300839.0;2021;7;15;3;3;5;3;0;1;1;0;0;0;0;0;0;1
11;8;8200624.0;2021;7;12;5;3;5;3;0;1;1;0;0;0;0;0;0;1
11;2;2100104.0;2021;7;15;6;3;5;3;0;1;1;0;0;0;0;0;0;1
11;8;8100312.0;2021;8;11;4;3;2;6;0;1;1;0;0;0;0;0;0;1
11;1;1100312.0;2021;8;10;4;3;6;4;0;1;1;1;0;0;0;0;0;1
11;4;4501042.0;2021;7;13;4;3;0;6;0;0;1;0;0;0;1;0;0;1
11;8;8100312.0;2021;7;19;7;3;2;6;0;0;1;0;0;0;1;0;0;1
11;6;6200422.0;2021;8;16;4;3;6;2;0;0;1;1;0;0;0;0;0;1
11;9;9200715.0;2021;8;15;4;3;5;2;0;0;1;0;0;0;0;0;0;1
11;8;8100207.0;2021;8;14;2;3;2;6;0;0;1;0;0;0;0;0;0;1
11;12;12200309.0;2021;8;15;7;2;5;7;0;0;1;0;1;0;0;0;0;1
11;4;4400830.0;2021;7;8;3;3;3;6;0;1;1;0;0;1;0;0;0;1
11;12;12200515.0;2021;8;20;3;3;5;3;1;1;1;0;0;0;0;0;0;1
11;2;2200210.0;2021;8;22;7;3;0;1;2;0;0;0;0;0;1;1;0;1
11;7;7601545.0;2021;7;9;7;3;5;3;0;0;1;0;0;0;0;0;0;1
11;10;10200524.0;2021;7;12;7;3;2;6;0;0;1;0;0;0;0;0;0;1
11;1;1100309.0;2021;8;8;5;3;2;6;0;1;1;0;0;0;1;0;0;1
11;12;12500930.0;2021;7;12;6;3;5;2;0;1;1;0;0;0;0;0;0;1
11;11;11100206.0;2021;7;18;6;3;5;2;0;1;1;0;0;0;0;0;0;1
11;12;12200412.0;2021;8;11;6;3;2;6;0;0;1;0;0;0;0;0;0;1
11;1;1100308.0;2021;8;20;4;3;6;4;1;1;1;1;0;0;0;0;0;1
11;6;6300633.0;2021;8;7;3;3;6;6;0;1;0;1;0;0;0;1;0;1
11;9;9401432.0;2021;8;14;7;3;3;6;0;0;1;0;1;0;0;0;0;1
11;9;9200511.0;2021;7;10;4;3;1;5;0;0;1;0;0;0;1;0;0;1
11;1;1400938.0;2021;8;22;1;3;5;3;2;0;1;0;0;0;0;0;0;1
11;8;8200624.0;2021;7;5;2;2;5;2;0;0;1;0;1;0;0;0;0;1
11;10;10300733.0;2021;7;13;2;3;5;3;0;1;1;0;0;0;0;0;0;1
11;8;8100418.0;2021;8;7;6;3;5;3;0;1;1;0;0;0;0;0;0;1
11;11;11300724.0;2021;8;8;2;3;5;3;0;1;1;0;0;0;0;0;0;1
11;1;1100309.0;2021;8;19;6;3;6;4;0;1;0;1;0;0;0;1;0;1
11;1;1100207.0;2021;7;8;2;2;3;6;0;0;0;0;1;0;1;1;0;1
11;8;8100520.0;2021;8;20;4;3;5;3;1;1;1;0;0;0;0;0;0;1
11;8;8100209.0;2021;7;15;4;3;1;5;0;0;1;0;0;0;0;0;0;1
11;2;2400521.0;2021;7;6;5;3;3;6;0;0;1;0;1;0;0;0;0;1
11;2;2500833.0;2021;8;17;4;3;5;3;0;1;1;0;0;0;0;0;0;1
11;11;11400929.0;2021;8;7;3;3;5;3;0;1;1;0;0;0;0;0;0;1
11;2;2500831.0;2021;7;13;3;3;5;3;0;1;1;0;0;0;0;0;0;1
11;11;11300722.0;2021;7;15;2;3;5;2;0;1;1;0;0;0;0;0;0;1
11;10;10100315.0;2021;8;14;2;3;5;2;0;1;1;0;0;0;0;0;0;1
11;2;2500728.0;2021;8;12;7;3;0;1;0;1;0;0;0;0;0;0;0;1
11;6;6400735.0;2021;8;19;3;3;0;1;1;1;0;0;0;0;0;0;0;1
11;7;7601545.0;2021;8;20;7;3;6;7;1;0;0;1;0;0;1;0;0;1
11;1;1200517.0;2021;7;14;5;3;0;1;0;1;0;0;0;0;0;0;0;1
11;11;11501340.0;2021;7;17;6;3;6;4;0;1;0;1;0;0;0;0;0;1
11;10;10300734.0;2021;8;7;5;3;6;4;0;0;1;1;0;0;0;0;0;1
11;11;11400930.0;2021;7;14;5;3;2;6;0;0;1;0;0;0;0;0;0;1
11;4;4300623.0;2021;7;17;6;3;5;7;0;0;1;0;1;0;0;0;0;1
11;7;7200307.0;2021;8;19;5;3;1;5;0;0;1;0;1;0;0;0;0;1
11;12;12200309.0;2021;8;12;4;3;0;1;0;0;0;0;1;0;0;0;0;1
11;5;5200420.0;2021;8;17;3;3;5;3;0;0;1;0;0;0;1;0;0;1
11;7;7601544.0;2021;8;16;1;3;5;2;0;1;1;0;0;0;0;0;0;1
11;4;4501042.0;2021;7;15;3;3;1;5;0;1;1;0;0;0;0;0;0;1
11;6;6100207.0;2021;8;17;3;3;3;6;0;1;0;0;0;0;0;0;0;1
11;2;2400624.0;2021;8;2;7;3;5;3;1;0;1;0;0;0;0;0;0;1
11;11;11100102.0;2021;8;14;6;3;5;2;0;1;1;0;0;0;0;0;0;1
11;11;11401034.0;2021;8;14;2;3;5;3;0;1;1;0;0;0;0;0;0;1
11;11;11300722.0;2021;8;21;6;3;0;1;2;0;0;0;0;0;1;1;0;1
11;4;4200207.0;2021;7;18;5;3;3;6;0;1;1;0;0;0;0;0;0;1
11;1;1100102.0;2021;7;17;6;2;0;2;0;0;1;0;0;0;1;0;0;1
11;1;1200628.0;2021;8;9;3;3;0;2;0;0;1;0;1;0;0;1;0;1
11;10;10100311.0;2021;8;5;3;3;5;3;0;1;1;0;0;0;0;0;0;1
11;1;1300836.0;2021;7;9;5;3;0;5;0;0;1;0;1;0;0;0;0;1
11;7;7100205.0;2021;7;14;7;3;5;2;0;1;1;0;0;0;0;0;0;1
11;5;5300735.0;2021;8;13;5;3;5;2;0;0;1;0;0;0;0;0;0;1
11;1;1200629.0;2021;8;12;4;3;2;6;0;0;1;0;1;0;0;0;0;1
11;5;5100209.0;2021;8;7;2;2;5;3;0;1;1;0;0;0;0;0;0;1
11;1;1100309.0;2021;8;19;7;3;0;5;0;1;0;0;0;0;0;0;0;1
11;2;2200210.0;2021;7;7;3;3;5;3;0;0;1;0;0;0;1;0;0;1
11;5;5100313.0;2021;8;11;3;3;5;2;0;1;1;0;0;0;0;0;0;1
11;12;12400619.0;2021;8;21;7;3;9;1;2;0;1;0;0;0;0;1;0;1
11;5;5300840.0;2021;7;13;6;2;5;2;0;1;1;0;0;0;0;0;0;1
11;2;2300315.0;2021;7;6;7;3;0;1;0;1;0;0;0;0;0;0;0;1
11;8;8100314.0;2021;8;12;4;3;1;5;0;0;1;0;0;0;1;0;0;1
11;2;2300418.0;2021;7;22;5;2;3;6;2;1;1;0;0;0;0;0;0;1
11;7;7601443.0;2021;8;16;6;3;5;2;0;1;0;0;0;1;0;0;0;1
11;4;4300622.0;2021;8;2;4;2;0;7;2;1;0;0;0;0;0;0;0;1
11;1;1100313.0;2021;8;14;3;3;0;2;0;1;0;0;1;0;0;1;0;1
11;7;7601442.0;2021;8;20;1;3;5;2;1;0;1;0;0;0;0;0;0;1
11;7;7200308.0;2021;7;20;5;2;5;2;0;0;1;0;0;0;1;0;0;1
11;6;6100209.0;2021;8;13;1;3;5;2;0;1;1;0;0;0;0;0;0;1
11;1;1100313.0;2021;7;7;6;2;5;3;0;0;0;0;1;1;0;0;0;1
11;5;5200423.0;2021;7;7;7;3;5;3;0;0;1;0;0;0;0;0;0;1
11;6;6200311.0;2021;8;12;6;3;1;5;0;1;1;0;0;0;0;0;0;1
11;6;6400844.0;2021;8;7;2;3;5;7;0;1;1;0;0;0;0;0;0;1
11;1;1100102.0;2021;8;17;5;3;2;6;0;0;1;0;0;0;0;1;0;1
11;1;1100312.0;2021;7;9;2;3;2;6;0;0;0;0;1;0;1;1;0;1
11;12;12200309.0;2021;8;8;5;2;3;6;0;0;1;0;0;0;0;0;0;1
11;1;1100309.0;2021;7;12;4;3;5;2;0;1;0;0;0;1;0;0;0;1
11;1;1100207.0;2021;7;14;5;3;5;2;0;0;0;0;1;0;1;0;0;1
11;1;1100308.0;2021;8;10;4;3;5;7;0;1;1;0;0;0;0;0;0;1
11;2;2500726.0;2021;8;14;3;3;6;4;0;0;1;1;0;0;0;0;0;1
11;8;8200831.0;2021;7;14;3;3;6;7;0;0;1;1;0;0;0;0;0;1
11;1;1300836.0;2021;7;7;3;3;5;2;0;1;1;0;0;0;0;0;0;1
11;2;2100101.0;2021;8;11;2;3;2;6;0;0;0;0;1;0;1;0;0;1
11;1;1200517.0;2021;8;20;7;3;5;3;1;1;1;0;0;0;0;0;0;1
11;4;4200310.0;2021;7;17;2;3;3;6;0;0;1;0;0;1;0;0;0;1
11;3;3300411.0;2021;8;17;2;3;5;3;0;1;1;0;0;0;0;0;0;1
11;1;1100309.0;2021;8;4;7;2;8;1;2;0;0;0;1;0;0;1;0;1
11;7;7501031.0;2021;7;14;6;3;2;6;0;0;1;0;1;0;0;0;0;1
11;9;9200717.0;2021;7;12;6;2;4;6;0;0;1;0;0;0;0;0;0;1
11;9;9401534.0;2021;8;13;5;3;1;5;0;1;1;0;0;0;0;0;0;1
11;2;2100104.0;2021;7;7;5;3;0;2;0;1;0;0;0;0;0;0;0;1
11;5;5200420.0;2021;8;15;5;3;3;6;0;0;1;0;0;1;0;0;0;1
11;3;3400830.0;2021;8;14;5;3;2;6;0;0;1;0;0;1;0;0;0;1
11;2;2200213.0;2021;8;15;3;3;0;3;0;1;0;0;0;0;0;1;0;1
11;4;4501152.0;2021;8;16;1;3;2;6;0;0;1;0;1;0;0;0;0;1
11;8;8200831.0;2021;7;12;3;3;5;2;0;1;1;0;0;0;0;0;0;1
11;11;11300721.0;2021;8;11;3;3;5;3;0;0;1;0;0;0;0;0;0;1
11;3;3300516.0;2021;8;13;7;3;0;3;0;0;1;0;1;0;0;0;0;1
11;12;12601235.0;2021;7;11;6;2;6;4;0;0;1;1;0;0;0;0;0;1
11;3;3601452.0;2021;8;9;5;3;6;7;0;1;0;1;0;0;0;0;0;1
11;2;2500835.0;2021;7;19;6;3;2;6;0;0;1;0;0;0;0;0;0;1
11;1;1400938.0;2021;8;19;6;3;1;5;0;0;1;0;0;0;1;0;0;1
11;4;4400727.0;2021;8;8;2;3;6;4;0;0;1;1;0;0;0;0;0;1
11;8;8100314.0;2021;8;4;5;3;5;3;1;0;1;0;0;0;0;0;0;1
11;1;1100207.0;2021;8;14;3;3;5;3;0;1;1;0;0;0;0;0;0;1
11;5;5200629.0;2021;8;9;2;2;3;6;0;0;1;0;0;1;0;0;0;1
11;6;6300525.0;2021;7;20;4;2;5;2;0;1;1;0;0;0;0;0;0;1
11;4;4400835.0;2021;8;22;1;3;1;5;2;0;1;0;0;0;0;1;0;1
11;6;6400735.0;2021;7;18;2;2;9;1;0;0;1;0;0;0;0;0;0;1
11;12;12500824.0;2021;8;15;6;3;5;3;0;1;0;0;1;0;0;0;0;1
11;4;4501042.0;2021;7;14;6;3;6;4;0;0;0;1;1;0;0;0;0;1
11;6;6300632.0;2021;7;13;6;3;5;3;0;0;1;0;0;0;0;0;0;1
11;7;7100102.0;2021;8;18;5;3;5;2;0;1;1;0;0;0;0;0;0;1
11;1;1100207.0;2021;8;17;4;3;5;3;0;0;1;0;0;0;0;0;0;1
11;9;9200511.0;2021;8;18;4;2;5;2;0;1;1;0;0;0;0;0;0;1
11;2;2100101.0;2021;8;8;2;3;5;2;0;1;0;0;0;0;0;0;0;1
11;1;1100308.0;2021;7;2;5;3;1;1;2;0;1;0;0;0;1;0;0;1
11;8;8200832.0;2021;8;12;2;3;2;6;0;0;1;0;0;0;0;0;0;1
11;11;11300725.0;2021;7;16;1;2;1;5;0;0;1;0;0;0;1;0;0;1
11;6;6200313.0;2021;8;12;6;3;2;6;0;0;1;0;0;0;0;0;0;1
11;3;3701554.0;2021;8;13;2;3;5;7;0;0;1;0;1;0;0;0;0;1
11;11;11300826.0;2021;8;8;5;3;5;3;0;1;0;0;0;0;0;0;0;1
11;9;9501939.0;2021;7;15;3;3;5;2;0;1;1;0;0;0;0;0;0;1
11;12;12100102.0;2021;8;10;5;3;5;2;0;1;1;0;0;0;0;0;0;1
11;9;9200715.0;2021;7;9;4;3;0;7;0;1;0;0;0;1;0;0;0;1
11;1;1300732.0;2021;7;10;5;3;5;2;0;0;1;0;0;0;1;0;0;1
11;1;1100205.0;2021;8;16;4;3;5;2;0;1;1;0;0;0;0;0;0;1
11;6;6300525.0;2021;8;17;2;3;5;2;0;1;1;0;0;0;0;0;0;1
11;1;1100415.0;2021;7;19;4;3;1;5;0;1;1;0;0;0;0;0;0;1
11;12;12400618.0;2021;8;11;4;3;5;2;0;1;1;0;0;0;0;0;0;1
11;6;6400737.0;2021;7;15;2;3;2;2;0;0;1;0;0;0;0;0;0;1
11;2;2200212.0;2021;8;19;2;3;0;2;0;1;0;0;0;0;1;0;0;1
11;11;11501340.0;2021;8;10;7;2;5;2;0;1;1;0;0;0;0;0;0;1
11;11;11300826.0;2021;7;17;2;3;5;3;0;1;1;0;0;0;0;0;0;1
11;1;1100310.0;2021;8;18;2;3;1;5;0;1;1;0;0;0;0;0;0;1
11;2;2300314.0;2021;8;10;7;3;3;6;0;1;1;0;0;0;0;0;0;1
11;11;11300724.0;2021;7;17;5;3;0;7;0;1;1;0;0;0;0;1;0;1
11;1;1100308.0;2021;7;14;6;3;5;2;0;1;1;0;0;0;0;0;0;1
11;1;1200623.0;2021;8;12;4;3;0;2;0;1;1;0;0;0;0;0;0;1
11;8;8401241.0;2021;7;14;4;3;2;6;0;0;1;0;0;0;0;0;0;1
11;7;7100102.0;2021;8;22;5;3;5;3;2;1;1;0;0;0;0;0;0;1
11;11;11501341.0;2021;8;19;5;2;6;4;0;0;1;1;0;0;0;0;0;1
11;11;11300620.0;2021;8;15;3;3;1;5;0;0;1;0;0;0;0;0;0;1
11;11;11200512.0;2021;8;18;1;3;1;5;0;1;1;0;0;0;0;0;0;1
11;11;11200513.0;2021;7;17;4;3;5;3;0;1;1;0;0;0;0;0;0;1
11;1;1401044.0;2021;8;4;2;3;8;1;1;0;1;0;0;0;0;0;0;1
11;11;11100204.0;2021;8;17;1;2;6;4;0;0;1;1;0;0;0;0;0;1
11;3;3100101.0;2021;7;15;6;3;5;2;0;0;1;0;1;0;0;0;0;1
11;2;2300419.0;2021;8;10;5;3;2;6;0;0;1;0;0;0;0;0;0;1
11;2;2100101.0;2021;7;14;5;3;1;5;0;1;1;0;0;0;0;0;0;1
11;6;6100206.0;2021;8;7;6;3;5;2;0;0;1;0;0;0;0;0;0;1
11;9;9100409.0;2021;8;16;2;3;6;7;0;0;1;1;0;0;0;0;0;1
11;1;1100310.0;2021;8;17;6;3;6;7;0;0;0;1;0;0;1;0;0;1
11;7;7100205.0;2021;7;7;7;3;8;1;0;0;1;0;0;0;0;0;0;1
11;1;1300733.0;2021;8;21;4;3;5;2;2;1;0;0;0;0;0;0;0;1
11;9;;2021;8;10;2;3;0;1;0;0;1;0;0;0;0;0;0;1
11;8;8301036.0;2021;7;5;5;2;5;2;0;1;0;0;0;0;1;0;0;1
11;1;1200520.0;2021;7;17;5;3;4;6;0;0;1;0;0;0;0;0;0;1
11;8;8100417.0;2021;8;13;3;2;6;4;0;0;1;1;0;0;0;0;0;1
11;8;8100417.0;2021;7;13;4;3;5;3;0;1;1;0;0;0;0;0;0;1
11;2;2400625.0;2021;7;21;7;3;0;1;1;0;0;0;1;0;0;0;0;1
11;1;1100311.0;2021;8;20;6;2;3;6;1;1;0;0;0;0;0;0;0;1
11;1;1100312.0;2021;8;16;3;3;5;3;0;1;1;0;0;0;0;0;0;1
11;12;12200309.0;2021;8;22;6;3;8;1;2;0;1;0;0;0;0;1;0;1
11;7;7400824.0;2021;7;20;3;2;5;3;1;1;1;0;0;0;0;0;0;1
11;7;7200409.0;2021;8;10;4;3;1;5;0;1;1;0;0;0;0;0;0;1
11;5;5100316.0;2021;7;14;5;3;5;2;0;0;1;0;0;0;0;0;0;1
11;5;5300736.0;2021;7;17;7;3;5;2;0;1;1;0;0;0;0;0;0;1
11;4;4100102.0;2021;8;18;4;2;6;4;0;0;1;1;0;0;0;0;0;1
11;4;4300620.0;2021;8;11;4;3;5;7;0;0;1;0;0;0;0;0;0;1
11;6;6100208.0;2021;7;20;4;3;1;5;1;0;1;0;0;0;1;0;0;1
11;2;2500727.0;2021;8;9;4;3;5;3;0;1;1;0;0;0;0;0;0;1
11;3;3400826.0;2021;8;16;3;3;5;7;0;1;1;0;0;0;0;0;0;1
11;2;2400522.0;2021;8;21;2;3;6;2;2;0;0;1;0;0;1;1;0;1
11;5;5300841.0;2021;8;20;7;3;0;1;1;0;0;0;1;0;0;0;0;1
11;7;7601442.0;2021;7;11;4;3;5;2;0;1;1;0;0;0;0;0;0;1
11;12;12200412.0;2021;8;22;3;3;5;2;1;0;1;0;0;0;0;1;0;1
11;4;4300619.0;2021;8;9;7;2;5;2;0;1;1;0;0;0;0;0;0;1
11;12;12500929.0;2021;7;14;7;3;5;3;0;1;1;0;0;0;0;0;0;1
11;2;2100102.0;2021;7;10;7;3;1;5;0;1;1;0;0;0;0;0;0;1
11;6;6300526.0;2021;8;13;5;3;6;4;0;0;0;1;0;0;1;0;0;1
11;1;1100416.0;2021;8;15;3;3;0;1;0;0;0;0;1;0;0;0;0;1
11;1;1100102.0;2021;8;15;7;3;0;2;0;1;1;0;0;0;0;0;0;1
11;4;4501042.0;2021;7;19;3;2;0;1;0;0;0;0;0;0;1;0;0;1
11;1;1100416.0;2021;8;7;4;3;5;2;0;1;0;0;0;0;0;0;0;1
11;7;7100205.0;2021;7;18;4;3;5;3;0;1;1;0;0;0;0;0;0;1
11;7;7601341.0;2021;7;11;5;3;5;7;0;0;1;0;0;0;1;0;0;1
11;4;4501040.0;2021;8;19;3;3;1;5;0;1;1;0;0;0;0;0;0;1
11;11;11200410.0;2021;8;17;2;2;6;4;0;0;1;1;0;0;0;0;0;1
11;9;9200715.0;2021;7;8;4;2;5;2;0;0;1;0;1;0;0;0;0;1
11;1;1400942.0;2021;8;10;4;3;5;3;0;0;1;0;1;0;0;0;0;1
11;8;8200623.0;2021;7;12;3;3;6;2;0;0;1;1;0;0;0;0;0;1
11;3;3601346.0;2021;8;13;2;3;1;5;0;1;1;0;0;0;0;0;0;1
11;3;3200310.0;2021;8;17;7;2;5;7;0;1;1;0;0;0;0;0;0;1
11;11;11300721.0;2021;7;13;3;3;5;2;0;1;1;0;0;0;0;0;0;1
11;5;5100211.0;2021;8;16;3;2;5;2;0;0;1;0;1;0;0;0;0;1
11;3;3300411.0;2021;8;17;1;3;6;4;0;0;1;1;0;0;0;0;0;1
11;1;1200627.0;2021;7;19;5;3;0;2;0;1;1;0;0;0;0;1;0;1
11;1;1200521.0;2021;7;1;6;2;0;1;2;1;0;0;0;0;0;0;0;1
11;8;8100416.0;2021;8;9;4;3;2;6;0;0;1;0;0;0;0;0;0;1
11;1;1100308.0;2021;7;17;6;2;0;1;0;1;0;0;0;0;0;0;0;1
11;12;12100102.0;2021;7;13;6;3;5;3;0;1;0;0;1;0;0;0;0;1
11;3;3500934.0;2021;8;15;5;3;2;6;0;1;1;0;0;0;0;0;0;1
11;10;10200423.0;2021;8;9;5;3;2;3;0;1;1;0;0;0;0;0;0;1
11;4;4400726.0;2021;8;13;3;3;5;3;0;0;1;0;1;0;0;1;0;1
11;1;1401045.0;2021;7;16;7;3;3;6;0;0;1;0;0;0;0;0;0;1
11;8;8200831.0;2021;8;12;1;3;5;3;0;0;1;0;0;0;0;0;0;1
11;4;4501042.0;2021;7;22;4;3;5;2;2;0;1;0;0;0;0;0;0;1
11;8;8300934.0;2021;8;15;1;3;2;6;0;0;1;0;1;0;0;0;0;1
11;5;5300736.0;2021;7;15;6;3;5;3;0;0;1;0;0;0;0;0;0;1
11;7;7200411.0;2021;8;12;5;3;6;4;0;1;0;1;0;0;0;0;0;1
11;12;12400723.0;2021;7;18;1;3;6;7;0;0;1;1;0;0;0;1;0;1
11;7;7100102.0;2021;8;7;6;3;2;2;0;1;1;0;0;0;0;0;0;1
11;6;6100210.0;2021;8;21;1;3;5;3;2;1;1;0;0;0;0;1;0;1
11;2;2400623.0;2021;8;16;6;3;8;1;0;0;0;0;0;0;1;0;0;1
11;8;8100314.0;2021;7;7;2;3;6;4;0;0;1;1;0;0;0;1;0;1
11;1;1100101.0;2021;8;7;4;3;0;7;0;1;1;0;0;0;0;0;0;1
11;11;11501341.0;2021;7;10;5;3;5;3;0;1;1;0;0;0;0;0;0;1
11;11;11300725.0;2021;7;15;5;3;6;4;0;0;0;1;0;0;1;0;0;1
11;5;5300737.0;2021;8;11;3;3;2;6;0;0;1;0;0;0;0;0;0;1
11;1;1300733.0;2021;7;7;4;3;5;2;0;1;1;0;0;0;0;0;0;1
11;6;6300633.0;2021;7;9;2;3;2;7;0;1;1;0;0;0;0;0;0;1
11;3;3200310.0;2021;8;22;6;3;6;4;2;0;1;1;0;0;0;0;0;1
11;6;6400736.0;2021;8;10;2;3;5;2;0;1;1;0;0;0;0;0;0;1
11;4;4501041.0;2021;8;10;6;3;2;6;0;0;1;0;0;0;0;0;0;1
11;4;4501042.0;2021;7;17;5;3;5;7;0;0;1;0;1;0;0;0;0;1
11;7;7601545.0;2021;7;16;6;3;1;5;0;1;1;0;0;0;0;0;0;1
11;11;11501340.0;2021;8;11;4;3;1;5;0;1;1;0;0;0;0;0;0;1
11;12;12100206.0;2021;8;11;3;3;2;6;0;0;1;0;0;0;1;0;0;1
11;5;5100207.0;2021;7;19;5;2;5;3;0;1;1;0;0;0;0;0;0;1
11;2;2400521.0;2021;7;10;7;3;5;3;0;1;0;0;0;0;1;0;0;1
11;4;4500939.0;2021;8;11;5;3;5;3;0;0;1;0;0;0;0;0;0;1
11;12;12200309.0;2021;8;16;4;3;6;2;0;0;1;1;0;0;0;0;0;1
11;1;1200522.0;2021;8;13;2;3;4;5;0;1;0;0;0;0;1;0;0;1
11;1;1100310.0;2021;8;6;7;3;0;1;0;1;0;0;0;0;0;0;0;1
11;8;8100102.0;2021;7;17;4;3;1;5;0;1;1;0;0;0;0;0;0;1
11;1;1100313.0;2021;8;8;3;3;5;3;0;1;0;0;0;0;1;0;0;1
11;7;7200414.0;2021;8;0;1;2;0;3;2;1;0;0;1;0;0;1;0;1
11;7;7601341.0;2021;7;16;6;3;5;3;0;1;1;0;0;0;0;0;0;1
11;5;5200418.0;2021;7;17;7;3;0;5;0;0;1;0;0;0;0;0;0;1
11;5;5300735.0;2021;8;7;4;3;0;1;0;0;1;0;1;0;0;0;0;1
11;6;6100101.0;2021;7;17;5;3;1;1;0;0;1;0;1;0;0;1;0;1
11;2;2300418.0;2021;8;12;6;3;5;7;0;0;1;0;0;0;1;0;0;1
11;4;4300517.0;2021;8;17;5;3;0;6;0;0;1;0;1;0;0;1;0;1
11;9;9200716.0;2021;8;15;3;3;0;1;0;0;0;0;1;0;0;0;0;1
11;6;6100103.0;2021;8;16;1;3;6;7;0;1;0;1;0;0;0;0;0;1
11;6;6100101.0;2021;7;10;4;2;1;7;0;0;1;0;0;0;0;0;0;1
11;4;4200203.0;2021;8;16;1;2;8;1;0;1;0;0;0;0;0;1;0;1
11;12;12100204.0;2021;7;11;3;3;5;2;0;0;1;0;0;0;1;0;0;1
11;10;10100311.0;2021;7;6;6;3;8;1;0;0;0;0;1;0;0;0;0;1
11;5;5200633.0;2021;7;5;2;2;5;2;0;0;1;0;1;0;0;0;0;1
11;9;9100304.0;2021;7;11;1;3;5;2;0;0;1;0;0;0;0;0;0;1
11;10;10100311.0;2021;8;22;6;2;5;7;2;1;0;0;0;0;1;0;0;1
11;8;8401243.0;2021;8;10;2;3;8;1;0;0;0;0;1;0;0;0;0;1
11;1;1100309.0;2021;8;19;6;3;0;1;0;1;0;0;1;0;0;1;0;1
11;1;1200520.0;2021;7;0;1;2;0;7;2;0;0;0;0;0;1;0;0;1
11;7;7601340.0;2021;7;11;6;3;5;2;0;1;1;0;0;0;0;0;0;1
11;2;2500830.0;2021;8;18;5;2;0;7;0;1;0;0;0;0;0;0;0;1
11;3;3100103.0;2021;8;8;5;3;0;3;0;1;0;0;1;0;0;0;0;1
11;1;1100313.0;2021;8;6;3;3;5;3;0;0;1;0;1;0;0;0;0;1
11;10;10100311.0;2021;8;14;7;3;5;2;0;1;1;0;0;0;0;0;0;1
11;11;11501340.0;2021;7;11;4;2;5;7;0;0;1;0;0;0;1;0;0;1
11;1;1100308.0;2021;8;4;1;3;1;5;2;0;1;0;0;0;1;0;0;1
11;7;7300619.0;2021;7;8;1;3;5;2;0;1;1;0;0;0;0;0;0;1
11;5;5200633.0;2021;7;11;2;3;2;6;0;0;1;0;0;0;0;0;0;1
11;12;12400720.0;2021;8;8;6;3;2;6;0;1;1;0;0;0;0;0;0;1
11;9;9501737.0;2021;8;13;2;3;5;2;0;1;1;0;0;0;0;0;0;1
11;1;1100205.0;2021;8;13;6;3;3;2;0;0;1;0;0;0;0;0;0;1
11;7;7100102.0;2021;7;18;2;2;5;7;0;1;1;0;0;0;0;0;0;1
11;5;5300737.0;2021;8;1;4;3;0;1;2;0;0;0;0;0;1;1;0;1
11;3;3601245.0;2021;7;10;4;3;4;5;0;1;1;0;0;0;0;0;0;1
11;7;7200308.0;2021;7;8;5;3;2;2;0;1;1;0;0;0;0;0;0;1
11;11;11200514.0;2021;8;17;2;3;5;3;0;1;1;0;0;0;0;0;0;1
11;4;4300518.0;2021;7;12;3;3;5;2;0;0;0;0;1;0;1;1;0;1
11;11;11200410.0;2021;7;14;2;3;6;4;0;0;0;1;0;0;1;0;0;1
11;3;3400831.0;2021;8;23;6;2;9;1;2;0;1;0;0;0;0;0;0;1
11;2;2300316.0;2021;8;19;3;3;3;6;0;0;1;0;1;0;0;0;0;1
11;1;1100416.0;2021;8;21;6;3;0;1;2;1;0;0;0;0;0;1;0;1
11;5;5300737.0;2021;7;15;5;3;5;3;0;0;1;0;0;0;0;0;0;1
11;2;2400623.0;2021;7;17;6;3;2;1;0;0;1;0;0;0;0;0;0;1
11;2;2100106.0;2021;8;3;5;3;5;2;2;0;1;0;0;0;0;0;0;1