LAND;BEZ;LOR_ab_2021;UJAHR;UMONAT;USTUNDE;UWOCHENTAG;UKATEGORIE;UART;UTYP1;ULICHTVERH;IstRad;IstPKW;IstFuss;IstKrad;IstGkfz;IstSonstige;USTRZUSTAND;LOCKDOWN;COVID
11;8;8200725.0;2021;7;14;1;3;0;3;0;0;1;0;1;0;0;0;0;1
11;1;1200623.0;2021;5;15;3;3;5;3;0;0;1;0;0;0;0;1;1;2
11;3;3601243.0;2021;6;11;3;3;3;6;0;1;1;0;0;0;0;0;0;1
11;3;3601346.0;2021;7;19;3;3;0;1;0;1;0;0;0;0;0;0;0;1
11;9;9200717.0;2021;7;15;6;3;6;4;0;0;0;1;1;0;0;0;0;1
11;1;1100414.0;2021;6;14;2;3;1;5;0;1;1;0;0;0;1;0;0;1
11;8;8100417.0;2021;6;18;6;3;5;2;0;1;1;0;0;0;0;0;0;1
11;12;12500928.0;2021;6;20;3;3;3;6;0;0;1;0;0;0;0;0;0;1
11;12;12400721.0;2021;6;11;3;3;5;3;0;1;1;0;0;0;0;0;0;1
11;4;4500939.0;2021;6;15;1;3;3;6;0;0;1;0;1;0;0;0;0;1
11;1;1401046.0;2021;6;14;7;3;6;4;0;0;1;1;0;0;0;0;0;1
11;6;6400736.0;2021;7;19;7;2;2;2;0;1;1;0;0;0;0;0;0;1
11;1;1100415.0;2021;6;12;4;3;0;1;0;1;0;0;0;0;0;0;0;1
11;1;1100310.0;2021;6;2;6;3;9;1;2;0;0;0;1;0;0;0;0;1
11;1;1300834.0;2021;6;6;2;3;6;2;0;0;1;1;0;0;0;0;0;1
11;4;4200308.0;2021;5;16;4;3;2;6;0;0;1;0;0;0;1;0;1;2
11;2;2200210.0;2021;6;8;4;3;0;2;0;1;1;0;0;0;0;1;0;1
11;8;8301036.0;2021;7;11;2;3;2;6;0;0;1;0;0;0;0;0;0;1
11;10;10400938.0;2021;7;13;4;3;5;3;0;1;1;0;0;0;0;0;0;1
11;4;4400835.0;2021;6;8;4;3;6;4;0;0;1;1;0;0;0;0;0;1
11;7;7501134.0;2021;5;11;7;3;2;6;0;0;1;0;1;0;0;0;1;2
11;7;7200409.0;2021;6;14;5;3;6;4;0;0;0;1;1;0;0;0;0;1
11;3;3100101.0;2021;6;15;4;3;5;2;0;0;1;0;0;0;1;0;0;1
11;9;9100409.0;2021;6;18;3;3;0;1;0;1;0;0;0;0;0;0;0;1
11;2;2200210.0;2021;6;3;7;3;0;1;1;0;0;0;1;0;0;0;0;1
11;1;1400940.0;2021;6;16;3;3;5;2;0;1;1;0;0;0;0;0;0;1
11;7;7501134.0;2021;6;22;4;3;5;2;2;1;1;0;0;0;0;0;0;1
11;4;4100101.0;2021;6;8;2;3;2;6;0;0;1;0;0;0;0;0;0;1
11;4;4501041.0;2021;6;23;1;3;3;6;2;1;1;0;0;0;0;0;0;1
11;3;3300516.0;2021;7;0;1;3;1;5;2;0;0;0;1;0;1;0;0;1
11;4;4501040.0;2021;6;22;1;3;3;6;2;0;1;0;0;0;1;0;0;1
11;1;1100313.0;2021;6;20;4;3;0;2;1;1;0;0;1;0;0;1;0;1
11;9;9301228.0;2021;7;21;4;2;0;1;1;1;0;0;0;0;0;0;0;1
11;1;1200517.0;2021;7;8;5;3;5;3;0;1;1;0;0;0;0;0;0;1
11;2;2200207.0;2021;6;7;5;3;5;2;0;1;0;0;0;0;1;0;0;1
11;8;8200623.0;2021;5;11;1;3;6;7;0;0;1;1;0;0;0;0;1;2
11;3;3601141.0;2021;6;6;6;3;5;3;0;0;1;0;1;0;0;0;0;1
11;12;12200309.0;2021;6;6;4;3;3;6;0;0;1;0;1;0;0;0;0;1
11;3;3400721.0;2021;6;15;3;3;5;3;0;1;0;0;0;0;0;0;0;1
11;7;7601544.0;2021;6;10;6;3;5;2;0;1;1;0;0;0;0;0;0;1
11;6;6400844.0;2021;6;15;2;3;2;6;0;0;1;0;0;0;0;0;0;1
11;5;5100103.0;2021;6;18;1;3;6;4;0;0;1;1;0;0;0;0;0;1
11;5;5100315.0;2021;5;14;5;3;5;3;0;0;1;0;0;0;1;0;1;2
11;1;1300732.0;2021;6;17;4;3;6;4;0;0;1;1;0;0;0;0;0;1
11;1;1300834.0;2021;5;20;1;3;5;3;2;1;1;0;0;0;0;0;1;2
11;7;7200409.0;2021;6;7;3;3;5;5;0;0;1;0;1;0;0;0;0;1
11;3;3400724.0;2021;7;11;2;3;0;3;0;0;1;0;0;0;1;1;0;1
11;3;3701554.0;2021;6;13;5;3;2;7;0;1;0;0;0;0;1;0;0;1
11;8;8100415.0;2021;7;18;6;3;1;5;0;1;1;0;0;0;0;0;0;1
11;6;6400840.0;2021;7;15;6;3;5;7;0;0;1;0;0;0;0;1;0;1
11;5;5100316.0;2021;6;13;6;3;0;1;0;0;0;0;1;0;0;0;0;1
11;1;1400937.0;2021;6;22;5;3;5;2;2;1;0;0;1;0;0;0;0;1
11;2;2400521.0;2021;6;22;1;3;6;4;2;0;0;1;1;0;0;0;0;1
11;4;4200310.0;2021;5;11;4;3;5;3;0;0;1;0;0;0;0;0;1;2
11;1;1100103.0;2021;7;14;5;3;3;6;0;0;1;0;1;0;0;1;0;1
11;4;4200309.0;2021;7;16;3;3;5;3;0;1;1;0;0;0;0;0;0;1
11;1;1300835.0;2021;7;11;5;3;0;7;0;1;0;0;0;0;0;0;0;1
11;11;11300620.0;2021;6;11;5;3;5;2;0;0;1;0;0;0;0;0;0;1
11;7;7100101.0;2021;5;21;1;3;5;3;1;0;1;0;0;0;1;0;1;2
11;3;3500934.0;2021;6;8;6;2;0;7;0;0;1;0;0;1;0;0;0;1
11;3;3500934.0;2021;6;12;5;3;5;3;0;1;1;0;0;0;0;1;0;1
11;1;1100310.0;2021;6;15;3;3;5;3;0;1;0;0;0;0;0;0;0;1
11;4;4501043.0;2021;6;17;2;3;5;3;0;1;1;0;0;0;0;0;0;1
11;5;5300840.0;2021;5;16;5;3;8;1;0;0;0;0;1;0;0;1;1;2
11;7;7601544.0;2021;6;9;4;2;5;3;0;0;1;0;0;0;0;0;0;1
11;4;4300619.0;2021;5;21;1;3;0;2;1;0;1;0;0;0;1;0;1;2
11;8;8100418.0;2021;6;13;2;3;5;3;0;1;0;0;0;0;1;0;0;1
11;4;4501150.0;2021;7;17;2;3;5;2;0;1;1;0;0;0;0;0;0;1
11;2;2300316.0;2021;6;16;5;3;6;4;0;0;1;1;0;0;0;0;0;1
11;2;2300314.0;2021;7;18;6;3;1;5;0;1;1;0;0;0;0;0;0;1
11;11;11300620.0;2021;7;4;5;3;5;2;2;1;1;0;0;0;0;0;0;1
11;3;3400721.0;2021;6;8;5;3;2;6;0;0;1;0;1;0;0;0;0;1
11;5;5300840.0;2021;6;13;4;3;6;7;0;0;0;1;0;0;1;0;0;1
11;4;4100101.0;2021;6;16;2;3;4;1;0;1;0;0;0;0;0;0;0;1
11;6;6200316.0;2021;5;14;2;2;5;3;0;0;1;0;1;0;0;0;1;2
11;2;2100104.0;2021;6;18;6;3;5;3;0;1;1;0;0;0;0;0;0;1
11;9;9301126.0;2021;6;15;5;3;2;3;0;1;1;0;0;0;0;0;0;1
11;8;8100104.0;2021;6;13;3;3;6;4;0;0;1;1;0;0;0;0;0;1
11;3;3601245.0;2021;6;19;6;3;2;6;0;0;1;0;0;0;0;0;0;1
11;3;3601450.0;2021;5;15;6;2;5;2;0;0;1;0;1;0;0;1;1;2
11;4;4501040.0;2021;6;13;4;3;2;6;0;1;0;0;0;0;0;0;0;1
11;6;6100210.0;2021;7;15;1;3;6;7;0;1;0;1;0;0;0;0;0;1
11;7;7100101.0;2021;5;12;3;3;5;3;0;1;1;0;0;0;0;1;1;2
11;5;5200528.0;2021;6;16;3;3;2;6;0;0;1;0;0;0;0;0;0;1
11;1;1100206.0;2021;7;9;3;3;2;6;0;1;1;0;0;0;0;0;0;1
11;9;9200511.0;2021;7;1;7;3;9;1;2;0;1;0;0;0;0;1;0;1
11;7;7300516.0;2021;6;12;2;3;2;7;0;1;0;0;0;0;1;0;0;1
11;4;4501040.0;2021;6;19;6;3;0;6;0;1;0;0;0;0;0;0;0;1
11;3;3200204.0;2021;6;11;3;3;2;6;0;0;1;0;1;0;0;0;0;1
11;5;5400943.0;2021;6;19;3;3;5;3;0;1;1;0;0;0;0;0;0;1
11;5;5200420.0;2021;6;0;7;2;0;1;2;0;0;0;0;0;1;0;0;1
11;8;8100103.0;2021;6;13;6;2;5;3;0;0;1;0;1;0;0;0;0;1
11;1;1100309.0;2021;7;22;6;3;2;6;2;0;1;0;1;0;0;0;0;1
11;7;7200409.0;2021;6;16;6;3;3;6;0;0;1;0;0;0;1;0;0;1
11;9;9100408.0;2021;6;13;2;3;5;3;0;0;1;0;0;0;0;0;0;1
11;6;6300526.0;2021;5;9;4;3;5;2;0;1;1;0;0;0;0;0;1;2
11;5;5100105.0;2021;6;14;4;3;2;6;0;0;1;0;0;0;0;1;0;1
11;6;6300528.0;2021;7;18;3;3;5;3;0;1;1;0;0;0;0;0;0;1
11;1;1100415.0;2021;7;10;4;3;2;6;0;0;1;0;0;0;1;1;0;1
11;4;4300622.0;2021;6;11;4;3;5;3;0;1;1;0;0;0;0;0;0;1
11;3;3100101.0;2021;5;14;7;3;9;1;0;0;1;0;0;0;0;0;1;2
11;8;8100209.0;2021;6;16;5;3;5;2;0;1;1;0;0;0;0;0;0;1
11;11;11501238.0;2021;6;17;4;3;5;3;0;1;1;0;0;0;0;0;0;1
11;4;4300619.0;2021;6;16;3;2;5;2;0;1;0;0;0;0;1;0;0;1
11;8;8100415.0;2021;6;21;7;3;5;3;1;1;1;0;0;0;0;0;0;1
11;4;4400832.0;2021;6;10;3;3;5;2;0;1;1;0;0;0;0;0;0;1
11;12;12200309.0;2021;6;15;4;3;5;7;0;0;1;0;0;0;0;0;0;1
11;4;4501045.0;2021;6;17;2;2;5;2;0;1;1;0;0;0;0;0;0;1
11;5;5300737.0;2021;6;20;2;3;5;7;0;0;1;0;1;0;0;0;0;1
11;8;8401243.0;2021;7;23;1;3;9;1;2;0;1;0;0;0;0;0;0;1
11;1;1200625.0;2021;6;21;7;3;5;2;2;0;1;0;1;0;0;0;0;1
11;6;6300524.0;2021;7;9;5;3;5;3;0;0;1;0;0;1;0;1;0;1
11;3;3601243.0;2021;7;23;4;3;2;6;2;1;1;0;0;0;0;0;0;1
11;5;5200526.0;2021;6;13;5;3;6;4;0;0;0;1;0;1;0;0;0;1
11;1;1300834.0;2021;5;14;1;3;6;7;0;0;0;1;0;0;1;0;1;2
11;9;9100305.0;2021;6;10;6;3;1;5;0;1;1;0;0;0;0;0;0;1
11;3;3601142.0;2021;6;14;4;3;0;1;0;1;0;0;0;0;0;0;0;1
11;2;2100106.0;2021;6;10;3;3;5;3;0;1;1;0;0;0;0;0;0;1
11;1;1100205.0;2021;6;7;2;3;5;2;0;1;1;0;0;0;0;0;0;1
11;2;2200210.0;2021;5;13;5;3;3;6;0;1;1;0;0;0;0;1;1;2
11;4;4501045.0;2021;6;18;4;3;5;2;0;1;0;0;0;0;1;0;0;1
11;2;2500830.0;2021;5;12;2;3;1;5;0;1;1;0;0;0;0;0;1;2
11;2;2300314.0;2021;6;21;2;3;5;3;1;1;1;0;0;0;0;0;0;1
11;5;5100316.0;2021;7;12;2;3;5;3;0;0;1;0;0;0;0;1;0;1
11;6;6300632.0;2021;7;8;6;3;2;6;0;0;1;0;0;0;0;0;0;1
11;4;4200311.0;2021;7;11;6;3;3;6;0;0;1;0;0;0;1;1;0;1
11;5;5200631.0;2021;6;12;6;3;2;6;0;0;1;0;0;0;0;0;0;1
11;10;10100315.0;2021;6;6;5;3;3;2;0;0;1;0;0;0;0;0;0;1
11;1;1100207.0;2021;6;14;2;3;5;3;0;1;1;0;0;0;0;0;0;1
11;2;2400624.0;2021;5;18;2;3;0;7;0;1;0;0;0;0;0;0;1;2
11;5;5100316.0;2021;6;12;6;3;0;2;0;0;1;0;0;0;1;0;0;1
11;12;12400721.0;2021;6;9;5;3;5;3;0;0;1;0;0;0;0;1;0;1
11;7;7200412.0;2021;7;8;6;2;5;2;0;1;0;0;0;0;1;1;0;1
11;5;5100211.0;2021;6;9;4;2;6;4;0;0;1;1;0;0;1;0;0;1
11;4;4501042.0;2021;6;2;1;2;0;1;2;0;1;0;0;0;0;0;0;1
11;8;8300934.0;2021;5;7;6;3;0;1;0;0;0;0;1;0;0;1;1;2
11;7;7400825.0;2021;6;7;5;3;2;2;0;0;1;0;0;0;1;0;0;1
11;9;9501737.0;2021;7;15;2;3;0;1;0;1;0;0;0;0;0;0;0;1
11;12;12200413.0;2021;5;22;2;2;0;7;2;0;0;0;0;0;1;0;1;2
11;3;3400721.0;2021;6;8;3;3;1;5;0;1;0;0;0;1;0;0;0;1
11;1;1100308.0;2021;7;13;2;3;5;2;0;1;1;0;0;0;0;0;0;1
11;4;4501147.0;2021;7;16;3;2;0;4;0;0;0;1;1;0;0;0;0;1
11;12;12200411.0;2021;5;18;6;3;3;2;0;1;1;0;0;0;0;0;1;2
11;8;8100419.0;2021;6;15;4;3;2;6;0;0;1;0;1;0;0;0;0;1
11;11;11400931.0;2021;7;22;7;3;2;3;2;0;1;0;0;0;0;1;0;1
11;1;1100207.0;2021;6;21;2;3;0;4;1;0;0;1;1;0;0;0;0;1
11;7;7400822.0;2021;6;7;6;3;5;3;0;1;1;0;0;0;0;0;0;1
11;7;7100102.0;2021;6;15;3;3;3;5;0;1;1;0;0;0;0;0;0;1
11;9;9200715.0;2021;6;16;3;3;2;6;0;0;1;0;0;0;0;0;0;1
11;1;1300834.0;2021;6;16;2;2;2;6;0;0;1;0;0;0;0;0;0;1
11;3;3500934.0;2021;6;11;7;2;5;3;0;1;1;0;0;0;0;0;0;1
11;3;3701554.0;2021;7;12;6;3;5;3;0;0;1;0;0;0;0;0;0;1
11;3;3200207.0;2021;6;16;7;3;5;3;0;1;1;0;0;0;0;0;0;1
11;7;7400721.0;2021;6;11;2;3;2;6;0;1;1;0;0;0;0;0;0;1
11;2;2500727.0;2021;5;18;2;3;5;3;0;1;1;0;0;0;0;0;1;2
11;6;6400838.0;2021;6;19;6;3;0;7;0;1;0;0;0;0;0;0;0;1
11;12;12100205.0;2021;6;7;6;2;5;3;0;0;0;0;1;0;1;0;0;1
11;3;3200204.0;2021;7;16;6;3;5;2;0;1;1;0;0;0;0;0;0;1
11;2;2400521.0;2021;6;6;4;3;5;5;0;1;1;0;0;0;0;0;0;1
11;1;1100310.0;2021;6;1;6;3;2;6;2;0;1;0;0;0;0;0;0;1
11;12;12200412.0;2021;6;12;2;3;5;2;0;0;1;0;0;0;0;0;0;1
11;12;12601134.0;2021;5;13;6;3;0;2;0;0;1;0;1;0;0;1;1;2
11;10;10100206.0;2021;6;15;4;3;5;3;0;0;1;0;0;0;0;0;0;1
11;4;4501042.0;2021;7;22;1;3;6;7;0;0;0;1;0;0;1;0;0;1
11;3;3601243.0;2021;5;17;3;3;2;6;0;0;1;0;0;0;1;1;1;2
11;9;9100101.0;2021;6;22;3;3;4;1;2;1;1;0;0;0;0;0;0;1
11;11;11300722.0;2021;7;15;2;3;1;7;0;0;1;0;0;0;0;0;0;1
11;8;8100209.0;2021;7;11;3;2;6;4;0;0;1;1;0;0;0;0;0;1
11;4;4300623.0;2021;7;14;6;3;0;1;0;1;1;0;0;0;0;1;0;1
11;9;9100101.0;2021;6;9;3;3;5;2;0;1;1;0;0;0;0;0;0;1
11;11;11501340.0;2021;6;5;6;3;2;6;0;0;1;0;0;0;0;0;0;1
11;2;2400624.0;2021;6;9;3;3;6;4;0;0;1;1;0;0;0;0;0;1
11;6;6400844.0;2021;6;4;3;3;1;7;2;0;1;0;0;0;1;0;0;1
11;3;3200204.0;2021;6;16;2;3;1;5;0;0;1;0;1;0;0;0;0;1
11;12;12100204.0;2021;6;18;7;3;6;4;0;0;1;1;0;0;0;0;0;1
11;4;4400729.0;2021;7;11;6;3;2;6;0;0;1;0;0;0;0;0;0;1
11;4;4400726.0;2021;6;11;7;3;5;3;0;1;1;0;0;0;0;0;0;1
11;4;4200308.0;2021;6;6;2;3;5;2;0;1;1;0;0;0;0;0;0;1
11;4;4200308.0;2021;5;18;4;3;5;3;0;0;1;0;1;0;0;0;1;2
11;1;1401049.0;2021;6;16;4;3;3;6;0;0;1;0;1;0;0;1;0;1
11;11;11100309.0;2021;7;16;3;3;5;2;0;1;1;0;0;0;0;0;0;1
11;12;12200413.0;2021;7;9;4;3;5;3;0;1;1;0;0;0;0;1;0;1
11;8;8100102.0;2021;6;8;4;3;5;2;0;1;1;0;0;0;0;0;0;1
11;7;7100102.0;2021;5;14;1;3;5;3;0;1;1;0;0;0;0;0;1;2
11;1;1401045.0;2021;6;12;5;3;3;6;0;0;1;0;0;1;0;0;0;1
11;3;3601245.0;2021;6;6;4;3;5;7;0;0;1;0;0;0;0;0;0;1
11;1;1200627.0;2021;6;17;3;3;0;5;0;1;0;0;0;0;1;0;0;1
11;9;9300921.0;2021;6;21;7;3;5;2;1;0;1;0;0;0;0;0;0;1
11;8;8100206.0;2021;6;16;3;3;3;2;0;1;1;0;0;0;0;0;0;1
11;9;9501838.0;2021;6;12;4;3;0;1;0;1;0;0;0;0;0;0;0;1
11;12;12400618.0;2021;6;18;2;3;5;2;0;1;1;0;0;0;0;0;0;1
11;6;6400842.0;2021;7;12;7;3;5;2;0;1;1;0;0;0;0;0;0;1
11;4;4300517.0;2021;6;16;1;3;5;3;0;0;1;0;1;0;0;0;0;1
11;3;3200204.0;2021;7;5;5;3;6;4;0;0;1;1;0;0;0;1;0;1
11;4;4501045.0;2021;7;16;5;3;1;5;0;1;1;0;0;0;0;1;0;1
11;6;6400844.0;2021;6;7;5;3;5;2;0;1;1;0;0;0;0;0;0;1
11;6;6100207.0;2021;5;5;2;2;1;5;0;0;1;0;1;0;0;0;1;2
11;11;11501341.0;2021;6;17;5;2;4;1;0;1;0;0;0;0;0;0;0;1
11;8;8200832.0;2021;6;18;6;2;6;2;0;0;1;1;0;0;0;0;0;1
11;9;9200715.0;2021;6;8;3;3;2;6;0;0;1;0;0;0;0;0;0;1
11;9;9100202.0;2021;6;8;2;2;4;6;0;0;1;0;0;0;0;0;0;1
11;4;4500937.0;2021;6;13;1;3;1;5;0;1;1;0;0;0;0;0;0;1
11;12;12500825.0;2021;5;13;5;2;0;1;0;0;0;0;1;0;0;0;1;2
11;2;2200213.0;2021;6;16;4;3;5;2;0;0;1;0;1;0;0;0;0;1
11;1;1100310.0;2021;5;1;2;3;5;2;2;0;1;0;0;0;0;0;1;2
11;2;2300314.0;2021;6;11;2;3;0;2;0;1;0;0;0;0;1;0;0;1
11;10;10200420.0;2021;7;15;2;3;0;4;0;0;0;1;0;0;1;0;0;1
11;4;4100101.0;2021;7;10;6;3;2;2;0;0;1;0;0;0;0;0;0;1
11;8;8401242.0;2021;7;21;6;3;5;3;2;0;1;0;0;0;0;1;0;1
11;6;6100206.0;2021;6;13;5;2;1;5;0;1;0;0;0;1;0;0;0;1
11;7;7200412.0;2021;6;12;5;3;1;5;0;0;1;0;1;0;0;0;0;1
11;10;10100312.0;2021;6;12;2;3;5;7;0;0;1;0;0;0;1;0;0;1
11;6;6400737.0;2021;5;17;2;3;6;4;0;1;0;1;0;0;0;0;1;2
11;6;6100103.0;2021;6;21;6;3;5;7;0;0;1;0;0;0;0;0;0;1
11;2;2300314.0;2021;6;19;7;3;5;2;0;1;1;0;0;0;0;0;0;1
11;2;2300316.0;2021;7;16;6;2;6;4;0;1;0;1;0;0;0;0;0;1
11;2;2100104.0;2021;6;0;4;2;1;5;2;1;1;0;0;0;0;0;0;1
11;1;1401048.0;2021;6;7;6;3;2;6;0;0;0;0;1;1;0;1;0;1
11;8;8200730.0;2021;6;8;2;2;2;6;0;0;1;0;0;0;0;0;0;1
11;2;2100104.0;2021;5;13;5;3;5;3;0;1;1;0;0;0;0;0;1;2
11;4;4500938.0;2021;6;13;5;3;1;5;0;1;1;0;0;0;0;0;0;1
11;2;2400625.0;2021;7;1;2;3;5;2;2;1;1;0;0;0;0;1;0;1
11;7;7400927.0;2021;5;15;3;3;5;3;0;0;1;0;0;0;1;0;1;2
11;5;5200528.0;2021;6;18;3;3;2;6;0;0;1;0;0;0;1;0;0;1
11;5;5300736.0;2021;7;13;2;2;5;7;0;0;0;1;1;0;0;0;0;1
11;1;1200520.0;2021;7;11;3;3;2;6;0;1;0;0;0;0;1;0;0;1
11;9;9100407.0;2021;5;6;6;3;2;7;0;0;1;0;0;0;1;1;1;2
11;6;6300526.0;2021;6;9;5;3;0;1;0;0;1;0;0;0;0;0;0;1
11;9;9100407.0;2021;6;7;4;3;2;6;0;0;1;0;0;0;0;0;0;1
11;11;11300722.0;2021;7;6;7;2;5;3;0;0;1;0;0;0;0;1;0;1
11;8;8100312.0;2021;6;10;3;3;5;3;0;1;0;0;0;0;1;1;0;1
11;1;1100206.0;2021;6;6;6;3;0;1;0;0;0;0;0;0;1;0;0;1
11;8;8100417.0;2021;6;12;3;3;2;2;0;0;1;0;0;0;0;0;0;1
11;1;1200517.0;2021;6;9;3;3;3;6;0;0;1;0;0;0;0;0;0;1
11;3;3400830.0;2021;6;13;1;2;5;3;0;1;1;1;0;0;0;0;0;1
11;4;4100101.0;2021;6;17;1;3;6;7;0;0;0;1;0;0;1;0;0;1
11;4;4501042.0;2021;7;12;7;3;0;2;0;0;1;0;1;0;0;0;0;1
11;10;10400940.0;2021;6;13;7;3;2;6;0;0;1;0;0;0;1;0;0;1
11;7;7601341.0;2021;5;13;4;3;0;6;0;1;1;0;0;0;0;0;1;2
11;8;8401242.0;2021;6;0;4;3;1;1;2;0;1;0;0;1;0;0;0;1
11;5;5300737.0;2021;7;13;3;3;3;6;0;0;1;0;0;0;1;0;0;1
11;4;4501151.0;2021;7;19;4;3;5;7;0;0;1;0;1;0;0;0;0;1
11;10;10100205.0;2021;6;17;5;3;5;2;0;0;1;0;0;0;1;0;0;1
11;5;5200630.0;2021;5;19;1;2;5;3;1;0;0;0;0;0;1;0;1;2
11;9;9200511.0;2021;6;18;5;3;0;7;0;1;0;0;0;0;0;0;0;1
11;3;3200205.0;2021;6;8;4;3;5;2;0;1;1;0;0;0;0;0;0;1
11;1;1100313.0;2021;6;0;3;2;0;1;2;1;0;0;0;0;0;0;0;1
11;8;8100207.0;2021;6;13;1;3;5;2;0;1;0;0;0;0;0;0;0;1
11;3;3200310.0;2021;6;20;1;2;5;2;0;1;1;0;0;0;0;0;0;1
11;9;9501737.0;2021;6;8;4;3;5;3;0;1;1;0;0;0;0;0;0;1
11;3;3601450.0;2021;6;16;4;3;0;1;0;1;0;0;0;0;0;0;0;1
11;1;1200517.0;2021;6;14;2;3;1;5;0;0;1;0;0;0;0;0;0;1
11;3;3300412.0;2021;7;10;2;2;0;3;0;0;1;0;0;0;1;1;0;1
11;1;1100308.0;2021;6;5;7;3;5;2;0;1;1;0;0;0;0;0;0;1
11;7;7400721.0;2021;7;8;5;3;1;5;0;0;1;0;0;0;1;1;0;1
11;7;7200308.0;2021;7;19;5;2;6;4;0;0;1;1;0;0;0;0;0;1
11;5;5100316.0;2021;6;14;6;3;1;5;0;0;1;0;0;0;1;0;0;1
11;12;12200308.0;2021;6;10;2;3;5;3;0;1;1;0;0;0;0;0;0;1
11;4;4200206.0;2021;6;10;3;3;5;2;0;1;1;0;0;0;0;0;0;1
11;12;12500928.0;2021;6;15;6;3;5;3;0;1;1;0;0;0;0;0;0;1
11;4;4300416.0;2021;6;15;6;3;5;7;0;0;1;0;1;0;0;0;0;1
11;4;4501152.0;2021;5;8;4;3;5;7;0;1;1;0;0;0;0;0;1;2
11;8;8100208.0;2021;6;9;4;3;5;3;0;0;1;0;0;0;0;1;0;1
11;1;1100310.0;2021;7;14;3;3;5;3;0;1;1;0;0;0;0;0;0;1
11;11;11200411.0;2021;7;8;4;3;5;7;0;0;1;0;1;0;0;1;0;1
11;10;10300734.0;2021;6;17;4;3;5;2;0;0;1;0;1;0;0;0;0;1
11;9;9501736.0;2021;5;22;7;3;1;5;2;1;1;0;0;0;0;0;1;2
11;8;8100311.0;2021;6;17;5;3;5;2;0;0;1;0;0;0;0;0;0;1
11;2;2400521.0;2021;6;9;5;3;0;7;0;0;1;0;0;0;0;1;0;1
11;9;9501941.0;2021;6;17;3;3;2;6;0;0;1;0;0;0;0;0;0;1
11;1;1100103.0;2021;6;21;7;2;5;3;2;1;1;0;0;0;0;0;0;1
11;12;12200309.0;2021;6;15;3;3;5;2;0;1;1;0;0;0;0;0;0;1
11;2;2500830.0;2021;6;19;4;2;5;7;0;0;1;0;1;0;0;0;0;1
11;5;5100316.0;2021;6;15;7;2;5;3;0;0;1;0;0;0;1;0;0;1
11;10;10400940.0;2021;7;17;2;3;0;7;0;0;1;0;0;0;0;0;0;1
11;7;7100101.0;2021;6;14;7;3;6;7;0;0;0;1;0;0;1;0;0;1
11;3;3400619.0;2021;7;15;5;2;5;3;0;0;1;0;0;0;0;1;0;1
11;9;9501939.0;2021;7;16;5;3;2;2;0;1;1;0;0;0;0;1;0;1
11;1;1100308.0;2021;6;13;5;3;2;6;0;1;1;0;0;0;0;0;0;1
11;3;3100102.0;2021;5;7;2;3;6;4;0;0;1;1;0;0;0;0;1;2
11;4;4501041.0;2021;6;13;5;3;1;5;0;1;1;0;0;0;0;0;0;1
11;3;3500934.0;2021;6;15;5;3;5;2;0;1;1;0;0;0;0;0;0;1
11;11;11300722.0;2021;6;17;3;3;5;2;0;1;1;0;0;0;0;0;0;1
11;2;2200209.0;2021;6;9;6;3;1;5;0;1;1;0;0;0;0;0;0;1
11;2;2300418.0;2021;6;21;1;2;5;3;1;1;1;0;0;0;0;0;0;1
11;8;8200730.0;2021;5;8;5;3;6;4;0;1;0;1;0;0;0;0;1;2
11;5;5200629.0;2021;6;17;4;3;6;4;0;0;0;1;0;0;1;0;0;1
11;1;1200519.0;2021;5;21;2;3;2;6;2;0;1;0;1;0;0;1;1;2
11;2;2500835.0;2021;6;14;2;2;5;3;0;1;1;0;0;0;0;0;0;1
11;3;3100102.0;2021;7;15;2;3;4;6;0;1;0;0;0;0;0;0;0;1
11;1;1100310.0;2021;7;22;6;3;2;6;2;0;1;0;0;0;0;1;0;1
11;1;1400942.0;2021;6;8;6;3;5;2;0;1;1;0;0;0;0;0;0;1
11;8;8301037.0;2021;6;16;5;2;5;2;0;0;1;0;0;0;0;0;0;1
11;4;4200308.0;2021;6;11;2;3;2;6;0;0;1;0;0;0;1;0;0;1
11;4;4400727.0;2021;6;11;3;2;5;3;0;1;1;0;0;0;0;0;0;1
11;3;3500934.0;2021;6;11;6;3;1;5;0;0;1;0;0;0;0;0;0;1
11;4;4300620.0;2021;6;8;6;3;5;3;0;1;1;0;0;0;0;0;0;1
11;6;6400737.0;2021;7;13;6;3;5;2;0;1;1;0;0;0;0;0;0;1
11;3;3300514.0;2021;6;9;3;3;5;2;0;1;0;0;0;0;1;0;0;1
11;4;4200308.0;2021;6;13;6;3;0;4;0;0;0;1;1;0;0;0;0;1
11;1;1100309.0;2021;6;8;2;3;3;6;0;1;1;0;0;0;0;0;0;1
11;7;7601544.0;2021;6;12;4;3;5;2;0;1;1;0;0;0;0;0;0;1
11;2;2200210.0;2021;5;17;2;3;6;7;0;1;0;1;0;0;0;0;1;2
11;1;1100310.0;2021;6;6;4;3;5;2;0;0;1;0;0;0;1;1;0;1
11;12;12200414.0;2021;7;11;3;2;2;6;0;0;1;0;1;0;0;0;0;1
11;9;9502043.0;2021;7;11;4;3;6;4;0;0;1;1;0;0;0;1;0;1
11;3;3300413.0;2021;6;15;4;3;0;2;0;1;1;0;0;0;0;0;0;1
11;8;8100314.0;2021;5;14;7;3;2;6;0;1;1;0;0;0;0;0;1;2
11;12;12100204.0;2021;6;14;5;3;5;3;0;0;1;0;0;0;0;0;0;1