LAND;BEZ;LOR_ab_2021;UJAHR;UMONAT;USTUNDE;UWOCHENTAG;UKATEGORIE;UART;UTYP1;ULICHTVERH;IstRad;IstPKW;IstFuss;IstKrad;IstGkfz;IstSonstige;USTRZUSTAND;LOCKDOWN;COVID
11;1;1300836.0;2021;3;18;2;3;0;2;1;1;1;0;0;0;0;0;0;2
11;4;4100101.0;2021;6;7;4;3;3;6;0;0;1;0;1;0;0;1;0;1
11;4;4100101.0;2021;9;20;7;3;3;6;2;0;1;0;0;1;0;0;0;1
11;7;7601236.0;2021;11;6;3;2;6;4;2;0;1;1;0;0;0;1;0;2
11;2;2200208.0;2021;8;20;4;3;5;2;2;1;1;0;0;0;0;1;0;1
11;1;1100206.0;2021;7;19;4;3;0;3;0;1;0;0;1;0;0;0;0;1
11;11;11100101.0;2021;10;5;5;3;2;1;2;0;1;0;0;1;0;1;0;1
11;4;4100101.0;2021;12;7;7;3;3;6;0;0;1;0;0;0;0;1;1;2
11;7;7400928.0;2021;5;16;7;3;3;6;2;0;1;0;0;0;0;0;1;2
11;11;11300722.0;2021;1;11;4;3;2;2;0;1;1;0;0;0;0;1;1;2
11;11;11401034.0;2021;6;15;5;3;5;3;0;1;1;0;0;0;0;0;0;1
11;4;4200310.0;2021;5;9;2;3;2;6;0;0;1;0;0;0;0;0;1;2
11;4;4300414.0;2021;6;23;5;3;3;6;2;0;1;0;0;0;0;0;0;1
11;7;7400824.0;2021;8;6;3;3;5;2;0;0;1;0;0;0;0;0;0;1
11;4;4400725.0;2021;9;15;2;2;2;6;0;0;1;0;1;0;0;0;0;1
11;7;7501133.0;2021;3;10;5;3;3;6;0;0;1;0;0;1;1;0;0;2
11;4;4200206.0;2021;7;14;6;3;4;6;0;0;1;0;0;0;0;0;0;1
11;2;2500727.0;2021;9;17;5;3;5;2;1;1;1;0;0;0;0;1;0;1
11;2;2500830.0;2021;11;3;1;3;3;6;2;0;1;0;1;0;0;0;0;2
11;12;12100205.0;2021;8;15;1;2;5;3;0;0;1;0;0;0;0;0;0;1
11;1;1300836.0;2021;4;9;5;3;5;2;0;1;0;0;0;0;1;0;1;2
11;9;9100409.0;2021;3;11;5;3;2;6;0;0;0;0;0;1;0;0;0;2
11;1;1100205.0;2021;10;21;3;2;5;2;2;1;1;0;0;0;0;1;0;1
11;3;3601449.0;2021;12;10;2;3;1;5;0;1;1;0;0;0;0;1;1;2
11;3;3601451.0;2021;9;17;6;3;5;2;0;1;1;0;0;0;0;0;0;1
11;2;2400520.0;2021;2;16;7;3;0;2;2;0;1;0;0;0;1;1;1;2
11;9;9200613.0;2021;6;13;7;3;2;3;0;1;1;0;0;0;0;0;0;1
11;4;4200308.0;2021;5;15;2;3;0;1;0;0;0;0;1;0;0;0;1;2
11;4;4400725.0;2021;5;19;1;3;2;6;0;0;1;0;0;0;0;0;1;2
11;9;9100101.0;2021;8;3;1;3;5;3;2;0;1;0;0;0;1;0;0;1
11;1;1100205.0;2021;7;17;4;3;2;6;0;0;1;0;0;0;0;0;0;1
11;1;1100102.0;2021;7;22;7;3;5;3;2;0;1;0;1;0;0;0;0;1
11;9;9100306.0;2021;10;22;2;3;3;6;2;0;1;0;0;0;0;0;0;1
11;3;3100101.0;2021;11;18;5;3;5;3;2;0;1;0;0;1;0;1;0;2
11;12;12500930.0;2021;9;19;7;3;6;4;1;0;1;1;0;0;0;0;0;1
11;7;7400822.0;2021;4;17;2;3;2;6;0;0;1;0;0;0;1;0;1;2
11;3;3601245.0;2021;3;20;3;3;3;6;2;0;1;0;1;0;0;0;0;2
11;3;3701657.0;2021;7;18;5;3;0;2;0;0;1;0;1;0;0;0;0;1
11;7;7501133.0;2021;10;15;7;3;2;6;0;0;1;0;0;0;0;0;0;1
11;10;10400940.0;2021;12;15;1;3;5;2;1;0;1;0;0;0;0;2;1;2
11;10;10100208.0;2021;8;16;5;3;2;6;0;0;1;0;0;0;0;0;0;1
11;7;7200410.0;2021;2;14;7;3;3;6;0;0;1;0;0;0;1;0;1;2
11;7;7501029.0;2021;6;14;3;2;5;2;0;1;0;0;0;1;0;0;0;1
11;2;2500727.0;2021;9;8;6;3;6;4;0;1;0;1;0;0;0;0;0;1
11;4;4200207.0;2021;5;12;3;3;3;6;0;0;1;0;0;1;0;0;1;2
11;3;3601142.0;2021;8;17;3;3;6;4;0;0;1;1;0;0;0;0;0;1
11;4;4200310.0;2021;7;13;1;2;5;2;0;0;1;0;1;0;0;0;0;1
11;2;2500729.0;2021;10;19;4;3;2;6;1;0;1;0;0;0;0;0;0;1
11;2;2400522.0;2021;11;16;4;3;2;6;1;0;1;0;0;0;1;1;0;2
11;11;11100101.0;2021;5;10;7;2;0;2;0;1;1;0;0;0;0;0;1;2
11;12;12100103.0;2021;1;17;4;3;2;6;2;0;1;0;0;0;0;1;1;2
11;3;3601452.0;2021;4;23;1;3;5;2;2;1;1;0;0;0;0;0;1;2
11;3;3701660.0;2021;6;13;4;3;3;6;0;1;1;0;0;0;0;0;0;1
11;7;7400823.0;2021;12;20;2;3;3;6;2;0;1;0;0;0;0;1;1;2
11;3;3701660.0;2021;5;6;6;1;5;2;0;1;0;0;0;1;0;1;1;2
11;6;6400735.0;2021;8;17;6;3;3;6;0;1;1;0;0;0;0;0;0;1
11;1;1100310.0;2021;9;10;4;3;3;6;0;0;1;0;1;0;0;0;0;1
11;5;5200528.0;2021;3;18;6;3;1;6;1;0;1;0;1;0;1;0;0;2
11;11;11300722.0;2021;6;14;2;3;2;6;0;1;0;0;0;0;1;0;0;1
11;3;3601348.0;2021;9;0;3;3;1;7;2;0;0;0;0;0;1;0;0;1
11;9;9100305.0;2021;11;9;2;3;5;2;0;1;1;0;0;0;0;1;0;2
11;5;5400943.0;2021;8;13;7;3;2;6;0;0;1;0;0;0;0;0;0;1
11;4;4300622.0;2021;7;17;5;3;3;6;0;1;1;0;0;0;0;0;0;1
11;1;1100102.0;2021;10;3;1;3;1;5;2;0;1;0;0;0;1;0;0;1
11;7;7300619.0;2021;12;13;5;3;0;1;0;0;1;0;0;0;0;0;1;2
11;10;10400941.0;2021;1;16;3;3;3;6;1;0;1;0;0;0;0;1;1;2
11;3;3601449.0;2021;6;7;2;2;5;2;0;1;1;0;0;0;0;0;0;1
11;4;4400830.0;2021;5;5;2;3;3;1;0;0;1;0;1;0;0;1;1;2
11;6;6100209.0;2021;6;12;6;3;5;3;0;0;1;0;1;0;0;0;0;1
11;7;7400822.0;2021;8;13;4;3;2;6;0;0;1;0;0;0;0;0;0;1
11;6;6400737.0;2021;7;14;2;3;2;6;0;0;1;0;0;0;0;1;0;1
11;12;12500930.0;2021;10;7;7;3;2;6;0;0;1;0;0;0;0;0;0;1
11;3;3100103.0;2021;11;16;3;3;8;1;2;0;1;0;0;0;0;0;0;2
11;3;3601142.0;2021;9;19;1;3;6;7;2;0;0;1;0;0;1;0;0;1
11;1;1400940.0;2021;4;15;3;3;5;3;0;0;1;0;0;0;0;0;1;2
11;2;2500727.0;2021;3;11;7;3;5;3;0;0;1;0;0;0;0;0;0;2
11;2;2200208.0;2021;10;18;6;3;0;6;1;0;1;0;1;0;0;1;0;1
11;3;3701657.0;2021;12;20;5;3;6;4;2;0;1;1;0;0;0;0;1;2
11;7;7400824.0;2021;9;4;3;3;5;2;2;0;1;0;1;0;0;0;0;1
11;9;9100101.0;2021;8;15;2;2;5;3;0;1;1;0;0;0;0;0;0;1
11;3;3500936.0;2021;7;11;5;3;6;7;0;0;0;1;0;0;1;0;0;1
11;3;3400831.0;2021;10;11;3;3;3;6;0;0;1;0;0;0;0;1;0;1
11;11;11401034.0;2021;12;16;2;3;6;4;1;0;1;1;0;0;0;0;1;2
11;7;7601236.0;2021;1;17;2;3;0;4;2;0;1;1;0;0;0;0;1;2
11;4;4200206.0;2021;6;8;2;3;2;6;0;0;1;0;0;0;1;0;0;1
11;3;3701660.0;2021;5;14;6;3;2;6;0;0;1;0;1;0;0;0;1;2
11;4;4100101.0;2021;6;13;6;3;8;1;0;0;0;0;0;1;0;0;0;1
11;10;10400837.0;2021;8;15;4;3;3;6;0;0;1;0;1;0;0;0;0;1
11;12;12200414.0;2021;7;11;7;2;2;6;0;0;1;0;0;0;0;0;0;1
11;10;10300733.0;2021;10;14;6;3;5;2;0;1;0;0;0;0;1;0;0;1
11;2;2200208.0;2021;11;11;1;3;3;6;0;0;1;0;0;0;0;0;0;2
11;1;1400940.0;2021;8;16;5;3;5;3;0;0;0;0;1;0;1;0;0;1
11;4;4200310.0;2021;4;15;7;3;6;7;0;0;1;1;0;0;0;0;1;2
11;4;4400725.0;2021;3;15;5;2;0;1;0;0;0;0;1;0;0;0;0;2
11;4;4400830.0;2021;10;16;4;3;2;6;0;0;1;0;0;0;0;0;0;1
11;7;7200308.0;2021;12;16;5;3;2;6;1;0;1;0;0;0;1;1;1;2
11;3;3400826.0;2021;9;20;2;2;1;7;2;0;1;0;0;0;0;0;0;1
11;7;7400825.0;2021;2;10;4;3;1;5;0;0;0;0;0;0;1;1;1;2
11;9;9100407.0;2021;6;9;3;3;2;6;0;0;1;0;0;0;0;0;0;1
11;6;6300526.0;2021;5;11;2;3;5;3;0;0;1;0;0;0;1;0;1;2
11;3;3601449.0;2021;8;7;4;3;3;6;0;1;0;0;0;0;0;0;0;1
11;3;3500936.0;2021;7;21;1;3;0;1;2;0;0;0;1;0;0;1;0;1
11;1;1100102.0;2021;7;11;2;2;6;4;0;0;1;1;0;0;0;0;0;1
11;2;2200209.0;2021;10;19;2;2;1;1;2;0;1;0;0;0;0;0;0;1
11;1;1100102.0;2021;11;13;7;2;6;4;0;1;0;1;0;0;0;0;0;2
11;4;4300621.0;2021;9;16;6;3;0;5;0;0;1;0;0;0;1;0;0;1
11;3;3500936.0;2021;4;8;6;3;5;7;0;0;1;0;0;0;1;0;1;2
11;7;7601236.0;2021;3;16;3;3;2;6;0;0;1;0;0;1;0;0;0;2
11;1;1401044.0;2021;7;14;3;3;2;6;0;0;1;0;0;0;1;0;0;1
11;7;7501133.0;2021;10;18;6;2;5;2;2;1;1;0;0;0;0;1;0;1
11;11;11401032.0;2021;12;9;7;3;2;6;0;0;1;0;0;0;0;2;1;2
11;3;3200204.0;2021;5;19;2;1;9;7;0;0;0;0;1;0;0;0;1;2
11;12;12100204.0;2021;8;14;1;3;5;2;0;0;1;0;0;0;1;0;0;1
11;2;2500727.0;2021;9;18;5;3;0;1;0;1;0;0;0;0;0;0;0;1
11;11;11300722.0;2021;3;8;4;3;5;2;0;1;1;0;0;0;0;0;0;2
11;2;2400625.0;2021;6;15;4;2;5;7;0;0;1;0;1;0;0;1;0;1
11;3;3601347.0;2021;9;15;6;3;5;3;0;1;0;0;0;0;1;0;0;1
11;5;5200528.0;2021;8;19;7;3;5;2;0;1;1;0;0;0;0;0;0;1
11;2;2500727.0;2021;7;17;4;3;5;2;0;1;1;0;0;0;0;0;0;1
11;3;3601348.0;2021;10;16;3;2;1;5;0;0;1;0;1;0;0;0;0;1
11;6;6300527.0;2021;12;13;6;3;5;7;0;0;1;0;1;0;0;0;1;2
11;12;12100103.0;2021;5;11;3;3;1;5;0;1;1;0;0;0;0;0;1;2
11;7;7300619.0;2021;1;22;6;3;2;7;2;0;1;0;0;0;0;1;1;2
11;10;10300734.0;2021;6;10;2;2;0;1;0;1;0;0;0;0;0;0;0;1
11;12;12100101.0;2021;5;12;6;3;5;3;0;1;1;0;0;0;0;0;1;2
11;1;1100102.0;2021;8;13;1;3;6;7;0;1;0;1;0;0;0;0;0;1
11;3;3400828.0;2021;9;15;2;3;4;6;0;1;0;0;0;0;0;0;0;1
11;7;7300619.0;2021;3;13;7;3;2;6;0;0;1;0;0;0;1;0;0;2
11;1;1100205.0;2021;6;18;4;3;0;1;0;0;0;0;1;0;0;1;0;1
11;9;9200613.0;2021;9;10;2;3;5;2;0;1;1;0;0;0;0;0;0;1
11;4;4300413.0;2021;11;12;2;3;2;6;0;0;0;0;1;0;1;0;0;2
11;3;3601245.0;2021;8;12;3;3;6;4;0;0;0;1;0;0;1;0;0;1
11;1;1100310.0;2021;7;11;7;3;3;6;0;0;1;0;1;0;0;0;0;1
11;7;7300619.0;2021;10;10;4;3;5;3;0;1;1;0;0;0;0;0;0;1
11;7;7501133.0;2021;12;22;6;3;0;7;2;0;1;0;1;0;0;0;1;2
11;1;1400940.0;2021;1;6;4;3;5;3;2;0;1;0;0;0;0;1;1;2
11;1;1400940.0;2021;6;18;2;3;0;3;0;0;1;0;1;0;0;0;0;1
11;1;1100310.0;2021;5;18;3;3;2;6;0;1;0;0;0;0;0;0;1;2
11;2;2200208.0;2021;8;15;5;3;2;6;0;0;1;0;0;0;1;0;0;1
11;7;6100102.0;2021;7;16;4;3;2;6;0;0;1;0;1;0;0;0;0;1
11;4;4300414.0;2021;10;14;3;3;2;6;0;0;1;0;0;0;0;1;0;1
11;3;3601449.0;2021;11;7;2;3;5;2;0;1;0;0;0;0;1;0;0;2
11;3;3701657.0;2021;9;15;4;3;5;2;0;1;1;0;0;0;0;0;0;1
11;1;1300836.0;2021;4;14;4;3;2;6;0;0;0;0;1;0;1;0;1;2
11;4;4501148.0;2021;3;16;2;3;2;6;0;0;1;0;0;0;0;0;0;2
11;1;1100310.0;2021;10;15;1;3;6;4;0;1;0;1;0;0;0;0;0;1
11;9;9100101.0;2021;12;17;6;3;3;6;1;0;1;0;0;0;0;0;1;2
11;10;10300733.0;2021;9;9;3;3;0;2;0;1;1;0;0;0;0;0;0;1
11;1;1400940.0;2021;2;19;7;3;5;3;2;0;1;0;0;0;0;0;1;2
11;4;4300621.0;2021;6;12;3;3;6;4;0;1;0;1;0;0;0;0;0;1
11;9;9100101.0;2021;5;12;1;3;2;6;0;0;1;0;1;0;0;0;1;2
11;4;4300415.0;2021;8;7;3;3;3;6;0;0;1;0;0;1;0;0;0;1
11;12;12100204.0;2021;7;15;3;3;5;2;0;1;1;0;0;0;0;0;0;1
11;6;6300527.0;2021;10;13;4;3;5;2;0;1;1;0;0;0;0;0;0;1
11;4;4200311.0;2021;11;15;7;3;2;6;0;0;1;0;0;0;0;1;0;2
11;11;11300724.0;2021;4;7;2;3;2;7;0;0;1;0;0;0;0;0;1;2
11;4;4200310.0;2021;3;8;3;3;5;2;0;1;1;0;0;0;0;0;0;2
11;12;12200414.0;2021;6;22;7;3;2;6;2;0;1;0;0;0;0;0;0;1
11;12;12100204.0;2021;10;18;7;3;3;6;2;0;1;0;0;0;0;0;0;1
11;7;7501133.0;2021;8;13;4;3;2;6;0;0;1;0;0;0;0;0;0;1
11;11;11401034.0;2021;9;8;2;2;3;6;0;0;1;0;1;0;0;0;0;1
11;3;3601142.0;2021;2;18;4;2;3;6;1;1;0;0;0;0;0;0;1;2
11;9;9100101.0;2021;6;19;7;3;0;7;0;1;0;0;0;0;0;0;0;1
11;3;3601347.0;2021;9;16;3;3;1;5;0;1;1;0;0;0;0;0;0;1
11;4;4300622.0;2021;11;16;4;3;2;6;1;0;1;0;1;0;0;0;0;2
11;7;7200411.0;2021;8;12;2;3;2;6;0;0;1;0;0;0;0;1;0;1
11;11;11401032.0;2021;2;8;4;3;2;6;0;0;1;0;0;0;0;1;1;2
11;9;9100305.0;2021;6;16;5;3;5;2;0;1;1;0;0;0;0;0;0;1
11;1;1100310.0;2021;5;2;4;3;0;7;2;0;0;0;0;0;1;0;1;2
11;1;1100207.0;2021;8;14;7;3;5;2;0;0;1;0;1;0;0;0;0;1
11;7;7601236.0;2021;7;8;5;3;6;4;0;1;0;1;0;0;0;0;0;1
11;1;1300836.0;2021;7;18;3;3;5;2;0;1;1;0;0;0;0;0;0;1
11;7;7601442.0;2021;10;16;5;3;1;5;0;1;1;0;0;0;0;0;0;1
11;4;4100101.0;2021;11;15;6;3;2;6;0;0;1;0;0;0;0;0;0;2
11;12;12500926.0;2021;9;7;3;3;0;2;0;1;1;0;0;0;0;0;0;1
11;3;3601449.0;2021;4;13;4;3;5;2;0;0;1;0;0;0;0;0;1;2
11;9;9100101.0;2021;4;15;1;3;2;6;0;0;1;0;0;0;0;0;1;2
11;1;1400940.0;2021;7;19;1;3;5;3;1;0;1;0;0;0;0;1;0;1
11;12;12500927.0;2021;10;22;4;3;2;6;2;0;1;0;1;0;0;0;0;1
11;2;2500727.0;2021;12;18;5;2;1;1;2;0;1;0;1;0;0;2;1;2
11;7;7501133.0;2021;8;18;3;3;6;7;0;1;0;1;0;0;0;0;0;1
11;3;3100101.0;2021;9;13;6;3;2;6;0;0;1;0;0;0;0;0;0;1
11;3;3400826.0;2021;2;12;4;3;2;6;0;0;1;0;0;0;0;0;1;2
11;4;4300415.0;2021;6;15;3;3;2;6;0;0;1;0;0;0;0;0;0;1
11;9;9100409.0;2021;9;15;4;3;3;6;0;0;1;0;0;0;1;0;0;1
11;3;3200309.0;2021;11;17;4;3;2;6;1;0;1;0;0;0;0;0;0;2
11;3;3601449.0;2021;8;15;6;3;0;7;0;1;0;0;0;0;0;1;0;1
11;9;9200613.0;2021;7;10;2;3;3;6;0;0;1;0;1;0;0;0;0;1
11;9;9100305.0;2021;10;15;5;3;5;2;0;0;1;0;0;0;0;1;0;1
11;1;2400520.0;2021;12;9;4;3;2;6;0;0;1;0;0;0;0;0;1;2
11;1;1100102.0;2021;5;12;7;3;2;1;0;0;1;0;0;0;0;0;1;2
11;12;12200414.0;2021;1;14;4;3;2;6;0;0;1;0;0;0;0;1;1;2
11;2;2500727.0;2021;6;19;3;3;3;2;0;0;1;0;0;0;0;0;0;1
11;7;7501133.0;2021;5;17;4;3;5;2;0;1;1;0;0;0;0;0;1;2
11;6;6300527.0;2021;8;20;3;2;5;2;1;0;1;0;0;0;0;0;0;1
11;2;2500833.0;2021;9;7;7;3;0;1;0;1;0;0;0;0;0;0;0;1
11;1;1100102.0;2021;3;12;2;3;4;6;0;1;0;0;0;0;0;0;0;2
11;3;3601451.0;2021;6;7;1;3;5;3;0;1;1;0;0;0;0;0;0;1
11;2;2100101.0;2021;9;15;5;2;5;3;0;0;1;0;0;0;1;0;0;1
11;4;4200308.0;2021;11;17;5;3;2;6;2;0;1;0;0;0;0;1;0;2
11;4;4300622.0;2021;8;12;5;3;3;2;0;0;1;0;0;0;0;1;0;1
11;4;4200311.0;2021;10;10;3;3;2;6;0;0;1;0;0;0;0;0;0;1
11;10;10300734.0;2021;12;9;5;3;2;6;0;0;1;0;0;0;0;0;1;2
11;12;12100103.0;2021;2;10;3;3;5;2;0;0;1;0;0;0;0;1;1;2
11;2;2500727.0;2021;6;15;5;3;5;2;0;1;1;0;0;0;0;0;0;1
11;4;4200206.0;2021;5;14;5;3;2;6;0;0;1;0;0;0;0;0;1;2
11;2;2200208.0;2021;8;15;5;3;5;3;0;0;1;0;0;0;0;0;0;1
11;12;12200414.0;2021;7;8;4;3;3;6;0;0;1;0;0;1;0;1;0;1
11;12;12200414.0;2021;10;10;3;3;0;1;0;0;1;0;0;0;1;1;0;1
11;7;7300619.0;2021;11;19;5;2;2;6;1;0;1;0;0;0;1;1;0;2
11;1;1100310.0;2021;9;0;6;3;0;3;0;1;1;0;0;0;0;0;0;1
11;4;4400726.0;2021;4;15;7;3;2;6;0;0;1;0;0;0;1;0;1;2
11;7;7200411.0;2021;3;18;7;3;5;7;1;0;1;0;0;0;0;1;0;2
11;5;5200633.0;2021;10;8;2;3;3;6;0;0;1;0;0;1;0;0;0;1
11;4;4100102.0;2021;12;17;4;3;0;1;2;0;0;0;1;0;0;0;1;2
11;1;1100310.0;2021;9;13;5;3;2;6;0;0;1;0;1;0;0;0;0;1
11;9;9100101.0;2021;2;14;1;3;3;6;0;0;1;0;0;0;1;0;1;2
11;3;3601451.0;2021;6;14;7;3;6;4;0;0;1;1;0;0;0;0;0;1
11;7;7501030.0;2021;5;11;2;3;5;2;0;0;1;0;1;0;0;0;1;2
11;4;4200308.0;2021;8;14;2;3;2;6;0;0;1;0;0;0;0;0;0;1
11;4;4300621.0;2021;7;18;5;3;5;2;0;1;1;0;0;0;0;1;0;1
11;1;1100310.0;2021;10;10;2;3;0;5;0;1;1;0;0;0;0;0;0;1
11;3;3601449.0;2021;11;7;4;3;5;2;0;1;1;0;0;0;0;1;0;2
11;12;12200414.0;2021;6;21;7;2;4;6;2;0;1;0;1;0;0;0;0;1
11;9;9100101.0;2021;1;22;2;3;5;3;2;0;1;0;0;0;0;1;1;2
11;6;6400737.0;2021;4;21;2;3;2;6;2;0;1;0;0;1;0;0;1;2
11;3;3601142.0;2021;6;16;2;3;5;2;0;1;1;0;0;0;0;0;0;1
11;7;7400927.0;2021;11;13;3;3;3;6;0;0;1;0;0;1;0;0;0;2
11;12;12500824.0;2021;5;13;1;3;2;6;0;0;1;0;0;0;0;1;1;2
11;3;3601451.0;2021;8;6;2;2;5;3;0;1;1;0;0;0;0;0;0;1
11;7;7400825.0;2021;9;16;2;2;0;2;0;0;1;0;0;0;1;0;0;1
11;12;12400723.0;2021;3;19;2;3;5;3;2;0;1;0;0;0;0;0;0;2
11;2;2500835.0;2021;7;15;6;3;5;3;0;1;1;0;0;0;0;0;0;1
11;11;11300722.0;2021;9;15;7;3;2;2;0;0;1;0;0;0;0;0;0;1
11;2;2500729.0;2021;11;9;2;2;6;4;0;0;1;1;1;0;0;0;0;2
11;7;7200411.0;2021;8;0;3;3;5;2;2;1;1;0;0;0;0;0;0;1
11;5;5200634.0;2021;7;17;2;3;0;1;0;1;1;0;0;0;0;0;0;1
11;10;10300733.0;2021;10;14;4;3;2;6;0;0;1;0;0;0;0;0;0;1
11;4;4100101.0;2021;12;17;6;3;2;6;2;0;1;0;0;0;0;1;1;2
11;3;3400620.0;2021;5;10;1;2;2;6;0;0;1;0;1;0;0;0;1;2
11;1;1100310.0;2021;1;16;5;3;5;3;1;1;1;0;0;0;0;0;1;2
11;6;6300527.0;2021;6;18;2;2;0;2;0;1;1;0;0;0;0;0;0;1
11;4;4501151.0;2021;5;15;2;3;2;6;0;0;1;0;0;0;0;0;1;2
11;1;1300836.0;2021;8;22;1;3;5;2;2;0;1;0;0;0;0;1;0;1
11;7;7400824.0;2021;9;18;3;3;2;6;0;0;1;0;0;0;0;0;0;1
11;7;7200308.0;2021;3;10;7;3;3;6;0;0;1;0;0;0;0;0;0;2
11;10;10100208.0;2021;7;10;3;3;2;6;0;0;1;0;0;0;1;0;0;1
11;3;3601142.0;2021;9;8;5;3;1;7;0;0;0;0;1;0;1;0;0;1
11;12;12400618.0;2021;11;6;3;3;2;7;2;0;1;0;0;1;0;1;0;2
11;1;1200624.0;2021;8;6;1;3;8;1;0;0;1;0;0;0;0;1;0;1
11;2;2500834.0;2021;4;16;5;3;0;1;0;1;0;0;0;0;0;0;1;2
11;12;12400619.0;2021;3;7;6;3;3;7;0;0;1;0;0;0;0;1;0;2
11;1;1100310.0;2021;10;22;3;3;5;2;2;1;1;0;0;0;0;1;0;1
11;4;4200311.0;2021;12;16;5;3;2;6;0;0;1;0;0;0;0;0;1;2
11;12;12200411.0;2021;9;5;6;2;0;1;2;0;0;0;1;0;0;1;0;1
11;7;7400928.0;2021;2;14;2;3;3;6;0;0;1;0;0;1;0;0;1;2
11;3;3500936.0;2021;6;17;7;2;5;7;0;0;1;0;0;0;1;0;0;1
11;1;1100310.0;2021;7;16;3;3;6;2;0;0;1;1;0;0;0;0;0;1
11;7;7400822.0;2021;10;20;5;2;2;6;2;0;1;0;0;0;0;0;0;1
11;9;9100101.0;2021;12;9;4;3;5;7;0;1;1;0;0;0;0;1;1;2
11;7;7400824.0;2021;5;13;2;2;3;6;0;0;1;0;0;0;1;0;1;2
11;2;2500726.0;2021;1;22;4;2;5;3;2;0;1;0;0;0;0;1;1;2
11;3;3601451.0;2021;6;6;5;3;0;1;0;1;0;0;0;0;0;0;0;1
11;4;4200310.0;2021;5;13;7;3;2;6;0;0;1;0;0;0;0;1;1;2
11;7;7601236.0;2021;8;19;7;3;2;2;0;0;1;0;1;0;0;0;0;1
11;2;2500727.0;2021;9;0;7;2;0;1;2;0;0;0;0;0;1;0;0;1
11;4;4300414.0;2021;3;20;4;2;6;7;2;0;1;1;0;0;0;0;0;2
11;7;7300619.0;2021;7;9;6;2;2;6;0;0;1;0;0;0;0;0;0;1
11;4;4400830.0;2021;9;17;4;3;2;6;0;0;1;0;0;0;0;1;0;1
11;2;2500727.0;2021;11;13;6;3;5;2;0;0;1;0;0;0;1;0;0;2
11;12;12200310.0;2021;8;13;7;3;2;6;0;0;1;0;0;0;0;0;0;1
11;3;3200205.0;2021;4;13;2;2;6;4;0;1;0;1;0;0;0;0;1;2
11;10;10300733.0;2021;3;14;6;3;5;2;0;1;1;0;0;0;0;1;0;2
11;1;1100310.0;2021;10;2;1;3;0;7;2;0;0;0;0;0;1;0;0;1
11;3;3701657.0;2021;12;7;6;2;6;4;1;0;1;1;0;0;0;1;1;2
11;7;6100209.0;2021;1;1;7;3;8;1;2;0;1;0;0;0;0;2;1;2
11;4;4400725.0;2021;6;7;4;3;2;6;0;0;1;0;0;0;0;0;0;1
11;2;2200207.0;2021;5;16;4;3;0;4;0;0;0;1;0;0;1;0;1;2
11;1;12100101.0;2021;5;1;1;3;9;1;2;0;0;0;1;0;0;0;1;2
11;7;7400825.0;2021;8;8;6;3;0;6;0;0;1;0;0;0;1;0;0;1
11;2;2500727.0;2021;7;18;5;3;5;2;0;1;1;0;0;0;0;1;0;1
11;9;9100101.0;2021;10;13;2;3;2;6;0;0;0;0;1;0;1;0;0;1
11;1;1100310.0;2021;11;9;4;3;6;4;0;1;0;1;0;0;0;1;0;2
11;7;7400825.0;2021;9;16;7;3;2;6;0;0;1;0;0;0;0;0;0;1
11;7;7400721.0;2021;6;15;7;3;3;6;0;0;1;0;1;0;0;0;0;1
11;10;10100206.0;2021;4;15;4;3;2;7;0;0;1;0;0;0;0;0;1;2
11;3;3601141.0;2021;3;19;3;3;1;1;1;1;1;0;0;0;0;0;0;2
11;1;1100102.0;2021;10;15;3;3;2;2;0;0;1;0;1;0;0;0;0;1
11;3;3200206.0;2021;12;9;2;3;6;7;0;1;0;1;0;0;0;0;1;2
11;10;10100312.0;2021;9;6;5;3;3;6;0;0;1;0;1;0;0;1;0;1
11;7;7300619.0;2021;2;22;2;3;9;1;2;0;1;0;0;0;0;2;1;2
11;4;4200311.0;2021;6;14;6;3;3;6;0;0;1;0;0;0;0;0;0;1
11;1;1200624.0;2021;5;19;3;3;1;5;0;0;1;0;0;0;0;1;1;2
11;1;1100310.0;2021;8;19;7;3;5;2;0;1;1;0;0;0;0;0;0;1
11;3;3200204.0;2021;7;14;7;3;2;6;0;0;1;0;0;0;0;0;0;1
11;10;10400941.0;2021;10;13;5;2;2;6;0;0;1;0;0;0;0;0;0;1
11;7;7501135.0;2021;11;13;7;3;9;1;0;1;0;0;0;0;0;0;0;2
11;3;3500936.0;2021;4;18;6;3;0;1;0;1;0;0;0;0;0;0;1;2
11;7;7400825.0;2021;1;15;5;3;2;6;0;0;1;0;0;0;0;1;1;2
11;2;2500727.0;2021;4;9;4;3;5;2;0;1;1;0;0;0;0;0;1;2
11;7;7300619.0;2021;6;13;1;3;2;6;0;0;1;0;0;0;0;0;0;1
11;4;4200311.0;2021;12;21;6;3;5;2;2;0;1;0;0;0;0;1;1;2
11;4;4400727.0;2021;5;8;3;2;3;6;0;0;1;0;0;1;0;0;1;2
11;12;12100205.0;2021;8;18;3;3;5;2;0;1;1;0;0;0;0;0;0;1
11;3;3601449.0;2021;9;14;4;3;5;2;0;1;1;0;0;0;0;1;0;1
11;2;2500727.0;2021;3;12;5;3;5;2;0;1;0;0;0;0;1;0;0;2
11;2;2100101.0;2021;6;17;3;3;5;2;0;1;1;0;0;0;0;0;0;1