LAND;BEZ;LOR_ab_2021;UJAHR;UMONAT;USTUNDE;UWOCHENTAG;UKATEGORIE;UART;UTYP1;ULICHTVERH;IstRad;IstPKW;IstFuss;IstKrad;IstGkfz;IstSonstige;USTRZUSTAND;LOCKDOWN;COVID
11;4;4200311.0;2020;6;8;6;3;3;6;0;0;1;0;0;1;0;0;0;1
11;1;1300836.0;2020;10;14;7;3;5;7;0;0;1;0;0;0;0;0;1;1
11;7;7400721.0;2020;2;11;5;3;2;6;0;0;1;0;0;1;0;1;0;0
11;1;1100310.0;2020;11;16;4;2;1;5;2;1;1;0;0;0;0;0;1;2
11;1;1100104.0;2020;9;16;3;3;5;3;0;0;1;0;1;0;0;0;0;1
11;11;11100101.0;2020;8;15;2;3;5;2;0;1;0;0;0;0;1;0;0;1
11;1;1100104.0;2020;2;17;4;3;4;6;0;1;0;0;0;0;1;0;0;0
11;4;4100101.0;2020;10;10;6;3;0;6;0;0;0;0;0;0;1;0;1;1
11;2;2500728.0;2020;8;15;4;2;2;2;0;1;0;0;0;0;0;0;0;1
11;7;7300619.0;2020;7;12;4;3;2;6;0;0;1;0;0;0;0;1;0;1
11;1;1100310.0;2020;6;9;6;3;5;3;0;1;1;0;0;0;0;0;0;1
11;3;3601142.0;2020;11;13;5;3;2;7;0;0;1;0;0;0;1;0;1;2
11;1;1300836.0;2020;2;18;4;3;6;2;2;0;1;1;0;0;0;1;0;0
11;4;4300414.0;2020;9;22;5;3;6;4;2;1;0;1;0;0;0;0;0;1
11;12;12100205.0;2020;12;10;3;3;2;6;0;0;1;0;0;0;1;0;1;2
11;6;6400735.0;2020;6;17;2;3;8;1;0;1;0;0;0;0;0;0;0;1
11;1;1300836.0;2020;2;15;4;3;0;2;0;1;0;0;0;0;1;0;0;0
11;5;5200634.0;2020;9;17;5;3;5;3;0;0;1;0;0;0;0;0;0;1
11;12;12400723.0;2020;7;16;6;3;5;3;0;1;1;0;0;0;0;0;0;1
11;9;9100305.0;2020;2;14;4;2;5;3;0;1;1;0;0;0;0;0;0;0
11;3;3601451.0;2020;10;13;5;3;3;6;0;1;0;0;0;0;1;0;1;1
11;6;6400735.0;2020;12;14;3;3;0;5;0;1;1;0;0;0;0;0;1;2
11;1;1100102.0;2020;5;18;4;3;5;3;0;1;1;0;0;0;0;0;1;1
11;3;3701659.0;2020;8;15;7;3;5;3;0;0;1;0;0;0;1;0;0;1
11;11;11401032.0;2020;7;14;4;3;3;1;0;0;1;0;0;1;0;0;0;1
11;4;4400727.0;2020;5;23;1;2;0;1;2;1;0;0;0;0;0;0;1;1
11;11;11401034.0;2020;10;8;4;3;8;1;0;0;0;0;1;0;0;1;1;1
11;2;2200209.0;2020;2;21;4;3;9;1;2;0;1;0;0;0;0;1;0;0
11;12;12200414.0;2020;9;13;1;3;8;1;0;0;1;0;0;0;0;0;0;1
11;3;3601139.0;2020;11;7;2;3;6;4;0;0;1;1;0;0;0;0;1;2
11;1;1100207.0;2020;5;17;4;2;5;3;0;1;1;0;0;0;0;0;1;1
11;7;7400824.0;2020;8;20;6;3;6;7;1;0;1;1;0;0;0;0;0;1
11;9;9100202.0;2020;6;18;7;3;5;3;1;1;1;0;0;0;0;1;0;1
11;7;7400721.0;2020;2;20;4;3;5;3;2;0;1;0;0;0;0;0;0;0
11;2;2400522.0;2020;10;22;7;3;4;6;2;1;0;0;0;0;1;0;1;1
11;12;12200310.0;2020;12;6;5;3;2;6;2;0;1;0;0;0;0;0;1;2
11;2;2200208.0;2020;8;10;2;3;5;2;0;1;0;0;0;0;1;0;0;1
11;1;1200624.0;2020;7;8;5;3;0;6;0;0;0;0;1;0;1;1;0;1
11;1;1100102.0;2020;2;19;4;3;2;6;2;0;1;0;0;0;0;1;0;0
11;6;6100101.0;2020;10;0;5;3;2;6;2;0;1;0;0;0;1;0;1;1
11;10;10300733.0;2020;2;18;4;3;5;2;2;1;1;0;0;0;0;1;0;0
11;10;10100206.0;2020;9;12;3;2;5;3;0;0;1;0;0;1;0;0;0;1
11;3;3601348.0;2020;11;13;1;3;2;6;0;1;1;0;0;0;0;0;1;2
11;7;7501029.0;2020;9;0;6;3;3;2;2;0;1;0;0;0;0;0;0;1
11;7;7400822.0;2020;5;17;4;3;2;6;0;0;1;0;0;0;0;0;1;1
11;3;3601452.0;2020;8;1;7;3;2;6;2;1;1;0;0;0;0;0;0;1
11;1;1300836.0;2020;6;16;3;3;5;2;0;1;1;0;0;0;0;0;0;1
11;1;1100206.0;2020;2;22;3;3;2;6;2;0;1;0;0;0;0;0;0;0
11;12;12100103.0;2020;9;20;2;3;5;2;2;0;1;0;0;0;1;0;0;1
11;4;4400830.0;2020;12;9;3;3;2;6;0;0;1;0;0;0;1;0;1;2
11;2;2500726.0;2020;6;12;4;3;5;3;0;1;1;1;0;0;0;0;0;1
11;9;9100101.0;2020;2;21;3;3;2;6;2;0;1;0;0;0;0;0;0;0
11;2;2500727.0;2020;11;18;2;2;5;2;2;1;1;0;0;0;0;0;1;2
11;6;6400735.0;2020;9;17;1;3;1;5;0;1;1;0;0;0;0;0;0;1
11;7;7400825.0;2020;7;11;6;3;2;6;0;0;1;0;0;0;0;0;0;1
11;2;2200208.0;2020;2;11;3;2;6;7;0;0;1;1;0;0;0;1;0;0
11;12;12601031.0;2020;10;14;4;3;5;3;0;0;1;0;0;0;0;1;1;1
11;7;7400824.0;2020;8;14;3;2;1;5;0;1;1;0;0;0;0;0;0;1
11;4;4200308.0;2020;7;15;2;3;2;6;0;0;1;0;0;0;0;0;0;1
11;2;2400522.0;2020;5;23;7;3;5;3;2;1;1;0;0;0;0;0;1;1
11;6;6300526.0;2020;6;19;4;3;5;3;0;1;0;0;0;0;0;0;0;1
11;4;4200308.0;2020;11;20;2;2;3;6;2;0;1;0;1;0;0;0;1;2
11;3;3701657.0;2020;2;18;3;3;6;4;2;1;0;1;0;0;0;0;0;0
11;6;6300629.0;2020;9;13;4;3;1;5;0;1;1;0;0;0;0;0;0;1
11;7;7400824.0;2020;11;12;7;3;3;6;0;0;1;0;0;0;0;0;1;2
11;3;3701660.0;2020;5;16;4;3;3;6;0;1;0;0;0;0;0;0;1;1
11;10;10300733.0;2020;8;16;2;3;0;2;0;1;1;0;0;0;0;0;0;1
11;7;7601442.0;2020;6;11;4;3;3;6;0;0;1;0;1;0;0;0;0;1
11;9;9200613.0;2020;2;17;3;3;5;2;1;1;1;0;0;0;0;1;0;0
11;3;3400829.0;2020;9;8;3;3;2;6;0;0;1;0;0;0;1;0;0;1
11;4;4300622.0;2020;12;17;4;3;5;2;1;0;1;0;0;0;0;1;1;2
11;7;7400822.0;2020;8;16;3;3;0;1;0;0;1;0;1;0;0;0;0;1
11;3;3601449.0;2020;6;16;5;3;6;7;0;1;0;1;0;0;0;0;0;1
11;7;7501133.0;2020;10;17;7;3;2;6;0;0;1;0;0;0;0;0;1;1
11;10;10100312.0;2020;2;5;2;2;6;6;1;0;1;1;0;0;0;1;0;0
11;3;3601449.0;2020;11;10;3;2;0;2;0;0;0;0;0;1;1;0;1;2
11;3;3500936.0;2020;9;14;2;3;3;6;0;1;1;0;0;0;0;0;0;1
11;2;2200209.0;2020;8;1;1;3;2;6;2;0;1;0;1;0;0;0;0;1
11;7;7501133.0;2020;2;7;2;3;5;2;0;0;0;0;1;0;1;0;0;0
11;3;3601451.0;2020;10;15;5;3;2;6;0;0;1;0;0;1;0;1;1;1
11;3;3601347.0;2020;8;14;3;3;2;6;0;1;0;0;0;0;1;0;0;1
11;3;3601452.0;2020;7;13;3;3;1;5;0;1;1;0;0;0;0;0;0;1
11;7;7501030.0;2020;6;18;5;3;1;1;0;0;1;0;0;0;0;1;0;1
11;7;7601236.0;2020;11;6;4;3;6;4;2;0;1;1;0;0;0;0;1;2
11;2;2500727.0;2020;2;20;2;3;5;3;1;1;1;0;0;0;0;1;0;0
11;2;2100101.0;2020;9;11;5;3;5;2;0;1;1;0;0;0;0;0;0;1
11;12;12200310.0;2020;11;8;2;3;3;6;0;0;1;0;0;1;0;0;1;2
11;6;6400737.0;2020;6;9;1;2;4;6;0;1;0;0;0;0;0;0;0;1
11;6;6400737.0;2020;2;19;2;3;2;6;2;0;1;0;0;0;0;1;0;0
11;3;3601142.0;2020;9;15;4;3;1;5;0;1;1;0;0;0;0;1;0;1
11;2;2500729.0;2020;7;21;5;3;1;5;1;0;1;0;1;0;0;0;0;1
11;4;4400726.0;2020;2;15;2;3;3;6;0;0;1;0;0;1;0;0;0;0
11;5;5400942.0;2020;10;10;4;3;0;7;0;0;1;0;0;0;1;0;1;1
11;11;11300722.0;2020;12;17;6;3;6;4;2;1;0;1;0;0;0;1;1;2
11;12;12601032.0;2020;8;11;5;3;2;6;0;0;1;0;0;0;0;0;0;1
11;10;10400837.0;2020;7;18;3;2;2;6;0;0;1;0;0;0;0;0;0;1
11;7;7300619.0;2020;5;13;7;3;8;1;0;0;1;0;0;0;0;0;1;1
11;4;4200311.0;2020;10;17;3;3;3;6;2;0;1;0;0;0;1;0;1;1
11;2;2200208.0;2020;2;16;1;3;2;6;2;0;1;0;0;0;0;1;0;0
11;1;1100207.0;2020;9;20;1;3;2;6;1;0;1;0;0;0;0;0;0;1
11;9;9200613.0;2020;11;15;2;3;2;6;0;0;1;0;0;0;0;0;1;2
11;4;4200206.0;2020;5;15;4;2;1;1;0;1;0;0;0;1;0;0;1;1
11;1;1100102.0;2020;8;16;5;3;2;6;0;0;1;0;0;0;0;0;0;1
11;10;10300734.0;2020;6;10;6;3;2;6;0;0;1;0;0;1;0;0;0;1
11;1;1100310.0;2020;2;17;1;3;5;3;2;0;1;0;0;0;0;1;0;0
11;7;7501135.0;2020;10;16;6;3;5;3;0;1;1;0;0;0;0;0;1;1
11;1;1300836.0;2020;12;0;3;3;2;6;2;0;1;0;0;0;0;0;1;2
11;12;12100103.0;2020;8;0;1;3;6;7;2;1;0;1;0;0;0;0;0;1
11;1;1100310.0;2020;6;22;3;3;5;3;2;0;1;0;0;0;0;0;0;1
11;3;3601449.0;2020;2;20;7;3;3;6;2;0;1;0;0;0;0;0;0;0
11;7;7100205.0;2020;10;14;5;3;1;5;0;1;1;0;0;0;0;0;1;1
11;3;3500936.0;2020;2;19;7;3;6;4;2;0;0;1;0;0;1;1;0;0
11;4;4300622.0;2020;9;17;2;3;5;2;0;0;1;0;1;0;0;0;0;1
11;1;1200624.0;2020;11;23;7;2;6;7;2;0;1;1;0;0;0;0;1;2
11;4;4200308.0;2020;9;12;6;2;2;6;0;0;0;0;0;1;1;0;0;1
11;12;12100204.0;2020;2;19;7;3;6;2;2;0;1;1;0;0;0;1;0;0
11;1;1401044.0;2020;5;13;3;3;3;6;0;0;1;0;0;0;0;0;1;1
11;4;4200311.0;2020;8;10;7;3;2;6;0;0;1;0;0;0;0;1;0;1
11;4;4100101.0;2020;7;19;3;3;2;6;0;0;1;0;0;0;0;0;0;1
11;3;3501037.0;2020;6;15;2;3;2;6;0;1;0;0;0;0;0;0;0;1
11;12;12100205.0;2020;2;20;6;2;1;5;2;0;1;0;0;0;0;0;0;0
11;12;12400618.0;2020;9;10;7;3;8;1;0;0;1;0;0;0;0;1;0;1
11;2;2100101.0;2020;12;2;2;3;3;6;2;1;0;0;0;0;0;0;1;2
11;2;2500727.0;2020;6;11;4;3;2;6;0;1;0;0;0;0;0;0;0;1
11;1;1100310.0;2020;2;18;6;3;5;5;0;0;1;0;0;0;0;0;0;0
11;1;1300836.0;2020;11;13;6;3;0;7;0;0;0;0;1;0;0;1;1;2
11;4;4300622.0;2020;9;18;7;3;5;2;0;0;1;0;1;0;0;0;0;1
11;2;2500726.0;2020;7;12;6;2;3;6;0;1;0;0;0;0;0;0;0;1
11;12;12500824.0;2020;2;13;6;3;2;6;0;0;1;0;0;0;0;0;0;0
11;9;9100101.0;2020;10;22;2;3;3;6;2;0;1;0;1;0;0;0;1;1
11;5;5200528.0;2020;8;15;2;3;2;6;0;0;1;0;0;0;0;0;0;1
11;2;2500726.0;2020;7;21;1;3;5;2;0;1;1;0;0;0;0;0;0;1
11;2;2500728.0;2020;6;13;4;3;3;6;0;1;1;0;0;0;0;0;0;1
11;1;1400940.0;2020;11;13;1;3;5;3;0;0;1;0;0;0;0;1;1;2
11;12;12100204.0;2020;2;10;6;3;5;3;0;0;1;0;0;1;0;1;0;0
11;3;3200204.0;2020;9;17;3;3;2;7;0;1;0;0;1;0;0;0;0;1
11;3;3400826.0;2020;11;20;7;3;2;6;2;0;1;0;0;0;1;0;1;2
11;4;4200309.0;2020;6;15;5;3;4;6;0;0;1;0;0;0;1;0;0;1
11;7;7501135.0;2020;2;12;6;3;0;6;0;1;1;0;0;0;0;0;0;0
11;1;1100207.0;2020;8;18;2;3;2;6;0;0;1;0;0;0;0;0;0;1
11;4;4300414.0;2020;7;14;4;3;3;6;0;1;0;0;1;0;0;0;0;1
11;2;2500835.0;2020;2;6;6;3;5;3;2;1;1;0;0;0;0;1;0;0
11;4;4300414.0;2020;10;9;3;3;3;6;0;0;1;0;0;0;0;0;1;1
11;4;4300621.0;2020;12;12;3;3;5;7;0;0;1;0;0;0;0;0;1;2
11;5;5400943.0;2020;8;16;4;3;5;2;0;1;1;0;0;0;0;0;0;1
11;2;2500729.0;2020;7;9;2;3;5;2;0;1;1;0;0;0;0;0;0;1
11;7;7400824.0;2020;5;7;5;3;0;5;0;0;0;0;1;0;1;0;1;1
11;7;7400720.0;2020;10;8;2;3;2;6;0;0;1;0;0;0;1;1;1;1
11;1;1100310.0;2020;2;23;5;3;5;2;2;0;1;0;0;0;0;1;0;0
11;3;3601452.0;2020;9;2;5;3;2;6;2;1;1;0;0;0;0;0;0;1
11;1;1401044.0;2020;11;16;4;2;6;7;0;0;0;1;0;0;1;0;1;2
11;2;2100101.0;2020;5;21;3;3;0;1;1;1;0;0;0;0;0;0;1;1
11;10;10400837.0;2020;8;14;3;3;5;2;0;1;1;0;0;0;0;0;0;1
11;1;1200624.0;2020;6;17;5;3;0;2;0;1;1;0;0;0;0;0;0;1
11;7;7501030.0;2020;6;15;6;3;2;6;0;0;1;0;0;0;0;0;0;1
11;12;12400723.0;2020;2;0;5;3;3;6;2;0;1;0;0;0;0;1;0;0
11;4;4200311.0;2020;9;15;3;2;2;6;0;0;1;0;0;0;1;0;0;1
11;6;6400735.0;2020;7;13;5;3;1;7;0;0;1;0;0;0;0;0;0;1
11;2;3601452.0;2020;2;21;5;3;2;6;2;0;1;0;0;0;0;0;0;0
11;4;4200206.0;2020;10;16;4;2;3;6;0;0;1;0;1;0;0;1;1;1
11;1;1100310.0;2020;12;16;4;3;5;3;2;0;1;0;0;0;0;1;1;2
11;6;6400737.0;2020;8;13;5;3;5;3;0;1;1;0;0;0;0;0;0;1
11;10;10400941.0;2020;7;17;2;3;2;6;0;0;1;0;0;0;0;0;0;1
11;7;7400824.0;2020;5;16;6;3;3;2;0;0;1;0;0;1;0;0;1;1
11;3;3100101.0;2020;10;20;2;2;8;1;2;0;1;0;0;1;0;1;1;1
11;1;1100104.0;2020;2;18;5;2;6;4;1;1;0;1;0;0;0;1;0;0
11;7;7100205.0;2020;9;0;7;3;1;5;2;0;1;0;0;0;1;0;0;1
11;8;8200622.0;2020;11;18;5;3;2;6;2;0;1;0;0;1;0;1;1;2
11;7;7501030.0;2020;5;19;3;3;1;5;1;1;1;0;0;0;0;0;1;1
11;1;1300836.0;2020;8;18;4;3;2;6;0;0;1;0;0;0;0;1;0;1
11;3;3601347.0;2020;6;10;6;3;3;6;0;1;0;0;0;0;0;0;0;1
11;12;12400723.0;2020;2;18;5;3;5;3;2;1;1;0;0;0;0;1;0;0
11;2;2500835.0;2020;10;14;5;2;0;6;0;0;0;0;1;0;1;0;1;1
11;1;1100311.0;2020;12;14;3;3;6;4;0;1;0;1;0;0;0;0;1;2
11;4;4300414.0;2020;8;14;7;3;5;2;0;0;1;0;1;0;0;0;0;1
11;3;3200205.0;2020;6;19;2;3;5;2;0;1;1;0;0;0;0;0;0;1
11;1;1300836.0;2020;2;19;4;3;5;5;2;0;1;0;0;0;0;1;0;0
11;2;2500727.0;2020;10;4;4;2;5;2;2;0;1;0;0;0;0;1;1;1
11;10;10400940.0;2020;2;18;4;3;2;6;2;0;1;0;0;0;0;1;0;0
11;10;10300733.0;2020;9;19;1;2;2;6;1;0;1;0;1;0;0;0;0;1
11;9;9200613.0;2020;11;8;6;2;5;2;0;1;1;0;0;0;0;0;1;2
11;4;4300414.0;2020;9;11;5;3;6;4;0;0;1;1;0;0;0;0;0;1
11;1;1100310.0;2020;2;16;4;3;5;2;0;1;0;0;0;0;1;0;0;0
11;1;1400940.0;2020;5;18;3;3;5;3;0;0;1;0;0;0;0;0;1;1
11;12;12100205.0;2020;8;15;6;1;5;2;0;1;0;0;0;1;0;0;0;1
11;3;3100101.0;2020;7;6;2;3;8;1;0;0;0;0;0;1;0;0;0;1
11;7;7601442.0;2020;6;0;1;3;0;1;2;1;0;0;0;0;0;0;0;1
11;4;4300415.0;2020;2;16;4;3;2;6;0;0;1;0;0;0;0;0;0;0
11;1;1100102.0;2020;9;9;6;3;5;2;0;0;1;0;0;0;0;1;0;1
11;1;1100102.0;2020;12;10;1;3;5;2;0;1;1;0;0;0;0;0;1;2
11;7;7300619.0;2020;6;13;4;3;2;6;0;0;1;0;1;0;0;0;0;1
11;4;4300621.0;2020;2;7;4;3;2;6;0;0;1;0;0;0;0;1;0;0
11;3;3200204.0;2020;11;7;5;3;0;2;0;1;1;0;0;0;0;0;1;2
11;6;6400735.0;2020;9;14;7;3;5;7;0;0;1;0;0;0;0;0;0;1
11;7;7300619.0;2020;7;17;4;3;2;6;0;0;1;0;1;0;0;0;0;1
11;6;6300527.0;2020;2;12;4;3;2;6;0;0;1;0;0;0;1;1;0;0
11;3;3701657.0;2020;10;0;7;3;5;3;2;1;1;0;0;0;0;1;1;1
11;4;4200310.0;2020;8;10;2;3;2;6;0;0;1;0;0;0;0;0;0;1
11;8;8200622.0;2020;7;20;6;3;2;6;1;0;1;0;0;0;0;0;0;1
11;4;4501151.0;2020;5;22;7;3;2;6;2;0;1;0;0;0;0;0;1;1
11;12;12500927.0;2020;6;11;3;3;3;6;0;0;1;0;0;0;0;0;0;1
11;4;4300622.0;2020;10;13;7;3;0;6;0;0;1;0;1;0;0;1;1;1
11;3;3200205.0;2020;2;9;4;3;6;7;0;0;1;1;0;0;0;1;0;0
11;3;3601142.0;2020;9;11;3;3;6;7;0;0;1;1;0;0;0;0;0;1
11;4;4501151.0;2020;11;17;6;3;2;6;2;0;1;0;0;0;0;1;1;2
11;1;1100207.0;2020;6;4;5;3;2;6;0;0;1;0;1;0;0;0;0;1
11;2;3601452.0;2020;8;12;2;3;2;6;0;0;1;0;0;1;0;0;0;1
11;7;7100205.0;2020;6;17;3;3;2;6;0;1;0;0;0;0;0;0;0;1
11;3;3400829.0;2020;2;19;3;2;6;7;2;1;0;1;0;0;0;0;0;0
11;6;6300629.0;2020;10;17;2;3;5;2;0;1;1;0;0;0;0;0;1;1
11;12;12100103.0;2020;12;7;2;3;5;3;0;1;1;0;0;0;0;1;1;2
11;3;3400826.0;2020;8;8;4;2;5;2;0;1;1;0;0;0;0;0;0;1
11;2;2500835.0;2020;7;22;1;3;0;1;2;0;0;0;1;0;0;1;0;1
11;3;3601347.0;2020;5;19;3;3;2;6;0;0;1;0;0;0;0;0;1;1
11;5;5200528.0;2020;10;20;1;2;9;1;2;0;0;0;1;0;0;0;1;1
11;7;7200308.0;2020;2;14;3;3;2;6;0;0;1;0;0;0;0;1;0;0
11;6;6100101.0;2020;9;15;5;3;3;6;0;0;0;0;1;0;0;0;0;1
11;4;4200310.0;2020;11;13;3;3;2;6;0;0;1;0;0;0;0;0;1;2
11;2;2400521.0;2020;5;17;3;3;5;3;0;1;1;0;0;0;0;0;1;1
11;4;4300621.0;2020;8;18;3;3;3;6;0;0;1;0;1;0;0;0;0;1
11;7;7300619.0;2020;6;11;5;2;2;3;0;0;1;0;0;0;1;1;0;1
11;12;12100204.0;2020;5;11;2;3;5;3;0;1;1;0;0;0;0;0;1;1
11;7;7300619.0;2020;2;8;3;3;5;2;0;0;1;0;0;0;0;1;0;0
11;6;6400736.0;2020;9;15;4;3;0;7;0;0;1;0;0;0;0;0;0;1
11;3;3601449.0;2020;12;12;6;3;1;7;0;0;1;0;0;0;0;0;1;2
11;12;12200310.0;2020;8;12;4;2;3;6;0;0;1;0;0;1;0;0;0;1
11;12;12100103.0;2020;6;10;7;3;0;1;0;0;0;0;1;0;0;0;0;1
11;7;7601341.0;2020;10;12;1;3;6;4;0;0;1;1;0;0;0;1;1;1
11;7;7200308.0;2020;2;8;3;2;2;2;0;0;1;0;0;1;0;1;0;0
11;4;4100101.0;2020;11;18;4;3;2;6;2;0;1;0;0;0;0;0;1;2
11;9;9100101.0;2020;9;18;3;3;2;6;0;1;1;0;0;0;0;0;0;1
11;4;4200308.0;2020;8;16;2;3;2;6;0;0;1;0;0;0;1;0;0;1
11;5;5200528.0;2020;2;22;3;2;6;2;2;0;1;1;0;0;0;0;0;0
11;7;7501133.0;2020;10;17;6;2;2;6;0;0;1;0;0;0;0;0;1;1
11;3;3601449.0;2020;8;19;4;3;5;2;0;1;1;0;0;0;0;0;0;1
11;12;12400723.0;2020;7;17;5;2;5;2;0;0;1;0;1;0;0;0;0;1
11;7;7501133.0;2020;6;15;6;3;1;5;0;0;0;0;0;0;1;0;0;1
11;3;3701657.0;2020;2;19;3;3;0;2;1;1;0;0;0;0;0;0;0;0
11;1;1100310.0;2020;9;16;5;3;3;2;0;0;1;0;0;0;1;0;0;1
11;10;10400837.0;2020;12;15;4;3;5;2;0;1;0;0;0;1;0;0;1;2
11;6;6100101.0;2020;6;10;2;3;5;2;0;1;1;0;0;0;0;0;0;1
11;3;3601449.0;2020;5;18;1;3;2;6;0;0;1;0;0;0;0;0;1;1
11;7;7100205.0;2020;2;17;3;3;2;6;1;0;1;0;0;0;0;0;0;0
11;4;4400830.0;2020;10;6;5;3;3;6;0;0;1;0;0;1;0;0;1;1
11;1;1400940.0;2020;12;21;1;3;5;3;2;1;1;0;0;0;0;0;1;2
11;6;6400735.0;2020;8;16;5;2;0;1;0;1;0;0;0;0;0;0;0;1
11;1;1300836.0;2020;6;16;2;3;2;2;0;0;1;0;0;0;0;0;0;1
11;1;1100205.0;2020;2;12;3;3;5;7;0;0;1;0;0;0;0;1;0;0
11;4;4200206.0;2020;10;11;2;3;6;7;0;0;1;1;0;0;0;1;1;1
11;10;10400837.0;2020;2;13;2;3;2;6;0;0;1;0;0;0;1;0;0;0
11;4;4300622.0;2020;11;17;6;2;6;4;2;1;0;1;0;0;0;0;1;2
11;4;4200311.0;2020;9;16;5;3;5;2;0;0;1;0;1;0;0;0;0;1
11;3;3200206.0;2020;2;6;2;3;2;6;2;0;1;0;0;0;1;0;0;0
11;11;11300722.0;2020;8;15;5;3;5;2;0;1;1;0;0;0;0;0;0;1
11;2;2200209.0;2020;7;5;6;3;0;6;1;0;1;0;1;0;0;0;0;1
11;7;7400927.0;2020;6;16;6;3;2;6;0;0;1;0;0;0;0;0;0;1
11;1;1100206.0;2020;2;19;2;2;6;7;2;0;0;1;0;0;1;0;0;0
11;7;7400824.0;2020;9;18;5;2;5;3;0;1;0;0;0;0;1;0;0;1
11;4;4300413.0;2020;12;11;6;3;2;6;0;0;1;0;0;0;0;0;1;2
11;2;2500726.0;2020;6;19;3;3;5;2;0;0;1;0;0;0;1;0;0;1
11;7;7300619.0;2020;2;15;2;2;3;6;0;0;1;0;0;1;0;0;0;0
11;12;12200310.0;2020;9;10;6;3;0;1;0;0;0;0;1;0;0;1;0;1
11;4;4300414.0;2020;7;21;3;3;1;5;2;0;0;0;1;0;1;0;0;1
11;4;4300621.0;2020;2;15;2;3;1;5;0;0;1;0;0;0;0;0;0;0
11;7;7400927.0;2020;10;16;6;3;2;6;0;0;1;0;0;0;0;0;1;1
11;12;12500930.0;2020;12;20;5;2;4;6;2;0;1;0;0;0;0;1;1;2
11;1;1100102.0;2020;8;13;1;2;0;1;0;1;0;0;0;0;0;0;0;1
11;7;7501133.0;2020;7;9;6;3;2;6;0;0;1;0;0;0;1;1;0;1
11;3;3601451.0;2020;6;19;3;3;5;3;0;1;1;0;0;0;0;0;0;1
11;6;6300527.0;2020;10;13;5;2;5;2;0;1;1;0;0;0;0;0;1;1
11;7;7400720.0;2020;2;16;1;3;1;5;0;1;0;0;1;0;0;0;0;0
11;10;10400941.0;2020;9;10;2;3;5;2;0;0;1;0;0;0;0;0;0;1
11;9;9200613.0;2020;11;13;5;3;2;7;0;0;1;0;0;0;1;0;1;2
11;6;6300527.0;2020;6;13;4;3;0;6;0;0;1;0;0;0;1;0;0;1
11;7;7501030.0;2020;8;11;1;3;1;5;0;1;1;0;0;0;0;0;0;1
11;7;7400720.0;2020;6;14;3;3;6;2;0;1;1;1;0;0;0;0;0;1
11;1;1100102.0;2020;2;14;1;3;5;3;0;0;1;0;0;0;0;0;0;0
11;4;4400726.0;2020;10;18;2;3;2;6;1;0;1;0;0;0;0;1;1;1
11;4;4400726.0;2020;12;1;7;2;9;1;2;0;1;0;0;0;0;1;1;2
11;1;1100310.0;2020;8;13;3;3;2;2;0;0;1;0;0;0;0;0;0;1
11;3;3200205.0;2020;7;17;5;3;5;3;0;1;0;0;1;0;0;0;0;1
11;4;4100101.0;2020;5;7;2;3;2;6;0;0;1;0;0;0;0;1;1;1
11;1;1400940.0;2020;10;19;6;2;5;3;2;0;1;0;0;0;0;1;1;1
11;4;4400726.0;2020;2;7;1;3;9;1;0;0;1;0;0;0;0;0;0;0
11;10;10400837.0;2020;9;10;4;3;2;6;0;0;1;0;0;0;1;0;0;1
11;4;4300414.0;2020;11;15;2;3;6;4;0;0;1;1;0;0;0;0;1;2
11;3;3601451.0;2020;5;10;3;3;6;4;0;0;0;1;0;0;1;0;1;1
11;4;4200308.0;2020;8;12;2;3;2;6;0;0;1;0;1;0;0;0;0;1
11;1;1100104.0;2020;6;19;4;3;0;2;0;1;1;0;0;0;0;0;0;1
11;1;1300836.0;2020;5;18;1;3;5;3;0;1;1;0;0;0;0;0;1;1
11;1;1100205.0;2020;2;20;7;3;0;5;0;1;1;0;0;0;0;0;0;0
11;4;4300414.0;2020;9;9;4;3;5;7;0;0;1;0;0;1;0;0;0;1
11;3;3200206.0;2020;12;12;5;3;2;6;0;0;1;0;0;0;0;0;1;2
11;11;11401032.0;2020;8;18;4;2;5;3;0;1;1;0;0;0;0;0;0;1
11;2;2400522.0;2020;6;12;6;3;5;3;0;1;1;0;0;0;0;0;0;1
11;1;1100310.0;2020;10;13;7;3;5;2;0;1;1;0;0;0;0;0;1;1
11;2;2500727.0;2020;2;20;6;3;5;2;2;0;1;0;0;0;0;0;0;0
11;4;4300622.0;2020;11;11;4;2;5;2;0;1;1;0;0;0;0;0;1;2
11;10;10400940.0;2020;9;18;2;2;0;1;0;1;0;0;0;0;0;0;0;1
11;7;7501030.0;2020;8;13;1;3;2;6;0;0;1;0;0;0;0;1;0;1
11;1;1100205.0;2020;2;19;6;2;5;7;2;0;1;0;0;0;0;0;0;0
11;7;7400822.0;2020;10;22;5;3;9;1;2;0;1;0;0;0;0;1;1;1
11;4;4200311.0;2020;8;11;4;2;5;3;0;0;1;0;0;0;0;0;0;1
11;4;4300414.0;2020;7;12;4;3;3;6;0;0;1;0;0;0;0;1;0;1
11;3;3601449.0;2020;6;20;5;3;5;2;0;0;1;0;0;0;0;1;0;1
11;8;8100521.0;2020;11;14;4;3;3;6;0;0;1;0;0;1;0;0;1;2
11;4;4100101.0;2020;2;16;6;3;2;6;0;0;1;0;0;0;0;0;0;0