LAND;BEZ;LOR_ab_2021;UJAHR;UMONAT;USTUNDE;UWOCHENTAG;UKATEGORIE;UART;UTYP1;ULICHTVERH;IstRad;IstPKW;IstFuss;IstKrad;IstGkfz;IstSonstige;USTRZUSTAND;LOCKDOWN;COVID
11;7;7400822.0;2020;9;18;5;3;2;6;0;0;1;0;0;0;0;0;0;1
11;10;10100208.0;2020;11;10;2;3;3;6;0;0;1;0;0;1;0;0;1;2
11;1;1100102.0;2020;6;12;2;3;2;3;0;1;1;0;0;0;0;0;0;1
11;3;3601449.0;2020;2;16;6;2;6;7;1;0;1;1;0;0;0;1;0;0
11;3;3200206.0;2020;9;6;5;3;0;1;0;1;0;0;0;1;0;1;0;1
11;9;9100101.0;2020;7;10;6;3;6;2;0;0;1;1;0;0;0;0;0;1
11;4;4200308.0;2020;2;14;6;3;2;6;0;0;1;0;0;0;0;0;0;0
11;4;4300622.0;2020;10;8;5;3;5;2;0;1;1;0;0;0;0;0;1;1
11;3;3701657.0;2020;12;13;3;3;5;2;0;1;1;0;0;0;0;1;1;2
11;12;12100205.0;2020;8;19;6;3;0;6;0;0;0;0;1;0;1;0;0;1
11;7;7200308.0;2020;7;15;3;3;2;6;0;0;1;0;0;0;0;0;0;1
11;1;1100102.0;2020;5;15;1;3;6;4;0;1;0;1;0;0;0;0;1;1
11;8;8100521.0;2020;10;6;4;3;3;6;2;0;1;0;0;1;0;1;1;1
11;4;4200308.0;2020;2;14;6;3;2;6;0;0;1;0;0;1;0;0;0;0
11;2;2500727.0;2020;9;16;1;3;5;2;0;1;1;0;0;0;0;0;0;1
11;1;1100310.0;2020;11;18;2;3;2;6;2;0;1;0;1;0;0;0;1;2
11;7;7300619.0;2020;5;7;3;2;3;6;0;0;1;0;1;0;0;0;1;1
11;12;12100103.0;2020;8;11;5;3;1;7;0;1;1;0;0;0;0;0;0;1
11;3;3601347.0;2020;6;16;7;3;3;6;0;1;0;0;0;0;0;1;0;1
11;4;4100101.0;2020;2;9;6;2;2;6;0;0;1;0;0;0;0;0;0;0
11;9;9100306.0;2020;10;15;6;3;2;6;0;0;1;0;0;0;0;0;1;1
11;5;5400943.0;2020;12;12;5;3;5;3;0;1;1;0;0;0;0;0;1;2
11;2;2500729.0;2020;2;7;6;3;6;4;1;0;0;1;0;1;0;0;0;0
11;7;7400824.0;2020;9;21;5;3;0;1;2;1;0;0;0;0;0;0;0;1
11;7;7200410.0;2020;7;20;7;3;2;6;0;0;1;0;0;0;0;0;0;1
11;3;3601451.0;2020;2;8;5;3;0;1;0;1;0;0;0;0;0;0;0;0
11;7;7501029.0;2020;10;16;5;3;3;2;0;0;1;0;0;1;0;1;1;1
11;3;3601142.0;2020;12;13;4;3;0;2;0;1;1;0;0;0;0;1;1;2
11;3;3601348.0;2020;5;10;2;3;2;6;0;0;1;0;0;0;1;1;1;1
11;4;4400727.0;2020;8;22;7;3;3;6;2;0;1;0;1;0;0;0;0;1
11;6;6100102.0;2020;7;9;5;3;2;6;0;0;1;0;0;1;0;0;0;1
11;10;10100206.0;2020;6;17;2;3;8;7;0;0;1;0;0;0;0;0;0;1
11;6;6300527.0;2020;10;12;4;3;5;3;0;0;1;0;1;0;0;0;1;1
11;7;7501029.0;2020;2;22;5;3;3;6;2;0;1;0;0;0;0;1;0;0
11;11;11300722.0;2020;9;17;2;3;2;6;0;0;1;0;1;0;0;0;0;1
11;3;3701657.0;2020;11;17;3;3;3;6;2;1;0;0;0;0;0;1;1;2
11;12;12200414.0;2020;5;17;2;3;2;6;0;0;1;0;0;0;0;0;1;1
11;7;7501133.0;2020;8;20;7;3;5;2;2;0;1;0;0;0;1;0;0;1
11;12;12100103.0;2020;6;12;1;3;5;2;0;0;1;0;0;0;0;0;0;1
11;11;11401032.0;2020;2;19;5;3;2;6;2;0;1;0;0;0;0;1;0;0
11;1;1100104.0;2020;10;7;7;3;0;7;1;0;0;0;0;0;1;0;1;1
11;3;3200309.0;2020;12;12;6;3;2;6;0;0;1;0;0;0;0;0;1;2
11;1;1100102.0;2020;8;16;3;3;5;3;0;1;0;0;0;0;0;0;0;1
11;3;3601142.0;2020;7;15;5;3;6;4;0;0;1;1;0;0;0;0;0;1
11;9;9100409.0;2020;2;14;5;3;2;7;0;0;1;0;0;0;1;0;0;0
11;3;3200205.0;2020;10;14;6;3;5;3;0;1;1;0;0;0;0;0;1;1
11;6;6400737.0;2020;2;7;5;3;1;5;0;0;1;0;0;0;0;0;0;0
11;7;7400824.0;2020;9;15;4;3;0;1;0;1;1;0;0;0;0;0;0;1
11;3;3200205.0;2020;11;8;2;3;5;2;0;1;1;0;0;0;0;1;1;2
11;11;11401032.0;2020;9;16;1;3;1;5;0;1;1;0;0;0;0;0;0;1
11;2;2100101.0;2020;5;14;2;3;2;6;0;0;1;0;0;0;0;1;1;1
11;3;3400620.0;2020;8;19;1;2;2;6;0;0;1;0;0;0;0;0;0;1
11;4;4200207.0;2020;6;8;3;3;2;6;0;0;1;0;0;0;1;0;0;1
11;11;11300724.0;2020;2;15;5;3;0;7;0;1;0;0;0;0;0;1;0;0
11;3;3200204.0;2020;9;14;2;2;5;2;0;0;1;0;0;0;0;0;0;1
11;4;7300619.0;2020;12;14;4;3;2;6;0;0;1;0;0;0;0;1;1;2
11;3;3601451.0;2020;8;9;3;3;3;6;0;1;1;0;0;0;0;0;0;1
11;1;1100311.0;2020;6;12;5;3;5;3;0;1;1;0;0;0;0;0;0;1
11;7;7200410.0;2020;2;18;4;3;3;6;1;1;1;0;0;0;0;0;0;0
11;11;11300725.0;2020;11;18;2;3;1;5;2;1;1;0;0;0;0;0;1;2
11;3;3200206.0;2020;9;5;2;3;5;3;1;0;1;0;1;0;0;0;0;1
11;10;10300733.0;2020;8;14;7;3;5;3;0;1;1;0;0;0;0;0;0;1
11;6;6300527.0;2020;2;10;4;3;2;6;0;0;1;0;0;1;0;0;0;0
11;7;7300517.0;2020;10;5;5;3;0;1;2;0;0;0;0;0;1;1;1;1
11;7;7400822.0;2020;8;19;3;2;2;6;0;0;1;0;1;0;0;0;0;1
11;2;2400625.0;2020;7;22;3;3;5;3;2;0;1;0;0;0;1;0;0;1
11;3;3601142.0;2020;6;16;5;3;3;6;0;1;1;0;0;0;0;1;0;1
11;7;7501133.0;2020;11;12;3;3;5;3;0;0;1;0;0;0;0;0;1;2
11;7;7501133.0;2020;2;13;4;3;3;6;0;1;1;0;0;0;0;0;0;0
11;4;4300414.0;2020;9;18;4;3;2;6;1;0;1;0;0;0;0;0;0;1
11;4;4300621.0;2020;11;19;2;3;2;6;2;0;1;0;0;0;1;0;1;2
11;7;7400720.0;2020;6;11;7;3;5;2;0;1;1;0;0;0;0;0;0;1
11;1;1300836.0;2020;2;20;4;3;2;6;2;0;1;0;0;0;0;0;0;0
11;12;12400619.0;2020;9;9;4;3;2;6;0;0;1;0;0;0;0;0;0;1
11;11;11300724.0;2020;7;7;5;3;0;2;0;1;1;0;0;0;0;0;0;1
11;10;10400940.0;2020;2;12;3;3;5;2;0;0;1;0;1;0;0;0;0;0
11;1;1100310.0;2020;10;19;4;3;5;3;2;1;1;0;0;0;0;1;1;1
11;7;7200308.0;2020;12;3;6;3;8;1;2;0;1;0;0;0;0;1;1;2
11;9;9100101.0;2020;8;17;5;2;5;2;0;1;1;0;0;0;0;0;0;1
11;4;4200206.0;2020;7;17;3;3;2;6;0;0;1;0;0;0;0;0;0;1
11;12;12100103.0;2020;5;11;6;3;5;2;0;1;0;0;0;1;0;0;1;1
11;7;7300619.0;2020;10;8;3;3;5;2;0;1;1;0;0;0;0;0;1;1
11;10;10300734.0;2020;2;7;2;3;2;6;1;0;1;0;0;0;0;1;0;0
11;2;2400625.0;2020;9;18;1;2;6;4;0;1;0;1;0;0;0;0;0;1
11;5;5400943.0;2020;11;13;1;3;5;3;0;1;1;0;0;0;0;0;1;2
11;9;9200613.0;2020;5;15;2;3;2;6;0;0;1;0;0;1;0;0;1;1
11;12;12400723.0;2020;8;15;5;3;2;6;0;0;1;0;0;0;0;0;0;1
11;1;1200624.0;2020;6;14;6;3;2;6;0;0;1;0;0;0;0;0;0;1
11;3;3100101.0;2020;2;5;2;3;3;6;2;0;1;0;0;1;0;1;0;0
11;11;11300722.0;2020;10;13;6;3;5;3;0;1;1;0;0;0;0;0;1;1
11;7;7300619.0;2020;12;16;3;3;2;6;2;0;0;0;1;0;1;0;1;2
11;12;12400618.0;2020;8;18;1;3;2;6;0;0;0;0;1;0;0;0;0;1
11;6;6300629.0;2020;6;6;2;3;0;6;0;1;1;0;0;0;0;0;0;1
11;2;2500727.0;2020;2;23;1;3;5;3;2;0;1;0;0;0;0;1;0;0
11;12;12100205.0;2020;10;9;4;3;5;3;0;0;1;0;0;0;0;1;1;1
11;3;3701657.0;2020;2;1;1;2;0;1;2;1;0;0;0;0;0;0;0;0
11;6;6400737.0;2020;9;11;2;3;0;6;0;0;1;0;0;0;0;0;0;1
11;4;4300414.0;2020;11;16;7;3;6;2;1;0;1;1;0;0;0;0;1;2
11;7;7400823.0;2020;9;11;6;3;2;6;0;0;1;0;0;0;1;0;0;1
11;7;7200411.0;2020;2;18;1;3;0;5;2;1;1;0;0;0;0;1;0;0
11;7;7100205.0;2020;5;11;2;3;1;5;0;1;1;0;0;0;0;1;1;1
11;12;12100103.0;2020;8;18;6;3;0;1;1;1;0;0;0;0;0;0;0;1
11;1;1100310.0;2020;7;13;3;3;5;3;0;1;0;0;0;0;1;0;0;1
11;3;3601142.0;2020;6;18;2;2;1;1;0;1;1;0;0;0;0;0;0;1
11;9;9200613.0;2020;2;13;7;3;0;7;0;1;0;0;0;0;0;0;0;0
11;1;1100310.0;2020;9;20;6;3;1;5;2;1;1;0;0;0;0;0;0;1
11;12;12100103.0;2020;12;15;2;3;3;6;0;0;1;0;0;0;0;1;1;2
11;7;7200411.0;2020;6;15;4;3;6;7;0;0;1;1;0;0;0;0;0;1
11;2;2500727.0;2020;2;20;7;3;2;6;2;0;1;0;0;0;0;0;0;0
11;3;3400830.0;2020;11;11;6;3;5;2;0;1;0;0;0;0;1;0;1;2
11;2;2500726.0;2020;9;10;7;3;2;6;0;0;1;0;0;0;0;1;0;1
11;2;2500833.0;2020;7;18;5;3;3;6;0;1;1;0;0;0;0;0;0;1
11;7;7400928.0;2020;8;9;2;3;2;6;0;0;1;0;0;0;0;0;0;1
11;1;1400940.0;2020;7;7;4;2;5;3;0;1;1;0;0;0;0;0;0;1
11;4;4300414.0;2020;2;19;7;3;2;6;2;0;1;0;0;0;0;0;0;0
11;7;7300619.0;2020;10;16;5;3;5;2;0;0;1;0;1;0;0;0;1;1
11;7;7501135.0;2020;2;18;7;3;0;5;2;0;1;0;0;0;1;0;0;0
11;7;7501133.0;2020;9;16;3;3;6;2;0;0;1;1;0;0;0;0;0;1
11;10;10300733.0;2020;11;15;1;2;9;1;0;0;1;0;0;0;0;0;1;2
11;7;7200308.0;2020;9;17;6;3;6;4;0;0;1;1;0;0;0;0;0;1
11;2;2100101.0;2020;5;14;1;3;2;6;0;0;1;0;0;0;0;0;1;1
11;10;10400837.0;2020;8;18;7;2;6;3;0;0;1;1;0;0;0;0;0;1
11;1;1100310.0;2020;6;16;3;3;2;2;0;0;1;0;1;0;0;0;0;1
11;4;4200311.0;2020;2;15;7;3;2;6;0;0;1;0;0;0;0;0;0;0
11;4;4200206.0;2020;9;16;1;3;5;2;0;1;1;0;0;0;0;0;0;1
11;4;4200310.0;2020;12;7;2;3;3;6;0;1;1;0;0;0;0;0;1;2
11;12;12100205.0;2020;6;10;4;3;2;7;0;0;1;0;1;0;0;0;0;1
11;12;12500926.0;2020;2;14;7;3;6;4;0;0;1;1;0;0;0;0;0;0
11;3;3200309.0;2020;11;9;2;2;2;6;0;0;1;0;0;0;1;0;1;2
11;10;10100311.0;2020;9;21;1;3;0;1;1;1;0;0;0;0;0;0;0;1
11;1;1100207.0;2020;7;18;6;3;2;6;0;0;1;0;1;0;0;0;0;1
11;1;1100310.0;2020;2;19;6;3;5;3;2;1;0;0;0;0;1;0;0;0
11;1;1300836.0;2020;10;7;4;3;6;2;0;0;1;1;0;0;0;1;1;1
11;2;2400625.0;2020;8;10;3;2;0;1;0;1;0;0;0;0;0;1;0;1
11;6;6400735.0;2020;7;11;1;3;8;1;0;1;0;0;0;0;0;0;0;1
11;4;4200311.0;2020;6;17;4;3;2;6;0;0;1;0;0;0;0;0;0;1
11;3;3601451.0;2020;11;11;2;3;2;2;0;0;1;0;0;0;0;0;1;2
11;4;4100101.0;2020;2;21;6;3;2;6;2;0;1;0;0;0;0;0;0;0
11;1;1100102.0;2020;9;11;4;3;2;6;0;0;1;0;0;0;0;0;0;1
11;2;2400522.0;2020;11;1;7;2;0;1;2;1;0;0;0;0;0;0;1;2
11;3;3601245.0;2020;6;6;6;3;0;5;0;1;1;0;0;0;0;0;0;1
11;2;2400625.0;2020;2;15;6;3;0;2;0;1;1;0;0;0;0;0;0;0
11;2;2500728.0;2020;9;7;3;3;5;3;0;1;1;0;0;0;0;0;0;1
11;3;3500936.0;2020;7;9;5;3;2;6;0;0;1;0;0;0;0;0;0;1
11;4;4200311.0;2020;2;20;5;2;6;4;2;0;0;1;0;0;1;0;0;0
11;1;1100310.0;2020;10;15;4;2;2;2;0;0;1;0;0;1;0;1;1;1
11;4;4200311.0;2020;12;19;4;3;3;6;2;0;1;0;0;0;0;1;1;2
11;7;7200410.0;2020;8;18;4;3;0;5;0;1;1;0;0;0;0;0;0;1
11;9;9200613.0;2020;7;11;2;3;5;3;0;1;0;0;0;0;1;0;0;1
11;3;3500933.0;2020;5;16;5;3;0;6;0;0;1;0;1;0;0;0;1;1
11;10;10100206.0;2020;10;9;2;3;5;3;0;0;1;0;0;0;0;1;1;1
11;7;7400825.0;2020;2;19;5;3;6;4;2;0;0;1;1;0;0;0;0;0
11;9;9100305.0;2020;9;13;6;3;5;3;0;1;1;0;0;0;0;0;0;1
11;1;1100102.0;2020;11;18;4;3;6;4;2;1;0;1;0;0;0;0;1;2
11;10;10300733.0;2020;5;15;7;3;0;1;0;0;0;0;1;0;0;1;1;1
11;9;9100101.0;2020;8;16;4;3;2;6;0;0;1;0;0;0;0;1;0;1
11;11;11300724.0;2020;6;7;6;3;3;6;0;0;1;0;0;1;0;0;0;1
11;4;4200207.0;2020;2;18;5;3;2;6;2;0;1;0;0;0;0;0;0;0
11;11;11300722.0;2020;10;8;5;3;5;3;0;1;1;0;0;0;0;0;1;1
11;1;1300836.0;2020;12;14;3;3;3;6;0;0;1;0;0;0;0;0;1;2
11;7;7300619.0;2020;8;9;6;3;9;1;0;0;0;0;1;0;0;0;0;1
11;6;6400737.0;2020;6;16;2;2;1;1;0;0;1;0;0;0;0;0;0;1
11;2;2500726.0;2020;2;11;5;3;1;5;0;1;1;0;0;0;0;0;0;0
11;2;2500834.0;2020;10;18;2;3;6;7;1;1;0;1;0;0;0;0;1;1
11;2;2100101.0;2020;2;14;4;3;5;3;0;0;1;0;0;1;0;0;0;0
11;7;7501133.0;2020;11;4;6;3;0;6;2;0;1;0;1;0;0;0;1;2
11;3;3200206.0;2020;9;2;5;3;6;2;2;0;1;1;0;0;0;1;0;1
11;4;4300622.0;2020;2;15;4;3;2;6;0;1;0;0;0;0;0;0;0;0
11;3;3200205.0;2020;5;15;6;3;5;3;0;1;1;0;0;0;0;0;1;1
11;2;2100101.0;2020;8;18;5;3;1;5;0;1;1;0;0;0;0;0;0;1
11;1;1300836.0;2020;7;18;1;3;2;6;0;0;1;0;1;0;0;0;0;1
11;1;1300836.0;2020;6;17;1;3;5;3;0;0;1;0;0;1;0;0;0;1
11;3;3501037.0;2020;2;4;4;3;4;7;2;0;1;0;0;0;0;1;0;0
11;3;3601348.0;2020;9;11;5;3;6;2;0;0;1;1;0;0;0;0;0;1
11;12;12200414.0;2020;12;6;7;3;0;1;2;0;0;0;0;0;1;0;1;2
11;7;7100206.0;2020;6;20;3;3;1;5;0;1;1;0;0;0;0;0;0;1
11;8;8200624.0;2020;2;19;4;3;3;6;2;0;1;0;0;1;0;0;0;0
11;2;2500727.0;2020;9;15;6;3;0;6;0;1;0;0;0;0;0;0;0;1
11;2;2500727.0;2020;7;14;3;3;5;2;0;0;1;0;0;0;0;0;0;1
11;11;11300724.0;2020;2;20;4;2;5;2;2;1;1;0;0;0;0;0;0;0
11;1;1300836.0;2020;10;13;6;3;5;3;0;1;0;0;0;0;1;0;1;1
11;7;7501133.0;2020;8;8;2;3;2;6;0;0;1;0;0;0;0;0;0;1
11;4;4100101.0;2020;7;14;6;3;2;6;0;0;1;0;0;0;0;1;0;1
11;4;4200310.0;2020;6;10;3;3;4;6;0;1;0;0;0;0;0;0;0;1
11;12;12500928.0;2020;10;9;6;3;5;3;0;0;1;0;0;0;0;1;1;1
11;2;2400522.0;2020;2;17;4;3;2;6;1;0;1;0;0;1;0;0;0;0
11;3;3200206.0;2020;9;18;3;3;0;1;0;1;1;0;0;0;0;0;0;1
11;1;1401044.0;2020;11;19;5;3;2;6;2;1;0;0;0;0;1;1;1;2
11;6;6300629.0;2020;6;16;4;3;1;1;0;1;1;0;0;0;0;0;0;1
11;5;5200528.0;2020;8;17;1;3;5;2;1;1;1;0;0;0;0;1;0;1
11;11;11300722.0;2020;6;16;3;3;5;3;0;1;1;0;0;0;0;0;0;1
11;2;2200208.0;2020;2;10;4;3;2;2;0;1;0;0;0;1;0;0;0;0
11;9;9100202.0;2020;10;14;2;3;5;3;0;1;0;0;1;0;0;0;1;1
11;4;4200311.0;2020;12;14;7;3;2;6;0;0;1;0;0;0;1;0;1;2
11;12;12100204.0;2020;8;19;3;3;0;4;0;1;0;1;0;0;0;0;0;1
11;4;4400726.0;2020;7;13;6;3;2;6;0;0;1;0;0;0;0;0;0;1
11;7;7400720.0;2020;5;11;3;3;5;2;0;1;1;0;0;0;0;0;1;1
11;1;1200624.0;2020;2;6;4;3;0;7;2;1;0;0;0;0;0;1;0;0
11;7;7501133.0;2020;10;11;1;3;5;3;0;0;1;0;0;0;0;1;1;1
11;3;3200206.0;2020;8;7;2;3;0;1;0;1;0;0;0;0;0;0;0;1
11;8;8200622.0;2020;7;16;7;3;2;6;0;0;1;0;0;0;0;0;0;1
11;6;6400737.0;2020;6;18;3;3;2;6;0;0;1;0;1;0;0;0;0;1
11;2;2400521.0;2020;11;12;1;3;2;6;0;0;1;0;0;0;0;0;1;2
11;7;7501030.0;2020;2;6;4;3;0;1;1;0;0;0;1;0;0;1;0;0
11;4;4300621.0;2020;9;14;3;3;0;6;0;0;1;0;1;0;0;0;0;1
11;2;2100101.0;2020;11;21;6;3;5;3;2;0;1;0;0;0;0;0;1;2
11;1;1100104.0;2020;6;15;5;3;2;6;0;0;1;0;0;0;0;0;0;1
11;7;7400824.0;2020;2;5;4;3;2;6;2;0;1;0;0;0;0;1;0;0
11;7;7100206.0;2020;8;15;2;3;2;6;0;0;1;0;0;0;0;0;0;1
11;6;6300629.0;2020;7;11;4;2;5;5;0;1;0;0;0;0;1;0;0;1
11;6;6400737.0;2020;6;22;3;3;3;6;1;0;1;0;0;0;0;0;0;1
11;7;7400721.0;2020;2;15;3;3;2;6;0;0;1;0;0;0;1;1;0;0
11;4;4400727.0;2020;10;14;3;3;2;6;0;0;1;0;0;0;0;0;1;1
11;6;6300527.0;2020;12;18;3;3;1;5;2;0;1;0;0;0;0;1;1;2
11;1;1100207.0;2020;8;6;4;3;2;6;0;0;1;0;0;0;1;0;0;1
11;3;3601142.0;2020;7;14;1;3;4;6;0;1;0;0;0;0;0;0;0;1
11;1;1100310.0;2020;5;13;5;3;2;6;0;0;1;0;1;0;0;0;1;1
11;9;9100101.0;2020;10;7;2;3;0;5;0;1;0;0;0;0;1;1;1;1
11;4;4200310.0;2020;2;18;3;2;6;4;2;0;1;1;0;0;0;1;0;0
11;10;10300733.0;2020;9;18;5;3;5;2;0;1;1;0;0;0;0;0;0;1
11;7;7400822.0;2020;11;16;3;3;0;1;1;0;0;0;1;0;0;1;1;2
11;3;3400721.0;2020;4;13;5;2;6;7;0;1;0;1;0;0;0;0;1;2
11;10;10100208.0;2020;8;22;3;2;6;4;2;0;1;1;0;0;0;0;0;1
11;4;4300414.0;2020;6;17;5;3;2;3;0;0;1;0;0;0;0;1;0;1
11;3;3601449.0;2020;5;17;1;3;5;2;0;1;1;0;0;0;0;0;1;1
11;11;11100101.0;2020;2;7;2;3;2;6;1;0;1;0;0;0;0;1;0;0
11;8;8200624.0;2020;9;23;4;3;3;6;2;0;1;0;0;1;0;0;0;1
11;7;7200411.0;2020;12;13;7;3;1;5;0;1;1;0;0;0;0;0;1;2
11;4;4300621.0;2020;8;16;5;3;2;6;0;0;1;0;1;0;0;0;0;1
11;4;4400726.0;2020;6;15;1;3;2;6;0;0;1;0;0;0;0;1;0;1
11;7;7601544.0;2020;10;16;2;3;0;7;0;1;0;0;0;0;0;0;1;1
11;12;12100205.0;2020;2;11;2;3;2;7;0;0;1;0;0;0;0;1;0;0
11;1;1100102.0;2020;11;11;5;3;2;6;0;0;1;0;0;0;1;0;1;2
11;1;1100205.0;2020;9;9;4;3;3;6;0;0;1;0;1;0;0;0;0;1
11;1;1400940.0;2020;2;23;2;3;5;3;2;0;1;0;0;0;0;1;0;0
11;4;4100101.0;2020;10;10;7;3;3;6;0;0;1;0;0;1;0;1;1;1
11;12;12100103.0;2020;8;14;5;3;2;6;0;0;1;0;0;0;1;0;0;1
11;1;2400520.0;2020;7;14;5;3;2;6;0;0;1;0;0;0;0;0;0;1
11;7;7501029.0;2020;5;12;7;3;0;7;0;1;0;0;0;0;0;0;1;1
11;10;10100208.0;2020;6;13;6;3;5;3;0;1;1;0;0;0;0;1;0;1
11;7;7400927.0;2020;2;21;2;3;0;6;2;0;1;0;0;0;0;1;0;0
11;7;7501133.0;2020;9;16;5;2;2;6;0;0;1;0;0;0;0;0;0;1
11;1;1100102.0;2020;12;8;5;3;2;6;0;0;1;0;0;0;0;0;1;2
11;7;7601341.0;2020;6;15;3;2;5;3;0;1;1;0;0;0;0;0;0;1
11;7;7300619.0;2020;2;18;2;2;0;6;2;0;1;0;1;0;0;1;0;0
11;3;3601141.0;2020;9;8;6;3;5;2;0;1;1;0;0;0;0;1;0;1
11;10;10300733.0;2020;7;19;2;3;0;1;0;0;0;0;1;0;0;1;0;1
11;2;2500727.0;2020;2;17;2;3;5;2;2;0;1;0;0;0;0;1;0;0
11;12;12100103.0;2020;10;19;6;3;5;3;2;0;1;0;1;0;0;1;1;1
11;12;12100103.0;2020;12;13;4;3;5;3;0;0;1;0;0;0;0;0;1;2
11;1;1300836.0;2020;8;21;1;2;0;1;2;1;0;0;0;0;0;0;0;1
11;7;7200308.0;2020;7;18;5;3;5;2;0;1;1;0;0;0;0;1;0;1
11;4;4200206.0;2020;5;17;6;2;6;2;0;0;1;1;0;0;0;0;1;1
11;4;4200310.0;2020;6;14;2;2;0;7;0;1;0;0;0;0;0;0;0;1
11;6;6400737.0;2020;10;21;4;3;3;6;2;0;0;0;1;0;1;0;1;1
11;12;12400723.0;2020;2;17;2;3;2;6;2;0;1;0;0;0;0;1;0;0
11;12;12500930.0;2020;9;16;2;3;5;7;0;0;1;0;1;0;0;0;0;1
11;4;4300621.0;2020;11;13;4;3;5;3;0;0;1;0;0;0;1;0;1;2
11;6;6400737.0;2020;6;10;4;3;2;6;0;0;1;0;0;0;0;0;0;1
11;9;9200613.0;2020;8;13;7;3;3;5;0;0;1;0;0;0;0;0;0;1
11;9;9200613.0;2020;6;10;3;3;5;2;0;1;1;0;0;0;0;0;0;1
11;4;4200308.0;2020;2;13;2;3;2;6;0;0;1;0;0;0;0;1;0;0
11;4;4200310.0;2020;10;15;1;3;1;5;0;1;1;0;0;0;0;0;1;1
11;1;1100310.0;2020;12;9;6;3;0;6;0;1;1;0;0;0;0;0;1;2
11;12;12100204.0;2020;8;10;3;3;6;7;0;1;0;1;0;0;0;0;0;1
11;7;7400824.0;2020;7;16;5;3;2;6;0;0;1;0;0;0;0;0;0;1
11;7;7200308.0;2020;10;19;6;3;2;2;2;1;1;0;0;0;0;1;1;1
11;4;4300622.0;2020;2;12;2;3;2;6;0;0;1;0;0;0;0;1;0;0
11;4;4200311.0;2020;9;7;4;3;2;6;0;0;1;0;0;0;0;0;0;1
11;4;4200308.0;2020;11;5;2;3;3;6;2;0;1;0;1;0;0;1;1;2
11;1;1200624.0;2020;4;17;5;3;2;6;0;0;1;0;0;0;1;0;1;2
11;4;4200311.0;2020;8;17;2;3;2;6;0;0;1;0;1;0;0;1;0;1
11;9;9100203.0;2020;6;7;4;3;5;3;0;1;1;0;0;0;0;0;0;1
11;4;4400725.0;2020;2;22;7;3;2;6;2;0;1;0;0;0;0;0;0;0
11;2;2500727.0;2020;9;16;3;3;5;3;0;1;1;0;0;0;0;0;0;1
11;4;4200206.0;2020;12;18;5;3;6;2;2;0;1;1;0;0;0;0;1;2
11;3;3601142.0;2020;8;17;3;3;3;6;0;1;0;0;0;0;0;0;0;1
11;2;2400522.0;2020;6;19;5;3;0;6;0;1;0;0;0;0;0;0;0;1
11;7;7200411.0;2020;10;12;7;3;2;2;0;0;1;0;0;0;0;0;1;1
11;10;10400940.0;2020;2;17;7;3;5;3;2;0;1;0;0;0;0;1;0;0
11;2;2200209.0;2020;11;6;3;3;7;7;2;1;0;0;0;0;0;0;1;2
11;6;6400736.0;2020;2;12;7;3;2;6;0;0;1;0;0;0;0;1;0;0
11;1;1100310.0;2020;9;15;2;3;5;2;0;1;1;0;0;0;0;0;0;1
11;3;3601141.0;2020;8;1;1;3;6;4;2;1;0;1;0;0;0;0;0;1
11;4;4100101.0;2020;10;16;5;3;3;6;0;0;1;0;0;1;0;1;1;1
11;6;6100103.0;2020;1;17;2;3;0;3;2;0;1;0;1;0;0;1;0;0
11;12;12601032.0;2020;1;15;3;3;2;6;0;0;1;0;0;0;0;1;0;0
11;11;11200410.0;2020;1;16;2;3;6;4;2;0;1;1;0;0;0;0;0;0
11;6;6400844.0;2020;1;13;4;3;6;4;0;0;1;1;0;0;0;1;0;0
11;8;8100310.0;2020;1;11;2;2;5;3;0;1;1;0;0;0;0;0;0;0
11;8;8100105.0;2020;1;9;2;3;0;5;0;1;1;0;0;0;0;0;0;0
11;12;12400722.0;2020;1;16;2;3;2;6;0;0;1;0;0;0;0;1;0;0
11;8;8100314.0;2020;1;17;2;3;6;7;2;1;0;1;0;0;0;0;0;0
11;8;8100417.0;2020;1;15;2;3;5;7;0;0;1;0;0;0;0;0;0;0
11;4;4400725.0;2020;1;9;4;2;0;7;0;0;1;0;0;0;0;1;0;0
11;1;1300733.0;2020;1;15;2;3;1;5;1;1;1;0;0;0;0;1;0;0
11;9;9100407.0;2020;1;12;4;3;0;2;0;0;0;0;0;1;1;1;0;0
11;3;3300411.0;2020;1;15;2;3;5;2;0;0;1;0;0;0;0;0;0;0
11;10;10300731.0;2020;1;14;2;3;5;3;0;1;1;0;0;0;0;1;0;0
11;4;4300416.0;2020;1;14;2;3;0;6;0;0;1;0;0;0;1;0;0;0
11;10;10100311.0;2020;1;14;2;3;6;4;0;0;1;1;0;0;0;0;0;0
11;10;10100315.0;2020;1;14;2;3;5;3;0;0;1;0;0;0;0;0;0;0
11;1;1100311.0;2020;1;20;3;3;5;2;2;1;1;0;0;0;0;1;0;0
11;1;1200519.0;2020;1;12;2;3;2;6;0;0;1;0;0;0;0;1;0;0
11;3;3701657.0;2020;1;12;2;3;0;7;0;1;0;0;0;0;0;1;0;0
11;6;6100206.0;2020;1;14;3;3;5;2;0;1;1;0;0;0;0;1;0;0
11;8;8200725.0;2020;1;10;2;3;5;3;0;0;1;0;0;0;0;0;0;0