LAND;BEZ;LOR_ab_2021;UJAHR;UMONAT;USTUNDE;UWOCHENTAG;UKATEGORIE;UART;UTYP1;ULICHTVERH;IstRad;IstPKW;IstFuss;IstKrad;IstGkfz;IstSonstige;USTRZUSTAND;LOCKDOWN;COVID
11;9;9200819.0;2020;2;18;3;3;4;6;2;1;0;0;0;0;0;0;0;0
11;2;2200210.0;2020;2;10;7;3;5;3;0;1;1;0;0;0;0;0;0;0
11;7;7400825.0;2020;2;9;2;2;0;5;0;0;0;0;0;0;1;0;0;0
11;4;4500937.0;2020;2;15;2;3;5;2;0;1;1;0;0;0;0;0;0;0
11;1;1100312.0;2020;2;8;5;3;5;3;0;1;0;0;0;0;0;0;0;0
11;12;12400618.0;2020;2;19;4;3;5;2;2;0;1;0;0;0;0;0;0;0
11;5;5100314.0;2020;2;15;4;2;5;3;0;1;1;0;0;0;0;1;0;0
11;2;2400623.0;2020;2;16;3;3;2;6;0;0;1;0;1;0;0;0;0;0
11;1;1300733.0;2020;2;19;4;3;5;3;2;1;1;0;0;0;0;0;0;0
11;2;2500830.0;2020;2;12;3;3;0;1;0;0;0;0;1;0;0;1;0;0
11;4;4501043.0;2020;2;17;3;3;5;3;1;1;1;0;0;0;0;0;0;0
11;10;10200423.0;2020;2;5;4;3;5;3;2;1;1;0;0;0;0;0;0;0
11;2;2400624.0;2020;2;1;3;3;0;1;2;0;0;0;0;0;1;1;0;0
11;10;10400835.0;2020;2;22;6;3;5;3;2;0;1;0;0;0;0;0;0;0
11;4;4200308.0;2020;2;21;2;2;6;2;2;0;1;1;0;0;0;1;0;0
11;5;5100104.0;2020;2;12;1;3;6;4;0;0;1;1;0;0;0;1;0;0
11;3;3300411.0;2020;2;7;5;3;5;3;1;1;1;0;0;0;0;1;0;0
11;10;10100315.0;2020;2;13;4;3;6;4;0;0;1;1;0;0;0;1;0;0
11;7;7501133.0;2020;2;18;3;3;2;6;2;0;1;0;0;0;0;1;0;0
11;1;1100103.0;2020;2;15;4;3;1;5;0;1;1;0;0;0;0;1;0;0
11;9;9401534.0;2020;2;15;1;3;6;2;0;0;1;1;0;0;0;1;0;0
11;12;12200515.0;2020;2;14;3;3;6;4;0;0;0;1;0;0;1;0;0;0
11;3;3601346.0;2020;2;20;3;3;0;1;1;1;0;0;0;0;0;1;0;0
11;9;9100304.0;2020;2;10;3;3;5;3;0;1;1;0;0;0;0;0;0;0
11;7;7400721.0;2020;2;11;6;3;1;7;0;0;1;0;0;0;0;0;0;0
11;10;10100316.0;2020;2;14;2;2;5;2;0;1;1;0;0;0;0;0;0;0
11;8;8100102.0;2020;2;23;4;2;6;4;2;1;0;1;0;0;0;1;0;0
11;12;12400619.0;2020;2;16;6;3;2;2;0;0;1;0;1;0;0;0;0;0
11;10;10200418.0;2020;2;18;2;3;6;4;2;0;0;1;1;0;0;1;0;0
11;6;6300527.0;2020;2;16;5;3;2;6;0;0;1;0;0;0;1;1;0;0
11;5;5100210.0;2020;2;11;4;3;5;3;0;0;1;0;0;0;0;1;0;0
11;2;2100106.0;2020;2;19;3;3;3;6;2;1;1;0;0;0;0;0;0;0
11;6;6200315.0;2020;2;7;4;3;5;2;0;1;1;0;0;0;0;1;0;0
11;4;4200311.0;2020;2;16;6;3;2;6;0;0;1;0;0;0;0;1;0;0
11;1;1300733.0;2020;2;2;1;3;5;3;2;0;1;0;0;0;0;0;0;0
11;5;5100316.0;2020;2;11;3;2;6;4;0;0;1;1;0;0;0;1;0;0
11;4;4501146.0;2020;2;12;7;3;5;7;0;0;1;0;1;0;0;0;0;0
11;11;11400927.0;2020;2;10;2;3;0;4;0;0;0;1;1;0;0;0;0;0
11;10;10400938.0;2020;2;8;6;2;2;2;0;0;1;0;1;0;0;1;0;0
11;9;9100304.0;2020;2;10;7;3;5;7;0;0;1;0;0;0;0;0;0;0
11;8;8100209.0;2020;2;19;4;3;5;3;2;0;1;0;0;0;0;1;0;0
11;7;7400822.0;2020;2;7;4;3;5;3;0;0;1;0;0;0;0;0;0;0
11;4;4100102.0;2020;2;15;3;3;5;2;0;0;1;0;0;0;0;0;0;0
11;11;11501340.0;2020;2;0;4;3;5;3;2;0;1;0;0;0;1;0;0;0
11;5;5100316.0;2020;2;13;7;3;2;6;0;0;1;0;0;0;0;0;0;0
11;3;3100103.0;2020;3;9;5;3;2;2;0;1;1;0;0;0;0;0;1;1
11;6;6200421.0;2020;3;14;3;3;2;6;0;0;1;0;0;0;0;1;1;1
11;9;9200819.0;2020;3;16;5;3;5;2;0;0;1;0;0;0;0;0;1;1
11;3;3500932.0;2020;3;14;3;3;0;1;0;1;0;0;0;0;0;0;1;1
11;11;11200513.0;2020;3;8;2;3;5;3;0;0;1;0;0;0;0;1;1;1
11;2;2100105.0;2020;3;13;3;3;5;2;0;1;1;0;0;0;0;0;1;1
11;10;10200418.0;2020;3;13;3;3;5;2;0;0;1;0;0;0;0;0;1;1
11;1;1100207.0;2020;3;8;5;3;0;3;0;0;1;0;1;0;0;0;1;1
11;6;6400844.0;2020;3;18;6;3;6;2;2;0;1;1;0;0;0;1;1;1
11;4;4501042.0;2020;3;1;5;2;0;1;2;0;0;0;0;0;1;0;1;1
11;3;3400723.0;2020;3;13;3;3;3;6;0;0;1;0;0;0;1;0;1;1
11;1;1100309.0;2020;3;13;4;3;5;3;0;1;1;0;0;0;0;0;1;1
11;4;4200310.0;2020;3;13;3;3;5;7;0;0;1;0;0;0;0;1;1;1
11;8;8100415.0;2020;3;13;2;2;3;6;0;1;1;0;1;0;1;0;1;1
11;9;9401329.0;2020;3;15;1;3;2;7;0;0;1;0;0;0;1;0;1;1
11;3;3100103.0;2020;3;16;2;3;5;3;0;1;1;0;0;0;0;0;1;1
11;1;1100310.0;2020;3;13;2;3;0;1;0;1;0;0;0;0;0;1;1;1
11;1;1100309.0;2020;3;6;6;3;5;7;1;0;1;0;1;0;0;1;1;1
11;12;12200412.0;2020;3;0;1;3;0;7;2;0;1;0;0;0;0;1;1;1
11;8;8100105.0;2020;3;20;2;3;6;4;2;0;0;1;1;0;0;0;1;1
11;4;4400831.0;2020;3;17;2;3;1;5;1;1;1;0;0;0;0;0;1;1
11;5;5100313.0;2020;3;11;6;3;0;2;0;1;1;0;0;0;0;1;1;1
11;1;1100206.0;2020;3;19;4;3;0;6;2;1;1;0;0;0;0;0;1;1
11;1;1100310.0;2020;3;15;2;3;6;4;0;0;0;1;0;0;1;0;1;1
11;3;3701554.0;2020;3;17;4;3;0;1;0;1;0;0;0;0;0;0;1;1
11;6;6100205.0;2020;3;7;2;3;2;6;0;0;1;0;0;0;0;1;1;1
11;7;7400927.0;2020;3;5;2;3;5;7;2;0;1;0;0;0;1;1;1;1
11;1;1100310.0;2020;3;9;1;3;5;2;0;1;1;0;0;0;0;0;1;1
11;1;1401046.0;2020;3;15;2;3;5;2;0;1;0;0;0;0;1;0;1;1
11;3;3701556.0;2020;3;13;6;3;5;3;0;1;1;0;0;0;0;1;1;1
11;4;4501042.0;2020;3;19;4;3;1;5;2;1;1;0;0;0;0;0;1;1
11;6;6300526.0;2020;3;15;2;3;5;3;0;1;0;0;0;0;0;0;1;1
11;3;3400723.0;2020;3;16;5;3;2;6;0;0;1;0;0;0;0;0;1;1
11;1;1300836.0;2020;3;14;2;2;8;1;0;0;1;0;0;0;0;0;1;1
11;2;2200213.0;2020;3;18;4;3;0;7;1;1;1;0;0;0;0;1;1;1
11;4;4300619.0;2020;3;15;4;3;6;7;0;0;0;1;0;0;1;0;1;1
11;8;8200833.0;2020;3;13;2;3;1;5;0;0;1;0;0;0;0;0;1;1
11;2;2200208.0;2020;3;12;2;3;6;4;0;1;0;1;0;0;0;0;1;1
11;2;2500835.0;2020;3;8;4;3;5;2;0;1;1;0;0;0;0;0;1;1
11;4;4200310.0;2020;3;11;2;3;2;6;0;0;1;0;0;1;0;1;1;1
11;7;7501134.0;2020;3;10;2;2;6;2;0;0;1;1;0;0;0;0;1;1
11;9;9200613.0;2020;3;14;7;3;5;3;0;1;1;0;0;0;0;0;1;1
11;4;4200308.0;2020;3;10;2;3;2;6;0;0;1;0;0;0;0;1;1;1
11;4;4200310.0;2020;3;11;6;3;5;7;0;1;1;0;0;0;0;0;1;1
11;3;3400723.0;2020;3;16;4;3;2;6;0;0;1;0;0;0;0;0;1;1
11;2;2200208.0;2020;3;9;2;3;0;1;0;1;0;0;0;0;0;1;1;1
11;7;7200414.0;2020;3;16;5;3;2;6;0;1;1;0;0;0;0;0;1;1
11;1;1200517.0;2020;3;8;2;3;2;6;0;0;1;0;0;1;0;1;1;1
11;5;5200629.0;2020;3;10;2;3;6;4;0;0;1;1;0;0;0;1;1;1
11;9;9300920.0;2020;3;7;2;3;3;6;0;1;1;0;0;0;0;1;1;1
11;6;6300525.0;2020;3;13;1;3;7;7;0;1;0;0;0;0;0;0;1;1
11;4;4501147.0;2020;3;16;4;3;2;6;0;1;0;0;0;0;0;0;1;1
11;7;7400721.0;2020;3;12;6;3;2;2;0;0;1;0;0;0;0;1;1;1
11;5;5400942.0;2020;3;14;1;3;0;6;0;1;0;0;0;0;0;1;1;1
11;7;7300619.0;2020;3;21;1;2;5;7;2;0;1;0;0;0;0;0;1;1
11;11;10100205.0;2020;3;9;7;3;2;6;0;0;1;0;0;0;0;1;1;1
11;2;2200211.0;2020;3;20;1;3;1;5;2;1;1;0;0;0;0;0;1;1
11;5;5100314.0;2020;3;19;6;2;1;3;2;0;1;0;0;0;0;1;1;1
11;3;3400831.0;2020;3;15;4;3;2;6;0;0;1;0;0;0;1;0;1;1
11;3;3601142.0;2020;3;19;1;3;3;6;2;1;0;0;0;0;0;0;1;1
11;2;2100104.0;2020;3;15;5;3;5;3;0;1;1;0;0;0;0;0;1;1
11;1;1100310.0;2020;3;18;1;3;0;7;2;0;0;0;1;0;0;1;1;1
11;11;11501339.0;2020;3;8;2;3;2;6;0;0;1;0;0;0;0;1;1;1
11;8;8200726.0;2020;3;17;1;3;2;6;0;0;1;0;0;0;0;0;1;1
11;7;7601442.0;2020;3;16;1;3;6;4;0;0;1;1;0;0;0;0;1;1
11;12;12200515.0;2020;3;12;4;2;3;6;0;0;1;0;1;0;0;0;1;1
11;12;12100101.0;2020;3;18;6;3;5;2;2;1;1;0;0;0;0;1;1;1
11;10;10100206.0;2020;3;12;4;3;5;2;0;0;0;0;0;0;1;0;1;1
11;1;1100308.0;2020;3;15;1;2;0;1;0;0;0;0;1;0;0;1;1;1
11;7;7100205.0;2020;3;12;4;3;1;5;0;1;1;0;0;0;0;0;1;1
11;3;3400619.0;2020;3;19;1;3;5;3;2;1;1;0;0;0;0;0;1;1
11;8;8200832.0;2020;3;16;4;3;5;3;0;0;1;0;1;0;0;0;1;1
11;3;3200204.0;2020;3;14;1;3;6;4;0;0;1;1;0;0;0;1;1;1
11;8;8100419.0;2020;3;22;4;3;5;3;2;0;1;0;0;0;0;0;1;1
11;5;5100315.0;2020;3;14;1;2;6;4;0;0;1;1;0;0;0;1;1;1
11;1;1200628.0;2020;3;13;1;3;0;1;0;0;0;0;1;0;0;1;1;1
11;11;11200513.0;2020;3;19;1;2;0;1;2;1;0;0;0;0;0;0;1;1
11;9;9401329.0;2020;3;11;1;3;4;6;0;1;1;0;0;0;0;0;1;1
11;8;8301036.0;2020;3;11;1;3;5;2;0;1;1;0;0;0;0;1;1;1
11;5;5200629.0;2020;3;16;6;2;6;4;0;0;1;1;0;0;0;1;1;1
11;4;4501149.0;2020;3;22;4;3;5;7;2;0;1;0;1;0;0;0;1;1
11;8;8200725.0;2020;3;9;1;3;3;6;0;0;1;0;1;0;0;1;1;1
11;2;2400625.0;2020;3;22;4;3;2;6;2;0;1;0;0;0;0;0;1;1
11;1;1100206.0;2020;3;6;1;2;5;3;2;0;1;0;0;0;0;0;1;1
11;2;2200213.0;2020;3;0;1;2;0;1;2;1;0;0;0;0;0;1;1;1
11;9;9200613.0;2020;3;0;1;3;5;2;2;1;1;0;0;0;0;1;1;1
11;11;11300721.0;2020;2;18;7;3;2;2;2;0;1;0;1;0;0;1;0;0
11;6;6100209.0;2020;3;14;1;3;0;5;0;0;1;0;0;0;0;0;1;1
11;1;1200623.0;2020;2;2;7;3;0;2;2;1;1;0;0;0;0;0;0;0
11;6;6300634.0;2020;2;17;7;2;6;4;1;0;1;1;0;0;0;1;0;0
11;5;5100104.0;2020;3;6;6;2;5;3;2;0;1;0;1;0;0;1;1;1
11;8;8100206.0;2020;3;21;4;3;1;5;2;1;1;0;0;0;0;0;1;1
11;4;4501042.0;2020;2;5;7;3;5;3;2;0;1;0;0;0;0;1;0;0
11;1;1300836.0;2020;2;15;7;3;5;3;0;0;1;0;1;0;0;1;0;0
11;3;3601245.0;2020;3;19;4;3;6;2;2;0;0;1;0;0;1;0;1;1
11;1;1200522.0;2020;2;16;7;3;6;4;0;0;1;1;0;0;0;0;0;0
11;6;6300631.0;2020;2;6;7;2;4;6;2;0;0;0;0;0;1;1;0;0
11;5;5100316.0;2020;3;13;7;3;0;6;0;0;1;0;0;0;1;0;1;1
11;2;2500834.0;2020;2;2;7;2;6;7;2;0;1;1;0;0;0;1;0;0
11;1;1100308.0;2020;3;8;6;3;5;3;0;0;1;0;0;0;0;1;1;1
11;3;3400723.0;2020;3;15;4;3;4;6;0;1;0;0;0;0;0;0;1;1
11;2;2100106.0;2020;2;23;7;3;5;2;2;0;1;0;0;0;0;1;0;0
11;7;7100102.0;2020;3;14;5;3;1;5;0;0;1;0;1;0;0;0;1;1
11;2;2500830.0;2020;2;19;7;3;1;5;2;1;1;0;0;0;0;1;0;0
11;5;5300736.0;2020;3;13;6;3;4;6;0;0;1;0;0;0;0;1;1;1
11;8;8100311.0;2020;3;13;4;3;5;5;0;1;1;0;0;0;0;0;1;1
11;1;1300836.0;2020;2;19;7;3;5;3;2;0;1;0;0;0;0;1;0;0
11;8;8100209.0;2020;3;14;5;3;5;2;0;1;1;0;0;0;0;0;1;1
11;4;4501148.0;2020;2;19;7;3;1;5;2;1;1;0;0;0;0;1;0;0
11;8;8100312.0;2020;3;11;2;3;2;6;0;0;1;0;0;0;0;0;1;1
11;2;2400623.0;2020;2;19;7;3;5;3;2;1;1;0;0;0;0;1;0;0
11;12;12500928.0;2020;2;18;7;3;5;3;2;0;1;0;0;0;0;1;0;0
11;3;3601245.0;2020;3;0;7;3;1;5;2;1;1;0;0;0;0;1;1;1
11;9;9401534.0;2020;3;11;6;1;6;4;0;0;0;1;0;0;1;1;1;1
11;1;1200628.0;2020;2;17;7;3;5;2;0;0;1;0;0;0;1;0;0;0
11;7;7501029.0;2020;3;13;4;3;6;4;0;0;1;1;0;0;0;0;1;1
11;7;7300517.0;2020;2;18;7;3;1;5;2;1;1;0;0;0;0;1;0;0
11;7;7400825.0;2020;3;13;5;3;5;3;0;0;1;0;1;0;0;0;1;1
11;2;2200212.0;2020;2;16;7;3;6;7;0;0;1;1;0;0;0;0;0;0
11;8;8100103.0;2020;3;7;2;3;2;7;0;1;1;0;0;0;0;1;1;1
11;1;1200520.0;2020;3;16;5;3;1;5;0;1;1;0;0;0;0;0;1;1
11;8;8401243.0;2020;2;15;7;3;6;2;0;0;1;1;0;0;0;0;0;0
11;5;5200527.0;2020;2;15;7;3;6;4;0;0;1;1;0;0;0;0;0;0
11;12;12200412.0;2020;2;15;7;3;5;5;0;0;1;0;1;0;0;0;0;0
11;1;1100310.0;2020;3;5;2;3;5;2;1;0;1;0;0;0;0;1;1;1
11;7;7601545.0;2020;3;20;5;2;8;1;2;0;1;0;0;0;0;0;1;1
11;1;1400938.0;2020;2;14;7;3;2;6;0;0;1;0;0;0;0;0;0;0
11;10;10200526.0;2020;2;14;7;3;6;6;0;0;1;1;0;0;0;0;0;0
11;12;12400618.0;2020;3;11;4;3;5;3;0;0;1;0;0;0;0;0;1;1
11;6;6100207.0;2020;3;18;6;3;2;6;2;0;1;0;0;0;0;1;1;1
11;7;7200409.0;2020;3;11;4;3;5;2;0;1;1;0;0;0;0;0;1;1
11;5;5100316.0;2020;2;13;7;3;6;7;0;0;1;1;0;0;0;0;0;0
11;6;6100210.0;2020;3;10;4;3;5;3;0;0;1;0;0;0;0;1;1;1
11;11;11400931.0;2020;2;13;7;3;6;4;0;0;1;1;0;0;0;0;0;0
11;8;8401245.0;2020;2;12;7;3;5;2;0;1;1;0;0;0;0;0;0;0
11;5;5100209.0;2020;3;16;1;3;5;2;0;0;1;0;0;0;0;0;1;1
11;9;9200717.0;2020;3;19;5;3;5;2;2;1;1;0;0;0;0;0;1;1
11;2;2300316.0;2020;2;11;7;3;2;6;0;0;1;0;0;0;0;0;0;0
11;4;4300623.0;2020;2;19;6;3;1;5;1;1;1;0;0;0;0;0;0;0
11;11;11501238.0;2020;3;7;6;3;6;2;0;0;1;1;0;0;0;1;1;1
11;3;3500936.0;2020;3;10;4;3;6;4;0;0;1;1;0;0;0;0;1;1
11;6;6200314.0;2020;2;11;6;2;6;6;0;0;1;1;0;0;0;0;0;0
11;5;5200631.0;2020;3;16;6;3;2;7;0;0;1;0;0;0;0;1;1;1
11;1;1200629.0;2020;3;10;4;3;5;2;0;1;0;0;0;0;1;0;1;1
11;12;12200309.0;2020;2;13;6;2;2;6;0;0;1;0;0;0;0;0;0;0
11;8;8301037.0;2020;3;8;4;3;5;3;0;1;1;0;0;0;0;0;1;1
11;7;7100102.0;2020;2;8;6;3;2;6;0;0;1;0;0;0;0;0;0;0
11;4;4100102.0;2020;2;7;6;3;5;3;0;1;0;0;0;1;0;1;0;0
11;1;1200623.0;2020;3;13;1;2;1;1;0;0;1;0;0;0;0;0;1;1
11;2;2400623.0;2020;3;18;5;3;2;7;2;1;1;0;0;0;0;0;1;1
11;5;5200629.0;2020;2;18;6;3;5;3;2;1;1;0;0;0;0;0;0;0
11;5;5300736.0;2020;2;19;6;3;2;6;2;0;1;0;0;0;0;0;0;0
11;5;5100211.0;2020;3;14;6;3;5;2;0;0;1;0;0;0;0;1;1;1
11;1;1400937.0;2020;3;7;4;3;6;2;0;0;1;1;0;0;0;0;1;1
11;3;3701554.0;2020;2;21;6;3;5;3;2;1;1;0;0;0;0;0;0;0
11;1;1300733.0;2020;3;12;5;3;6;7;0;0;1;1;0;0;0;0;1;1
11;8;8200624.0;2020;2;19;6;2;6;4;2;0;1;1;0;0;0;0;0;0
11;4;4500939.0;2020;3;7;4;3;5;2;0;1;1;0;0;0;0;0;1;1
11;7;7200414.0;2020;2;18;6;3;5;7;2;0;1;0;1;0;0;0;0;0
11;12;12601235.0;2020;2;18;6;3;5;2;2;1;1;0;0;0;0;0;0;0
11;1;1100416.0;2020;3;9;7;3;0;1;0;1;0;0;0;0;0;1;1;1
11;4;4501042.0;2020;2;18;6;3;2;6;2;0;1;0;0;0;0;0;0;0
11;6;6100101.0;2020;3;4;4;2;0;7;2;1;0;0;0;0;0;1;1;1
11;10;10100205.0;2020;2;17;6;2;0;3;1;1;1;0;0;0;0;0;0;0
11;2;2500836.0;2020;2;16;6;3;5;3;0;1;1;0;0;0;0;0;0;0
11;2;2300316.0;2020;3;19;7;2;6;4;2;0;1;1;0;0;0;0;1;1
11;6;6300633.0;2020;2;16;6;3;5;2;0;0;1;0;0;0;1;0;0;0
11;2;2200210.0;2020;3;12;6;3;5;3;0;1;1;0;0;0;0;1;1;1
11;8;8200624.0;2020;3;5;4;3;5;2;0;0;1;0;0;0;0;0;1;1
11;12;12500824.0;2020;2;16;6;3;5;3;0;0;1;0;1;0;0;0;0;0
11;8;8200730.0;2020;3;11;5;3;0;2;0;1;0;0;0;0;1;0;1;1
11;12;12200310.0;2020;2;16;6;3;6;2;0;0;1;1;0;0;0;0;0;0
11;2;2400623.0;2020;3;11;2;2;5;2;0;0;1;0;0;0;0;1;1;1
11;1;1300835.0;2020;3;18;5;3;5;7;2;0;1;0;0;0;1;0;1;1
11;1;1200625.0;2020;2;15;6;3;2;6;0;0;1;0;0;0;0;0;0;0
11;4;4501041.0;2020;2;15;6;3;3;6;0;1;1;0;0;0;0;0;0;0
11;11;11300722.0;2020;3;9;6;3;5;2;0;1;1;0;0;0;0;1;1;1
11;10;10400941.0;2020;3;18;5;3;5;3;2;1;1;0;0;0;0;0;1;1
11;3;3601141.0;2020;2;15;6;3;5;3;0;1;1;0;0;0;0;0;0;0
11;12;12500928.0;2020;2;15;6;3;5;3;0;1;1;0;0;0;0;0;0;0
11;3;3701554.0;2020;3;20;6;3;5;3;2;1;1;0;0;0;0;1;1;1
11;4;4300623.0;2020;3;1;4;3;0;1;2;0;0;0;0;0;1;1;1;1
11;1;1300836.0;2020;2;14;6;3;2;6;0;0;1;0;1;0;0;0;0;0
11;4;4300518.0;2020;3;11;5;3;5;2;0;1;1;0;0;0;0;0;1;1
11;4;4501042.0;2020;2;14;6;3;2;6;0;0;1;0;0;0;0;0;0;0
11;2;2300316.0;2020;3;8;2;3;5;3;0;1;1;0;0;0;0;1;1;1
11;3;3300516.0;2020;2;13;6;3;5;3;0;0;1;0;0;0;0;0;0;0
11;2;2200209.0;2020;2;13;6;3;3;6;0;0;1;0;0;0;0;0;0;0
11;12;12200414.0;2020;3;7;4;3;2;6;0;0;0;0;0;1;1;1;1;1
11;4;4200311.0;2020;3;18;6;3;6;4;2;0;1;1;0;0;0;1;1;1
11;1;2400623.0;2020;3;9;3;3;5;2;0;1;1;0;0;0;0;0;1;1
11;10;10100104.0;2020;2;11;6;2;6;4;0;0;1;1;0;0;0;0;0;0
11;1;1200628.0;2020;3;12;3;3;0;1;0;1;0;0;0;0;0;1;1;1
11;7;7601442.0;2020;2;4;6;1;5;3;2;0;1;0;0;0;0;2;0;0
11;1;1100206.0;2020;2;10;6;3;5;3;0;0;1;0;0;0;0;0;0;0
11;1;1300733.0;2020;3;15;1;3;1;5;0;0;1;0;1;0;0;0;1;1
11;2;2200209.0;2020;3;17;5;3;5;2;1;1;1;0;0;0;0;0;1;1
11;6;6100205.0;2020;2;9;6;3;0;3;0;0;1;0;1;0;0;1;0;0
11;10;10100311.0;2020;3;8;3;3;5;2;0;1;1;0;0;0;0;0;1;1
11;5;5100316.0;2020;2;9;6;3;1;5;0;1;1;0;0;0;0;1;0;0
11;4;4501043.0;2020;2;9;6;3;5;3;0;0;1;0;0;0;0;1;0;0
11;11;11300723.0;2020;3;21;1;2;1;5;2;0;1;0;0;0;0;0;1;1
11;6;6400838.0;2020;2;8;6;3;2;2;0;0;1;0;0;0;0;1;0;0
11;12;12200307.0;2020;2;7;6;3;6;4;0;0;0;1;0;0;1;0;0;0
11;2;2200209.0;2020;3;15;6;3;3;6;0;1;0;0;0;1;0;1;1;1
11;4;4500937.0;2020;3;10;3;3;8;7;0;0;1;1;0;0;0;0;1;1
11;1;1100205.0;2020;2;0;6;3;2;2;2;0;1;0;0;0;0;1;0;0
11;9;9501941.0;2020;3;17;3;3;4;6;0;1;0;0;0;0;0;1;1;1
11;7;7300619.0;2020;2;18;5;3;0;3;2;0;1;0;1;0;0;0;0;0
11;11;11100204.0;2020;2;6;5;2;6;7;1;1;0;1;0;0;0;1;0;0
11;1;1100206.0;2020;3;9;1;3;5;3;0;0;1;0;0;0;0;0;1;1
11;4;4300623.0;2020;2;22;5;3;6;2;2;0;1;1;0;0;0;1;0;0
11;4;4300620.0;2020;3;13;6;2;5;2;0;0;1;0;1;0;0;1;1;1
11;2;2400521.0;2020;3;21;3;3;5;3;2;1;1;0;0;0;0;0;1;1
11;1;1200520.0;2020;2;21;5;3;1;5;2;0;1;0;0;0;0;1;0;0
11;12;12500926.0;2020;3;6;6;3;0;3;1;0;1;0;1;0;0;1;1;1
11;9;9100202.0;2020;3;8;3;3;5;2;1;1;1;0;0;0;0;0;1;1
11;7;7200413.0;2020;2;20;5;3;4;6;2;0;1;0;0;0;1;1;0;0
11;8;8100104.0;2020;2;20;5;3;5;2;2;1;1;0;0;0;0;0;0;0
11;7;7601442.0;2020;3;19;3;3;5;2;2;1;1;0;0;0;0;0;1;1
11;8;8100521.0;2020;2;19;5;2;6;4;2;0;1;1;0;0;0;0;0;0
11;1;1100206.0;2020;2;19;5;3;5;2;2;1;1;0;0;0;0;0;0;0
11;10;10300731.0;2020;3;13;7;3;5;3;0;0;1;0;0;0;0;0;1;1
11;3;3601142.0;2020;3;17;5;3;6;4;1;0;1;1;0;0;0;0;1;1
11;5;5200422.0;2020;2;16;5;2;8;1;1;0;1;0;0;0;0;0;0;0
11;1;1400940.0;2020;3;9;6;3;2;6;0;0;1;0;0;0;0;1;1;1
11;1;1100416.0;2020;3;19;3;3;5;3;2;0;1;0;0;0;1;0;1;1
11;5;5100208.0;2020;2;19;5;3;2;6;2;0;1;0;0;0;0;1;0;0
11;12;12200309.0;2020;3;11;5;3;2;6;0;0;1;0;0;0;0;0;1;1
11;8;8100105.0;2020;2;18;5;3;2;7;2;1;1;0;0;0;0;0;0;0
11;12;12500930.0;2020;3;5;2;3;5;2;1;1;1;0;0;0;0;0;1;1
11;5;5100314.0;2020;2;17;5;3;1;5;2;0;1;0;0;0;0;0;0;0
11;5;5100104.0;2020;2;18;5;2;5;2;2;1;1;0;0;0;0;0;0;0
11;1;1400938.0;2020;3;10;5;3;2;6;0;0;1;0;0;1;1;0;1;1
11;12;12200515.0;2020;2;16;5;3;6;4;0;0;1;1;0;0;0;0;0;0
11;1;1100207.0;2020;2;15;5;3;6;4;0;1;0;1;0;0;0;0;0;0
11;8;8100208.0;2020;2;14;5;3;2;6;0;0;1;0;0;0;1;0;0;0
11;5;5100317.0;2020;3;7;7;3;1;7;0;0;1;0;0;0;0;1;1;1
11;6;6100101.0;2020;2;14;5;3;5;3;0;0;1;0;0;0;0;1;0;0
11;12;12500928.0;2020;3;19;6;3;5;3;2;1;1;0;0;0;0;1;1;1
11;2;2100104.0;2020;3;19;3;3;5;3;2;1;1;0;0;0;0;0;1;1
11;4;4501042.0;2020;2;13;5;3;5;3;0;1;1;0;0;0;0;0;0;0
11;11;11100309.0;2020;3;9;5;3;6;4;0;0;1;1;0;0;0;0;1;1
11;1;1100101.0;2020;2;13;5;3;0;2;0;0;1;0;0;0;1;0;0;0
11;3;3300412.0;2020;3;8;2;3;5;3;0;0;1;0;0;0;0;1;1;1
11;4;4501041.0;2020;2;13;5;3;0;6;0;0;1;0;0;0;1;0;0;0
11;9;9401330.0;2020;2;13;5;3;5;3;0;1;1;0;0;0;0;0;0;0
11;4;4400832.0;2020;3;18;6;2;6;4;2;0;1;1;0;0;0;1;1;1
11;7;7400824.0;2020;3;19;3;3;5;3;2;1;1;0;0;0;0;0;1;1
11;3;3200205.0;2020;2;11;5;3;5;3;0;0;1;0;0;0;0;0;0;0
11;7;7200411.0;2020;2;12;5;3;0;2;0;0;1;0;0;0;1;1;0;0
11;1;1100310.0;2020;3;18;3;3;5;3;2;1;1;0;0;0;0;1;1;1
11;5;5200528.0;2020;3;19;6;3;5;2;2;0;1;0;0;0;0;1;1;1
11;8;8100521.0;2020;3;10;3;3;5;3;0;1;1;0;0;0;0;1;1;1
11;1;1401049.0;2020;2;11;5;3;2;6;0;0;1;0;0;0;0;0;0;0
11;11;11200512.0;2020;3;11;3;2;5;7;0;0;1;0;0;0;1;0;1;1
11;11;11501340.0;2020;2;11;5;2;6;4;0;0;0;1;0;0;1;1;0;0
11;1;1401049.0;2020;2;11;5;3;5;3;0;1;1;0;0;0;0;1;0;0
11;2;2400521.0;2020;3;17;1;3;2;2;1;0;1;0;0;0;0;0;1;1
11;11;11501238.0;2020;2;10;5;3;2;6;0;0;1;0;0;0;1;1;0;0
11;5;5100317.0;2020;2;10;5;2;5;2;0;0;1;0;0;1;0;1;0;0
11;3;3300514.0;2020;3;15;6;3;5;3;0;0;1;0;1;0;0;1;1;1
11;12;12200515.0;2020;3;11;3;3;1;5;0;1;1;0;0;0;0;0;1;1
11;6;6100208.0;2020;2;9;5;3;5;3;0;1;1;0;0;0;0;1;0;0