LAND;BEZ;LOR_ab_2021;UJAHR;UMONAT;USTUNDE;UWOCHENTAG;UKATEGORIE;UART;UTYP1;ULICHTVERH;IstRad;IstPKW;IstFuss;IstKrad;IstGkfz;IstSonstige;USTRZUSTAND;LOCKDOWN;COVID
11;7;7200308.0;2020;6;15;3;3;3;6;0;1;1;0;0;0;0;0;0;1
11;3;3601245.0;2020;6;17;2;2;5;3;0;0;1;0;1;0;0;0;0;1
11;10;10100312.0;2020;5;17;1;3;5;3;0;1;1;0;0;0;0;0;1;1
11;9;9100101.0;2020;6;16;6;3;1;5;0;1;1;0;0;0;0;0;0;1
11;3;3200309.0;2020;6;16;3;3;0;7;0;1;0;0;0;0;0;0;0;1
11;5;5100316.0;2020;6;20;4;3;5;2;1;1;1;0;0;0;0;0;0;1
11;2;2200213.0;2020;6;17;7;3;5;3;0;1;1;0;0;0;0;0;0;1
11;2;2300418.0;2020;6;15;3;3;6;7;0;1;0;1;0;0;0;0;0;1
11;2;2200209.0;2020;6;14;3;3;0;7;0;0;1;0;0;0;1;0;0;1
11;1;1401045.0;2020;6;15;3;3;3;6;0;0;0;0;1;0;1;0;0;1
11;8;8100104.0;2020;6;15;2;3;6;4;0;0;1;1;0;0;0;0;0;1
11;5;5100312.0;2020;5;16;1;2;1;5;0;0;1;0;0;0;0;0;1;1
11;7;7601340.0;2020;5;1;1;2;9;1;2;0;1;0;0;0;0;0;1;1
11;8;8100314.0;2020;6;15;3;3;2;7;0;1;1;0;0;0;0;0;0;1
11;4;4100102.0;2020;6;21;2;3;3;6;1;0;1;0;0;0;0;0;0;1
11;4;4200308.0;2020;5;17;1;3;2;6;0;0;1;0;0;0;0;0;1;1
11;1;1100308.0;2020;6;15;3;3;1;5;0;0;1;0;0;0;1;0;0;1
11;11;11400931.0;2020;6;17;5;3;5;3;0;1;1;0;0;0;0;0;0;1
11;1;1100102.0;2020;6;16;2;3;5;2;0;1;1;0;0;0;0;0;0;1
11;11;11300620.0;2020;5;17;1;3;0;2;0;0;1;0;1;0;0;0;1;1
11;5;5200634.0;2020;6;14;3;2;1;5;0;0;1;0;0;0;0;0;0;1
11;10;10400939.0;2020;6;14;3;3;0;2;0;1;1;0;0;0;0;0;0;1
11;1;1100104.0;2020;6;8;4;3;5;2;0;1;1;0;0;0;0;0;0;1
11;7;7300516.0;2020;6;16;7;3;5;2;0;1;1;0;0;0;0;0;0;1
11;4;4400726.0;2020;6;15;3;3;2;6;0;0;1;0;0;0;0;0;0;1
11;11;11300721.0;2020;6;10;3;3;5;3;0;0;1;0;0;0;1;0;0;1
11;2;2500728.0;2020;6;14;3;3;5;6;0;0;1;0;0;0;0;0;0;1
11;7;7100103.0;2020;6;12;2;3;5;2;0;1;1;0;0;0;0;0;0;1
11;2;2500830.0;2020;5;16;1;3;1;5;0;1;1;0;0;0;0;0;1;1
11;2;2100106.0;2020;6;13;3;2;5;2;0;0;1;0;1;0;0;0;0;1
11;3;3400722.0;2020;6;16;4;3;5;3;0;1;0;0;0;0;0;0;0;1
11;2;2100101.0;2020;6;12;5;3;5;2;0;1;1;0;0;0;0;0;0;1
11;11;11300722.0;2020;6;20;1;3;5;3;0;0;1;0;0;0;1;0;0;1
11;8;8200624.0;2020;5;16;1;3;5;7;0;0;1;0;0;0;0;0;1;1
11;10;10400837.0;2020;6;13;3;3;5;3;0;1;1;0;0;0;0;0;0;1
11;12;12500928.0;2020;6;13;3;3;5;3;0;0;1;0;1;0;0;0;0;1
11;12;12400722.0;2020;6;9;4;3;5;2;0;0;1;0;1;0;0;0;0;1
11;7;7300515.0;2020;6;10;3;3;5;7;0;0;1;0;0;0;0;0;0;1
11;12;12200309.0;2020;6;17;4;3;3;6;0;0;1;0;1;0;0;0;0;1
11;7;7501029.0;2020;6;17;5;3;5;3;0;1;1;0;0;0;0;1;0;1
11;9;9401534.0;2020;6;11;1;2;0;1;0;1;0;0;0;0;0;1;0;1
11;1;1100313.0;2020;5;15;1;2;1;5;0;1;1;0;0;0;0;0;1;1
11;3;3500936.0;2020;6;9;3;2;0;3;0;0;1;0;1;0;0;0;0;1
11;6;6300526.0;2020;6;12;3;3;5;2;0;1;1;0;0;0;0;0;0;1
11;3;3200309.0;2020;6;11;4;2;0;1;0;1;0;0;0;0;0;0;0;1
11;1;1400938.0;2020;6;8;3;3;5;2;0;1;1;0;0;0;0;0;0;1
11;3;3601142.0;2020;6;9;3;2;5;2;0;1;0;0;0;1;0;0;0;1
11;8;8100419.0;2020;6;8;3;3;1;5;0;1;1;0;0;0;0;0;0;1
11;11;11300620.0;2020;6;9;2;3;5;2;0;1;0;0;0;0;0;0;0;1
11;1;1300732.0;2020;5;14;1;2;6;4;0;0;1;1;0;0;0;0;1;1
11;3;3300514.0;2020;6;8;3;3;5;2;0;1;1;0;0;0;0;0;0;1
11;6;6100207.0;2020;6;15;4;3;1;5;0;1;1;0;0;0;0;0;0;1
11;2;2100106.0;2020;6;13;1;2;5;2;0;1;1;0;0;0;0;0;0;1
11;3;3601142.0;2020;5;13;1;3;0;7;0;1;0;0;0;0;0;0;1;1
11;6;6300528.0;2020;6;8;3;3;2;7;0;1;0;0;0;0;1;0;0;1
11;7;7601340.0;2020;6;7;3;2;5;2;0;1;1;0;0;0;0;0;0;1
11;3;3601450.0;2020;6;10;3;3;5;2;0;1;1;0;0;0;0;0;0;1
11;1;1100416.0;2020;6;7;3;3;2;7;0;1;1;0;0;0;0;0;0;1
11;8;8100314.0;2020;6;14;3;3;5;7;0;1;1;0;0;0;0;0;0;1
11;12;12400618.0;2020;6;7;3;3;5;2;0;1;1;0;0;0;0;0;0;1
11;10;10200629.0;2020;6;7;3;3;1;5;0;1;0;0;0;0;1;0;0;1
11;4;4300412.0;2020;6;8;3;2;6;4;0;0;1;1;0;0;0;0;0;1
11;7;7501029.0;2020;6;12;3;3;5;2;0;1;0;0;0;0;1;0;0;1
11;7;7400823.0;2020;6;11;2;3;2;2;0;0;1;0;0;0;0;0;0;1
11;1;1300836.0;2020;5;17;1;3;0;6;0;0;1;0;0;0;1;0;1;1
11;8;8100521.0;2020;6;16;6;3;5;3;0;0;1;0;0;0;0;0;0;1
11;10;10400938.0;2020;6;5;3;3;2;6;0;0;1;0;0;0;0;0;0;1
11;2;2200210.0;2020;6;15;4;3;5;7;0;1;1;0;0;0;0;0;0;1
11;1;1200517.0;2020;6;20;7;3;5;3;0;1;1;0;0;0;0;0;0;1
11;2;2300316.0;2020;6;19;3;3;5;3;0;1;1;0;0;0;0;0;0;1
11;3;3400830.0;2020;6;12;7;3;5;2;0;0;1;0;0;0;0;0;0;1
11;7;7200412.0;2020;6;12;3;3;5;2;0;0;1;0;1;0;0;0;0;1
11;3;3400721.0;2020;6;19;3;3;6;6;0;1;0;1;0;0;0;0;0;1
11;3;3400619.0;2020;6;16;3;2;1;7;0;0;1;0;1;0;1;0;0;1
11;10;10100316.0;2020;6;11;7;3;2;6;0;0;1;0;0;0;0;0;0;1
11;9;9200819.0;2020;6;11;2;3;0;6;0;0;1;0;0;0;1;0;0;1
11;4;4100101.0;2020;6;18;2;3;0;6;0;0;1;0;0;0;1;0;0;1
11;2;2500726.0;2020;6;17;2;3;5;3;0;1;1;0;1;0;0;0;0;1
11;8;8100310.0;2020;5;22;7;3;1;5;2;1;1;0;0;0;0;0;1;1
11;8;8100310.0;2020;6;19;4;3;3;6;0;1;1;0;0;0;0;0;0;1
11;6;6200311.0;2020;6;15;7;2;2;7;0;0;1;0;0;0;0;0;0;1
11;5;5300737.0;2020;6;16;7;2;5;2;0;0;1;0;0;0;0;0;0;1
11;5;5100316.0;2020;6;22;2;2;5;3;2;0;1;0;0;0;0;0;0;1
11;9;9401635.0;2020;6;12;4;3;1;5;0;0;1;0;1;0;0;0;0;1
11;3;3601449.0;2020;6;15;4;3;5;3;0;1;1;0;0;0;0;0;0;1
11;2;2300314.0;2020;6;19;2;3;5;2;0;1;1;0;0;0;0;0;0;1
11;4;4200203.0;2020;6;19;2;3;1;5;0;1;1;0;0;0;0;0;0;1
11;6;6200316.0;2020;6;18;2;3;4;6;0;1;0;0;0;0;0;0;0;1
11;5;5200629.0;2020;6;11;4;3;5;7;0;0;1;0;0;0;0;0;0;1
11;2;2200212.0;2020;6;18;2;3;0;7;0;1;1;0;0;0;0;0;0;1
11;2;2200211.0;2020;6;10;4;3;6;4;0;1;0;1;0;0;0;0;0;1
11;4;4501042.0;2020;6;17;2;3;5;7;0;0;1;0;0;0;0;0;0;1
11;4;4300620.0;2020;6;13;5;2;3;6;0;1;1;0;0;0;0;0;0;1
11;2;2300419.0;2020;6;10;4;2;5;2;0;1;1;0;0;0;0;0;0;1
11;1;1100415.0;2020;6;17;2;3;5;5;0;1;1;0;0;0;0;0;0;1
11;7;7200409.0;2020;6;16;2;3;5;2;0;1;1;0;0;0;0;0;0;1
11;2;2400521.0;2020;6;16;2;2;0;1;0;1;0;0;0;0;0;0;0;1
11;1;1100309.0;2020;6;16;2;3;2;6;0;1;1;0;0;0;0;0;0;1
11;4;4501043.0;2020;6;10;4;3;5;3;0;1;1;0;0;0;0;0;0;1
11;4;4501146.0;2020;6;15;2;3;2;6;0;0;1;0;1;0;0;0;0;1
11;9;9100203.0;2020;6;12;2;3;2;6;0;0;1;0;0;0;1;0;0;1
11;7;7601341.0;2020;6;11;5;3;2;6;0;0;1;0;1;0;0;0;0;1
11;3;3601142.0;2020;6;9;4;3;5;3;0;0;1;0;0;0;0;0;0;1
11;2;2200209.0;2020;6;23;2;3;1;5;2;1;1;0;0;0;0;0;0;1
11;5;5100208.0;2020;6;13;2;3;5;2;0;1;1;0;0;0;0;0;0;1
11;11;11400931.0;2020;6;22;2;2;5;3;2;1;0;0;1;0;0;0;0;1
11;7;7300516.0;2020;6;9;4;3;5;3;0;1;1;0;0;0;0;0;0;1
11;6;6200423.0;2020;6;15;4;3;5;2;0;0;1;0;0;0;0;0;0;1
11;2;2400625.0;2020;6;21;2;3;1;5;1;1;1;0;0;0;0;0;0;1
11;11;11100206.0;2020;6;20;2;2;5;3;1;1;1;0;0;0;0;0;0;1
11;3;3501037.0;2020;6;8;4;3;5;3;0;1;1;0;0;0;0;0;0;1
11;2;2400521.0;2020;6;9;4;3;5;2;0;0;1;0;1;0;0;0;0;1
11;6;6300633.0;2020;6;20;2;2;2;4;0;0;1;1;0;0;0;0;0;1
11;9;9501838.0;2020;6;9;4;3;2;6;0;0;1;0;0;0;0;0;0;1
11;11;11200410.0;2020;6;20;2;3;5;2;1;1;1;0;0;0;0;0;0;1
11;8;8100520.0;2020;6;20;2;3;0;2;1;1;1;0;0;0;0;0;0;1
11;1;1100309.0;2020;6;9;5;3;0;6;0;1;1;0;0;0;0;0;0;1
11;9;9200819.0;2020;6;8;4;3;5;2;0;1;1;0;0;0;0;0;0;1
11;7;7601442.0;2020;6;20;2;3;5;2;0;1;1;0;0;0;0;0;0;1
11;1;1401047.0;2020;6;20;2;3;5;7;0;1;1;0;0;0;0;0;0;1
11;6;6200423.0;2020;6;11;2;3;0;7;0;1;0;0;0;0;0;0;0;1
11;8;8200727.0;2020;6;8;4;3;6;7;0;0;1;1;0;0;0;0;0;1
11;5;5200632.0;2020;6;15;4;2;2;6;0;0;1;0;1;0;0;0;0;1
11;1;1400940.0;2020;6;8;2;3;4;6;0;0;1;0;0;0;0;0;0;1
11;6;6200420.0;2020;6;8;2;3;6;2;0;0;0;1;0;0;1;0;0;1
11;10;10300732.0;2020;6;7;2;3;6;4;0;0;1;1;0;0;0;0;0;1
11;3;3500933.0;2020;6;8;4;2;5;3;0;1;1;0;0;0;0;0;0;1
11;10;10200420.0;2020;6;7;2;3;0;1;0;1;0;0;0;0;0;0;0;1
11;11;11300724.0;2020;6;6;2;3;5;3;0;1;1;0;0;0;0;0;0;1
11;10;10400837.0;2020;6;6;2;3;5;3;0;1;1;0;0;0;0;0;0;1
11;3;3300516.0;2020;6;5;2;3;0;1;0;0;0;0;1;0;0;1;0;1
11;6;6100102.0;2020;6;1;4;3;0;1;2;0;0;0;0;0;1;0;0;1
11;6;6200421.0;2020;6;15;4;3;2;6;0;0;1;0;0;0;1;0;0;1
11;5;5200528.0;2020;6;16;2;3;2;6;0;0;1;0;1;0;0;0;0;1
11;1;1200628.0;2020;6;16;2;2;5;2;0;0;1;0;0;0;0;0;0;1
11;4;4100101.0;2020;6;16;2;3;1;5;0;0;1;0;0;0;0;0;0;1
11;6;6200313.0;2020;6;8;3;3;0;5;0;0;1;0;0;0;0;0;0;1
11;10;10400940.0;2020;6;15;2;3;4;6;0;1;0;0;0;0;0;0;0;1
11;4;4500936.0;2020;6;15;3;3;2;6;0;0;1;0;0;0;0;0;0;1
11;5;5200420.0;2020;6;15;2;2;5;3;0;1;0;0;0;1;0;0;0;1
11;11;11401136.0;2020;6;11;5;3;8;7;0;0;0;0;0;0;1;0;0;1
11;11;11300722.0;2020;6;21;3;3;1;5;1;1;1;0;0;0;0;0;0;1
11;5;5200421.0;2020;6;9;3;3;6;7;0;1;0;1;0;0;0;0;0;1
11;12;12500825.0;2020;6;15;2;3;2;6;0;0;1;0;0;0;0;0;0;1
11;8;8200831.0;2020;6;15;5;3;5;3;0;0;1;0;0;0;0;0;0;1
11;2;2300417.0;2020;6;19;3;3;0;2;0;1;0;0;1;0;0;0;0;1
11;8;8200622.0;2020;6;14;2;3;5;2;0;0;1;0;0;0;0;0;0;1
11;7;7601544.0;2020;6;14;2;3;3;6;0;0;1;0;1;0;0;0;0;1
11;1;1100308.0;2020;6;14;2;3;3;6;0;1;1;0;0;0;0;0;0;1
11;7;7200413.0;2020;6;13;2;3;1;5;0;1;1;0;0;0;0;0;0;1
11;1;1200628.0;2020;6;19;3;3;5;2;0;0;1;0;1;0;0;0;0;1
11;12;12200310.0;2020;6;13;2;2;5;3;0;0;1;0;1;0;0;0;0;1
11;2;2400521.0;2020;6;13;2;2;0;5;0;1;1;0;0;0;0;0;0;1
11;3;3300516.0;2020;6;10;5;3;5;3;0;0;1;0;0;0;0;0;0;1
11;1;1401047.0;2020;6;18;3;3;6;4;0;1;0;1;0;0;0;0;0;1
11;6;6200422.0;2020;6;13;2;3;0;7;0;1;0;0;0;0;0;0;0;1
11;2;2100102.0;2020;6;12;2;2;5;3;0;1;1;0;0;0;0;0;0;1
11;1;1100103.0;2020;6;12;2;3;2;7;0;0;0;0;1;0;1;0;0;1
11;2;2300314.0;2020;6;20;2;3;5;2;0;1;1;0;0;0;0;0;0;1
11;6;6300524.0;2020;6;11;2;2;5;2;0;1;1;0;0;0;0;0;0;1
11;1;1200517.0;2020;6;18;3;3;5;2;0;0;1;0;1;0;0;0;0;1
11;2;2100101.0;2020;6;17;2;3;5;2;0;1;0;0;0;0;0;0;0;1
11;1;1100309.0;2020;6;10;2;3;6;4;0;1;0;1;0;0;0;0;0;1
11;10;10200423.0;2020;6;8;5;3;5;2;0;0;1;0;1;0;0;0;0;1
11;7;7100101.0;2020;6;18;3;3;3;6;0;1;0;0;0;0;0;0;0;1
11;5;5200524.0;2020;6;11;2;3;5;2;0;0;1;0;0;0;1;0;0;1
11;3;3200310.0;2020;6;10;2;3;0;2;0;0;1;0;0;0;1;0;0;1
11;5;5200528.0;2020;6;10;2;2;4;6;0;0;1;0;0;0;0;0;0;1
11;1;1100101.0;2020;6;18;3;3;5;2;0;0;1;0;0;0;0;0;0;1
11;1;1300836.0;2020;6;21;4;3;5;3;2;0;1;0;0;0;0;0;0;1
11;2;2200210.0;2020;6;8;2;3;0;7;0;1;0;0;0;0;0;0;0;1
11;3;3300413.0;2020;6;16;2;1;5;2;0;0;1;0;1;0;0;0;0;1
11;2;2200210.0;2020;6;18;3;3;1;5;0;1;1;0;0;0;0;0;0;1
11;1;1100415.0;2020;6;19;4;3;0;1;0;1;0;0;0;0;0;0;0;1
11;3;3300517.0;2020;6;17;1;3;0;3;0;1;0;0;0;0;1;0;0;1
11;6;6400844.0;2020;6;18;1;3;5;2;0;1;0;0;1;0;0;0;0;1
11;6;6200311.0;2020;6;8;4;3;5;3;0;1;1;0;0;0;0;0;0;1
11;4;4501149.0;2020;6;22;1;3;2;7;2;1;1;0;0;0;0;0;0;1
11;3;3100103.0;2020;6;8;4;3;6;4;0;0;1;1;0;0;0;0;0;1
11;1;1300834.0;2020;6;22;1;3;5;2;2;1;1;0;0;0;0;0;0;1
11;1;1100206.0;2020;6;20;1;3;1;7;0;1;1;0;0;0;0;0;0;1
11;8;8300935.0;2020;6;18;3;2;4;6;0;0;1;0;1;0;0;0;0;1
11;8;8100417.0;2020;6;14;4;3;5;3;0;1;1;0;0;0;0;0;0;1
11;4;4400728.0;2020;6;20;1;3;1;5;0;1;1;0;0;0;0;0;0;1
11;6;6400844.0;2020;6;19;1;3;5;2;0;1;1;0;0;0;0;0;0;1
11;8;8100209.0;2020;6;8;4;3;5;2;0;0;1;0;0;0;0;0;0;1
11;8;8300935.0;2020;6;18;1;3;0;1;0;1;0;0;0;0;0;0;0;1
11;3;3601243.0;2020;6;17;1;3;1;5;0;1;1;0;0;0;0;0;0;1
11;1;1200517.0;2020;6;7;4;3;4;6;0;0;1;0;0;0;1;0;0;1
11;3;3300516.0;2020;6;18;1;2;9;1;0;0;1;0;0;0;0;0;0;1
11;10;10100311.0;2020;6;17;3;3;5;2;0;1;1;0;0;0;0;0;0;1
11;9;9100306.0;2020;6;16;1;2;5;7;0;0;1;0;1;0;0;0;0;1
11;9;9401534.0;2020;6;17;3;3;6;4;2;1;0;1;0;0;0;0;0;1
11;1;1100206.0;2020;6;15;1;3;0;1;0;0;0;0;0;0;1;0;0;1
11;4;4300622.0;2020;6;14;5;3;2;6;0;0;1;0;1;0;0;0;0;1
11;7;7200409.0;2020;6;17;3;3;0;5;0;0;1;0;0;0;0;0;0;1
11;7;7200414.0;2020;6;12;1;3;2;6;0;1;1;0;0;0;0;0;0;1
11;8;8200832.0;2020;6;7;4;3;2;1;0;0;1;0;1;0;0;0;0;1
11;1;1100206.0;2020;6;11;1;3;5;5;0;1;1;0;0;0;0;0;0;1
11;1;1400942.0;2020;6;11;1;3;2;6;0;0;1;0;0;0;0;0;0;1
11;5;5100317.0;2020;6;17;3;3;2;6;0;0;1;0;0;0;0;0;0;1
11;4;4300620.0;2020;6;16;1;3;5;2;0;1;0;0;0;0;0;0;0;1
11;2;2200210.0;2020;6;22;7;3;5;3;2;0;1;0;0;0;0;1;0;1
11;4;4300622.0;2020;6;17;3;3;2;6;0;0;1;0;1;0;0;0;0;1
11;8;8100310.0;2020;6;21;7;3;5;3;2;1;1;0;0;0;0;1;0;1
11;2;2300419.0;2020;6;21;7;2;6;4;2;0;1;1;0;0;0;1;0;1
11;5;5200527.0;2020;6;11;5;3;5;3;0;0;1;0;0;0;0;0;0;1
11;10;10100315.0;2020;6;16;3;3;2;6;0;0;1;0;0;0;0;0;0;1
11;8;8100311.0;2020;6;20;7;3;5;3;2;1;1;0;0;0;0;1;0;1
11;1;1100310.0;2020;6;5;4;3;5;2;0;1;1;0;0;0;0;0;0;1
11;12;12200515.0;2020;6;20;7;3;6;7;1;1;0;1;0;0;0;1;0;1
11;1;1100311.0;2020;6;19;7;3;0;1;1;1;0;0;0;0;0;1;0;1
11;12;12100101.0;2020;6;16;3;3;6;4;0;0;1;1;0;0;0;0;0;1
11;1;1400940.0;2020;6;14;4;2;2;6;0;0;1;0;1;0;0;0;0;1
11;10;10400938.0;2020;6;19;7;3;0;1;1;1;0;0;0;0;0;1;0;1
11;3;3200206.0;2020;6;18;7;3;0;6;0;0;1;0;1;0;0;1;0;1
11;3;3601245.0;2020;6;7;5;3;0;7;0;1;0;1;0;0;0;0;0;1
11;8;8300935.0;2020;6;9;3;3;1;5;0;0;1;0;0;0;0;0;0;1
11;9;9200715.0;2020;6;16;7;2;0;7;0;1;0;0;0;0;0;0;0;1
11;1;1300834.0;2020;6;16;7;2;0;1;0;0;0;0;1;0;0;1;0;1
11;1;1100309.0;2020;6;9;5;3;5;3;0;1;0;0;0;0;1;0;0;1
11;5;5100316.0;2020;6;9;3;3;2;6;0;0;1;0;0;0;1;0;0;1
11;4;4300517.0;2020;6;16;7;1;5;3;0;1;1;0;0;0;0;0;0;1
11;10;10100206.0;2020;6;14;7;2;2;6;0;0;1;0;0;0;0;1;0;1
11;1;1200623.0;2020;6;14;7;3;1;5;0;1;1;0;0;0;0;0;0;1
11;1;1100205.0;2020;6;16;3;3;0;1;0;1;0;0;0;0;0;0;0;1
11;1;1300730.0;2020;6;18;4;3;5;3;0;1;0;0;0;0;0;0;0;1
11;8;8100417.0;2020;6;14;7;3;5;7;0;1;1;0;0;0;0;0;0;1
11;1;1300836.0;2020;6;14;7;3;0;2;0;1;1;0;0;0;0;0;0;1
11;12;12200310.0;2020;6;18;4;3;5;2;0;1;1;0;0;0;0;0;0;1
11;1;1300732.0;2020;6;14;7;3;6;4;0;1;0;1;0;0;0;0;0;1
11;12;12200411.0;2020;6;17;4;3;2;6;0;0;1;0;1;0;0;0;0;1
11;9;9200819.0;2020;6;14;7;3;6;4;0;0;1;1;0;0;0;0;0;1
11;1;1100101.0;2020;6;13;7;3;5;3;0;1;1;0;0;0;0;0;0;1
11;1;1300836.0;2020;6;12;7;3;0;7;0;1;0;0;0;0;0;0;0;1
11;8;8100102.0;2020;6;11;7;3;5;7;0;0;1;0;1;0;0;0;0;1
11;3;3500934.0;2020;6;8;3;3;5;3;0;0;1;0;0;0;0;0;0;1
11;6;6200314.0;2020;6;13;4;2;2;6;0;1;1;0;0;0;0;0;0;1
11;12;12500824.0;2020;6;10;7;3;2;6;0;0;1;0;0;0;0;0;0;1
11;5;5200525.0;2020;6;11;7;2;5;3;0;0;1;0;1;0;0;0;0;1
11;6;6200422.0;2020;6;6;7;3;5;3;0;0;1;0;0;0;0;0;0;1
11;12;12500825.0;2020;6;15;3;2;5;2;0;0;1;0;1;0;0;0;0;1
11;1;1100206.0;2020;6;1;7;3;1;5;2;1;1;0;0;0;0;0;0;1
11;3;3500936.0;2020;6;14;3;2;1;5;0;1;0;0;0;0;1;0;0;1
11;1;1401047.0;2020;6;0;7;3;6;2;2;0;0;1;0;0;1;0;0;1
11;1;1400938.0;2020;6;12;5;3;0;2;0;1;1;0;0;0;0;0;0;1
11;7;7400823.0;2020;6;8;3;3;5;2;0;1;1;0;0;0;0;0;0;1
11;11;11200411.0;2020;6;17;7;3;3;2;1;1;1;0;0;0;0;1;0;1
11;1;1100312.0;2020;6;16;4;3;5;2;0;1;1;0;0;0;0;0;0;1
11;6;6200421.0;2020;6;15;5;3;6;6;0;1;0;1;0;0;0;0;0;1
11;2;2200211.0;2020;6;14;3;3;3;6;0;1;1;0;0;0;0;0;0;1
11;4;4100101.0;2020;6;13;6;2;5;2;0;1;0;0;0;0;1;0;0;1
11;1;1100309.0;2020;6;20;6;2;3;6;0;1;1;0;0;0;0;0;0;1
11;4;4501041.0;2020;6;19;6;3;0;7;0;1;0;0;0;0;0;1;0;1
11;8;8100314.0;2020;6;18;6;3;0;1;0;1;0;0;0;0;0;0;0;1
11;1;1100309.0;2020;6;8;3;3;0;1;0;1;0;0;0;0;0;0;0;1
11;12;12200308.0;2020;6;18;6;3;0;1;0;0;1;0;1;0;0;0;0;1
11;12;12200308.0;2020;6;18;6;3;5;3;0;0;1;0;0;0;1;0;0;1
11;8;8401241.0;2020;6;11;5;3;5;3;0;0;1;0;0;0;0;0;0;1
11;1;1401049.0;2020;6;15;3;3;5;3;0;1;1;0;0;0;0;0;0;1
11;6;6300631.0;2020;6;17;6;3;5;3;0;0;1;0;0;0;0;0;0;1
11;9;9502043.0;2020;6;17;6;3;5;3;0;0;1;0;0;0;0;0;0;1
11;5;5100209.0;2020;6;17;6;3;6;7;0;1;0;1;0;0;0;0;0;1
11;6;6200420.0;2020;6;14;3;3;2;6;0;1;1;0;0;0;0;0;0;1
11;12;12601133.0;2020;6;16;6;3;6;7;0;1;0;1;0;0;0;0;0;1
11;7;7601546.0;2020;6;15;6;3;1;5;0;1;1;0;0;0;0;0;0;1
11;1;1300836.0;2020;6;13;3;3;5;3;0;1;1;0;0;0;0;0;0;1
11;5;5400943.0;2020;6;8;6;3;2;6;0;1;1;0;0;0;0;0;0;1
11;8;8100311.0;2020;6;15;6;3;5;7;0;1;1;0;0;0;1;0;0;1
11;10;10400940.0;2020;6;9;5;1;6;4;0;1;0;1;0;0;0;0;0;1
11;9;9501939.0;2020;6;6;3;3;5;2;0;1;1;0;0;0;0;0;0;1
11;12;12200308.0;2020;6;14;6;3;2;6;0;0;1;0;0;0;0;0;0;1
11;1;1401044.0;2020;6;16;4;3;4;6;0;1;0;0;0;0;1;0;0;1
11;2;2500830.0;2020;6;14;6;3;3;6;0;1;1;0;0;0;0;0;0;1
11;1;1100308.0;2020;6;13;6;3;0;1;0;0;0;0;1;0;0;0;0;1
11;3;3300516.0;2020;6;6;3;3;5;3;0;0;1;0;0;0;1;0;0;1
11;7;7501134.0;2020;6;13;4;3;5;3;0;1;1;0;0;0;0;0;0;1
11;2;2200209.0;2020;6;13;6;2;5;2;0;1;0;0;0;0;1;0;0;1
11;1;1100207.0;2020;6;13;6;3;5;2;0;1;1;0;0;0;0;0;0;1
11;2;2300316.0;2020;6;12;6;3;5;7;0;0;1;0;1;0;0;0;0;1
11;1;1300836.0;2020;6;13;4;3;0;7;0;0;0;0;1;0;0;1;0;1
11;1;1100102.0;2020;6;23;6;3;5;2;2;0;1;0;1;0;0;0;0;1
11;3;3400723.0;2020;6;22;6;3;1;5;2;1;1;0;0;0;0;0;0;1
11;8;8100311.0;2020;6;23;4;3;1;1;2;0;1;0;1;0;0;0;0;1
11;4;4100101.0;2020;6;22;6;2;1;5;2;1;0;0;0;0;1;0;0;1
11;4;4200308.0;2020;6;12;6;3;5;2;0;1;0;0;0;0;1;0;0;1
11;1;1200628.0;2020;6;12;6;2;5;2;0;0;1;0;0;0;1;0;0;1
11;7;7400928.0;2020;6;5;3;3;5;3;0;1;1;0;0;0;0;0;0;1
11;2;2500834.0;2020;6;17;4;3;5;2;0;1;1;0;0;0;0;0;0;1
11;5;5400943.0;2020;6;20;6;3;5;2;0;0;1;0;1;0;0;0;0;1
11;10;10400940.0;2020;6;12;6;3;5;2;0;1;1;0;0;0;0;0;0;1
11;9;9501940.0;2020;6;12;6;3;1;5;0;1;1;0;0;0;0;0;0;1
11;2;2400522.0;2020;6;11;6;3;2;6;0;0;1;0;1;0;0;0;0;1
11;5;5100315.0;2020;6;0;3;2;5;3;2;1;1;0;0;0;0;0;0;1
11;1;1100206.0;2020;6;13;3;3;5;2;0;0;1;0;1;0;0;0;0;1
11;7;7601238.0;2020;6;11;6;3;1;5;0;0;1;0;0;0;0;0;0;1
11;11;11400931.0;2020;6;12;3;3;5;2;0;1;1;0;0;0;0;0;0;1
11;9;9200614.0;2020;6;10;6;2;6;4;0;0;1;1;0;0;0;0;0;1
11;1;1200629.0;2020;6;14;5;3;0;7;0;1;0;1;0;0;0;0;0;1
11;9;9100408.0;2020;6;12;3;3;2;6;0;0;1;0;0;0;0;0;0;1
11;10;10400938.0;2020;6;9;6;3;2;6;0;0;1;0;0;0;0;0;0;1
11;5;5100211.0;2020;6;8;6;3;1;5;0;0;1;0;0;0;0;0;0;1
11;10;10300731.0;2020;6;8;6;3;5;2;0;1;1;0;0;0;0;0;0;1
11;3;3601141.0;2020;6;7;6;2;5;2;0;1;1;0;0;0;0;0;0;1
11;2;2300316.0;2020;6;11;3;3;5;3;0;1;1;0;0;0;0;0;0;1
11;6;6400838.0;2020;6;6;6;3;5;2;0;1;1;0;0;0;0;0;0;1
11;3;3500934.0;2020;6;9;5;3;6;7;0;1;0;1;0;0;0;0;0;1
11;8;8200832.0;2020;6;10;5;3;6;2;0;0;1;1;0;0;0;0;0;1
11;8;8401246.0;2020;6;11;3;3;5;3;0;0;1;0;0;1;0;0;0;1