LAND;BEZ;LOR_ab_2021;UJAHR;UMONAT;USTUNDE;UWOCHENTAG;UKATEGORIE;UART;UTYP1;ULICHTVERH;IstRad;IstPKW;IstFuss;IstKrad;IstGkfz;IstSonstige;USTRZUSTAND;LOCKDOWN;COVID
11;6;6300524.0;2020;6;7;5;2;0;1;0;1;0;0;0;0;0;1;0;1
11;7;7601442.0;2020;6;12;5;3;5;2;0;0;1;0;0;0;0;1;0;1
11;4;4501147.0;2020;6;11;5;3;5;2;0;1;1;0;0;0;0;1;0;1
11;2;2500832.0;2020;6;12;5;3;5;7;0;1;1;0;0;0;0;0;0;1
11;1;1100207.0;2020;6;11;3;3;0;7;0;1;1;0;0;0;0;0;0;1
11;4;4501045.0;2020;6;11;5;3;6;4;0;1;0;1;0;0;0;1;0;1
11;12;12400723.0;2020;6;9;5;3;5;3;0;1;1;0;0;0;0;1;0;1
11;4;4501149.0;2020;6;9;5;3;6;2;0;0;1;1;0;0;0;1;0;1
11;1;1400938.0;2020;6;10;3;3;5;2;0;1;1;0;0;0;0;0;0;1
11;4;4400726.0;2020;6;9;5;3;3;6;0;0;1;0;0;1;0;0;0;1
11;5;5100313.0;2020;6;9;5;3;6;4;0;0;1;1;0;0;0;1;0;1
11;4;4400833.0;2020;6;7;5;3;5;3;0;0;1;0;0;0;0;0;0;1
11;1;1100206.0;2020;6;10;3;2;0;7;0;1;0;0;0;0;0;0;0;1
11;4;4400833.0;2020;6;9;5;3;2;6;0;0;1;0;0;0;1;1;0;1
11;1;1401048.0;2020;6;9;5;3;5;2;0;1;0;0;0;0;1;1;0;1
11;7;7501029.0;2020;6;20;5;3;2;6;1;0;1;0;0;0;1;0;0;1
11;3;3601141.0;2020;6;8;5;3;0;6;0;0;0;0;1;0;1;1;0;1
11;8;8100209.0;2020;6;13;2;3;2;3;0;0;1;0;0;1;0;0;0;1
11;10;10200627.0;2020;6;12;4;3;2;6;0;0;1;0;0;0;0;0;0;1
11;2;2200208.0;2020;6;8;5;2;0;2;0;1;1;0;0;0;0;1;0;1
11;1;1300834.0;2020;6;7;5;3;1;5;0;1;1;0;0;0;0;1;0;1
11;3;3500935.0;2020;6;8;4;3;5;3;0;0;1;1;0;0;1;0;0;1
11;1;1300836.0;2020;6;16;4;3;1;5;0;1;1;0;0;0;1;0;0;1
11;7;7601544.0;2020;6;19;5;3;2;1;0;0;1;0;0;0;0;0;0;1
11;12;12200309.0;2020;6;15;4;3;1;5;0;1;1;0;0;0;0;0;0;1
11;12;12100205.0;2020;6;6;5;3;5;3;0;1;1;0;0;0;0;1;0;1
11;4;4200311.0;2020;6;19;5;3;5;7;0;0;1;0;0;0;0;0;0;1
11;5;5200629.0;2020;6;15;5;3;5;3;0;0;1;0;0;0;0;0;0;1
11;4;4100102.0;2020;6;15;2;2;6;7;0;1;0;1;0;0;0;0;0;1
11;1;1300834.0;2020;6;19;5;3;6;4;0;0;1;1;0;0;0;1;0;1
11;11;11400929.0;2020;6;19;5;3;5;3;0;1;1;0;0;0;0;1;0;1
11;4;4300412.0;2020;6;13;5;3;5;2;0;1;0;0;0;1;0;0;0;1
11;4;4100101.0;2020;6;18;2;3;5;2;0;1;1;0;0;0;0;0;0;1
11;2;2400625.0;2020;6;17;7;3;5;2;0;0;1;0;0;0;0;1;0;1
11;3;3400620.0;2020;6;23;7;3;0;7;2;1;0;0;0;0;0;0;0;1
11;8;8100104.0;2020;6;6;4;3;5;7;0;0;1;0;0;0;0;0;0;1
11;8;8100105.0;2020;6;20;5;3;5;7;0;0;1;0;0;0;0;0;0;1
11;7;7601236.0;2020;6;11;3;3;1;5;0;0;1;0;0;0;0;0;0;1
11;1;1200628.0;2020;6;16;7;3;5;3;0;0;1;0;0;0;0;1;0;1
11;12;12200515.0;2020;6;13;3;3;6;7;0;0;0;1;0;0;1;0;0;1
11;1;1300836.0;2020;6;16;7;3;6;2;0;0;1;1;0;0;0;1;0;1
11;10;10300734.0;2020;6;7;5;3;5;2;0;0;1;0;1;0;0;0;0;1
11;4;4400835.0;2020;6;14;6;3;5;3;0;0;1;0;0;0;0;1;0;1
11;5;5100316.0;2020;6;6;2;3;1;5;0;1;1;0;0;0;0;0;0;1
11;1;1300836.0;2020;6;16;7;3;0;1;0;1;0;0;0;0;0;1;0;1
11;7;7100103.0;2020;6;19;4;2;0;1;0;0;0;0;0;0;1;0;0;1
11;1;1401046.0;2020;6;7;3;3;5;2;0;1;1;0;0;0;0;0;0;1
11;6;6200313.0;2020;6;18;3;3;5;2;0;1;1;0;0;0;0;0;0;1
11;4;4501042.0;2020;6;12;2;3;5;5;0;1;1;0;0;0;0;0;0;1
11;3;3300411.0;2020;6;16;7;3;2;2;0;0;1;0;0;0;0;1;0;1
11;6;6400838.0;2020;6;10;4;2;0;7;0;0;0;0;0;1;0;0;0;1
11;12;12200309.0;2020;6;13;6;3;6;7;0;1;0;1;0;0;0;0;0;1
11;4;4501045.0;2020;6;14;2;3;1;5;0;0;0;0;1;0;1;0;0;1
11;1;1400939.0;2020;6;15;7;3;2;6;0;0;1;0;0;0;0;1;0;1
11;4;4500939.0;2020;6;16;4;2;9;1;0;0;0;0;1;0;0;0;0;1
11;8;8401243.0;2020;6;17;3;2;0;1;0;1;0;0;0;0;0;0;0;1
11;6;6400843.0;2020;6;8;2;3;2;6;0;0;1;0;0;0;0;0;0;1
11;4;4100101.0;2020;6;15;7;3;1;7;0;0;1;0;0;0;0;1;0;1
11;9;9300923.0;2020;6;22;7;3;1;5;2;0;1;0;0;0;0;1;0;1
11;8;8401243.0;2020;6;9;4;3;5;3;0;1;1;0;0;0;0;0;0;1
11;8;8200624.0;2020;6;17;5;3;6;4;0;0;1;1;0;0;0;0;0;1
11;12;12601235.0;2020;6;15;1;2;1;5;0;0;1;0;0;0;1;0;0;1
11;7;7100102.0;2020;6;18;6;3;6;4;0;0;0;1;1;0;0;1;0;1
11;4;4100101.0;2020;6;10;2;3;5;2;0;0;1;0;0;1;0;0;0;1
11;2;2200213.0;2020;6;22;6;3;1;5;2;1;1;0;0;0;0;0;0;1
11;2;2300316.0;2020;6;10;4;3;5;7;0;1;0;0;0;0;1;0;0;1
11;12;12200414.0;2020;6;19;5;2;5;2;0;1;1;0;0;0;0;0;0;1
11;4;4400833.0;2020;6;11;2;3;5;3;0;1;0;0;0;0;1;0;0;1
11;9;9200510.0;2020;6;17;6;3;0;2;0;1;1;0;0;0;0;1;0;1
11;2;2500833.0;2020;6;13;4;3;5;2;0;0;1;0;0;0;1;0;0;1
11;1;1401049.0;2020;6;16;3;3;5;3;0;1;1;0;0;0;0;0;0;1
11;8;8401243.0;2020;6;17;2;3;5;3;0;1;1;0;0;0;0;0;0;1
11;8;8100312.0;2020;6;13;6;2;1;5;0;1;1;0;0;0;0;0;0;1
11;1;1300834.0;2020;6;18;7;3;2;6;0;0;1;0;0;0;0;1;0;1
11;2;2200208.0;2020;6;17;4;3;0;2;0;1;1;0;0;0;0;0;0;1
11;4;4200311.0;2020;6;21;5;3;0;7;1;0;0;0;1;0;0;0;0;1
11;9;9501939.0;2020;6;12;3;2;5;2;0;1;1;0;0;0;0;0;0;1
11;8;8100415.0;2020;6;12;6;3;5;2;0;1;1;0;0;0;0;0;0;1
11;1;1100206.0;2020;6;12;4;3;0;6;0;1;1;0;0;0;0;0;0;1
11;2;2200210.0;2020;6;15;3;3;8;1;0;1;1;0;0;0;0;0;0;1
11;8;8200832.0;2020;6;12;5;3;1;5;0;0;1;0;0;0;1;0;0;1
11;4;4501041.0;2020;6;16;6;3;2;6;0;1;1;0;0;0;0;0;0;1
11;3;3300516.0;2020;6;17;2;2;5;3;0;1;0;0;1;0;0;0;0;1
11;2;2400521.0;2020;6;12;6;3;0;7;0;0;1;1;0;0;0;0;0;1
11;4;4501149.0;2020;6;18;7;3;2;7;0;0;1;0;1;0;0;1;0;1
11;12;12100204.0;2020;6;14;4;3;0;5;0;0;1;0;0;0;1;0;0;1
11;4;4501153.0;2020;6;14;5;3;6;7;0;1;0;1;0;0;0;0;0;1
11;4;4200309.0;2020;6;9;3;3;3;6;0;0;1;0;1;0;0;0;0;1
11;1;1200520.0;2020;6;23;6;3;2;2;2;1;1;0;0;0;0;0;0;1
11;2;2200213.0;2020;6;10;3;3;2;6;0;0;1;0;0;0;0;0;0;1
11;4;4300624.0;2020;6;18;6;3;0;6;0;0;1;0;0;0;1;0;0;1
11;12;12500926.0;2020;6;14;5;3;2;2;0;1;1;0;0;0;0;0;0;1
11;7;7501029.0;2020;6;14;6;3;0;3;0;1;1;0;0;0;0;1;0;1
11;9;9501838.0;2020;6;15;2;3;3;6;0;1;0;0;0;0;1;0;0;1
11;3;3601244.0;2020;6;21;6;3;0;2;1;1;1;0;0;0;0;0;0;1
11;4;4400834.0;2020;6;14;3;3;5;2;0;1;1;0;0;0;0;0;0;1
11;9;9100101.0;2020;6;19;6;3;0;1;0;1;0;0;0;0;0;1;0;1
11;4;4400835.0;2020;6;10;5;3;2;6;0;0;1;0;0;0;1;0;0;1
11;10;10100206.0;2020;6;15;6;2;5;3;0;1;1;0;0;0;0;0;0;1
11;9;9200819.0;2020;6;17;2;3;4;6;0;1;0;0;0;0;0;0;0;1
11;4;4501149.0;2020;6;19;6;3;1;5;1;0;1;0;1;0;0;1;0;1
11;1;1100309.0;2020;6;21;4;3;2;6;1;0;1;0;1;0;0;0;0;1
11;9;9501737.0;2020;6;14;5;3;2;6;0;0;1;0;0;0;0;0;0;1
11;9;9100202.0;2020;6;7;3;2;2;6;0;0;1;0;0;0;0;0;0;1
11;7;7400823.0;2020;6;19;2;3;2;6;0;0;1;0;0;0;0;0;0;1
11;1;1401045.0;2020;6;19;6;3;4;3;0;1;0;0;0;0;1;1;0;1
11;8;8100418.0;2020;6;11;4;3;6;4;0;0;1;1;0;0;0;0;0;1
11;1;1401047.0;2020;6;19;5;3;5;2;0;1;1;0;0;0;0;0;0;1
11;2;2400623.0;2020;6;13;2;3;0;1;0;1;0;0;0;0;0;0;0;1
11;7;7501029.0;2020;6;18;6;3;5;2;0;1;1;0;0;0;0;0;0;1
11;9;9100306.0;2020;6;15;4;2;2;6;0;0;1;0;1;0;0;0;0;1
11;9;9300920.0;2020;6;17;3;3;5;3;0;1;0;0;0;0;1;0;0;1
11;2;2500830.0;2020;6;18;4;3;5;2;0;1;1;0;0;0;0;0;0;1
11;10;10100316.0;2020;6;6;3;3;0;2;0;1;1;0;0;0;0;0;0;1
11;11;11200512.0;2020;6;10;2;2;5;2;0;0;1;0;1;0;0;0;0;1
11;8;8100311.0;2020;6;18;6;3;2;6;0;0;1;0;0;0;0;0;0;1
11;6;6300526.0;2020;6;9;4;3;5;2;0;0;1;0;0;0;1;0;0;1
11;2;2300315.0;2020;6;18;5;3;3;6;0;1;0;0;0;0;0;0;0;1
11;3;3701554.0;2020;6;21;1;3;0;7;1;1;1;0;0;0;0;0;0;1
11;4;4100102.0;2020;6;17;6;3;3;6;0;0;1;0;0;1;0;1;0;1
11;4;4500939.0;2020;6;13;4;3;5;2;0;0;1;0;1;0;0;0;0;1
11;11;11200512.0;2020;6;19;3;2;3;6;0;1;0;0;0;1;0;0;0;1
11;7;7601545.0;2020;6;18;2;3;6;4;0;0;1;1;0;0;0;0;0;1
11;3;3500935.0;2020;6;17;6;3;1;5;0;1;1;0;0;0;0;0;0;1
11;2;2300315.0;2020;6;15;7;3;5;3;0;1;1;0;0;0;0;1;0;1
11;1;1300731.0;2020;6;15;2;2;6;7;0;0;0;1;0;0;1;0;0;1
11;2;2100104.0;2020;6;16;6;3;5;2;0;1;1;0;0;0;0;1;0;1
11;3;3200205.0;2020;6;15;7;3;5;2;0;1;1;0;0;0;0;1;0;1
11;10;10100314.0;2020;6;8;4;3;5;2;0;0;1;0;0;0;0;0;0;1
11;3;3500934.0;2020;6;16;5;3;6;4;0;0;1;1;0;0;0;0;0;1
11;9;9200715.0;2020;6;14;1;2;5;2;0;0;1;0;0;0;0;0;0;1
11;2;2200209.0;2020;6;19;3;3;5;2;0;1;1;0;0;0;0;0;0;1
11;3;3601244.0;2020;6;11;1;2;5;3;0;1;1;0;0;0;0;0;0;1
11;6;6100208.0;2020;6;14;3;3;2;6;0;0;1;0;0;0;0;0;0;1
11;7;7601442.0;2020;6;12;5;3;2;7;0;1;1;0;0;0;1;0;0;1
11;6;6400844.0;2020;6;15;6;3;1;5;0;1;1;0;0;0;0;1;0;1
11;6;6100209.0;2020;6;17;2;3;5;2;0;1;1;0;0;0;0;0;0;1
11;4;4300619.0;2020;6;16;6;2;6;4;0;0;1;1;0;0;0;0;0;1
11;3;3400724.0;2020;6;14;7;3;0;2;0;0;1;0;1;0;0;1;0;1
11;1;1300835.0;2020;6;22;4;2;0;1;2;1;0;0;0;0;0;0;0;1
11;9;9200716.0;2020;6;15;5;3;0;3;0;0;1;0;1;0;0;0;0;1
11;8;8100209.0;2020;6;10;1;3;5;7;0;1;1;0;0;0;0;0;0;1
11;1;1100309.0;2020;6;9;3;3;2;2;0;0;1;0;1;0;0;0;0;1
11;8;8100206.0;2020;6;7;4;3;0;7;0;0;1;0;0;0;0;0;0;1
11;7;7400927.0;2020;6;20;5;2;1;5;0;0;1;0;1;0;0;0;0;1
11;2;2100106.0;2020;6;20;1;3;2;6;0;0;1;0;0;0;0;0;0;1
11;8;8200624.0;2020;6;11;3;3;3;6;0;0;1;0;0;0;0;0;0;1
11;5;5200527.0;2020;6;13;6;3;6;7;0;1;0;1;0;0;0;0;0;1
11;10;10200420.0;2020;6;13;3;3;6;4;0;1;0;1;0;0;0;0;0;1
11;2;2300315.0;2020;6;15;6;3;5;2;0;1;1;0;0;0;0;1;0;1
11;6;6400844.0;2020;6;8;5;3;5;2;0;1;0;0;0;0;1;0;0;1
11;1;1200628.0;2020;6;14;6;3;5;2;0;1;1;0;0;0;0;0;0;1
11;3;3400827.0;2020;6;6;2;3;0;5;0;0;0;0;1;0;1;0;0;1
11;7;7601340.0;2020;6;14;6;3;5;3;0;1;1;0;0;0;0;0;0;1
11;3;3601244.0;2020;6;19;4;3;5;3;0;0;1;0;1;0;0;0;0;1
11;8;8100310.0;2020;6;18;1;3;0;5;0;1;0;0;0;0;1;0;0;1
11;4;4200310.0;2020;6;7;3;3;2;6;0;0;1;0;0;0;0;0;0;1
11;11;11300721.0;2020;6;11;2;3;2;6;0;0;1;0;1;0;0;0;0;1
11;6;6300525.0;2020;6;14;6;3;5;3;0;1;1;0;0;0;0;0;0;1
11;6;6300631.0;2020;6;11;4;3;9;1;0;0;0;0;1;0;0;0;0;1
11;4;4501042.0;2020;6;11;2;3;3;6;0;1;0;0;0;0;1;0;0;1
11;4;4300518.0;2020;6;14;6;3;5;3;0;0;1;0;0;0;0;0;0;1
11;1;1100308.0;2020;6;11;4;3;0;1;0;1;0;0;0;0;0;0;0;1
11;4;4501153.0;2020;6;13;6;3;0;1;0;0;0;0;1;0;0;0;0;1
11;5;5100317.0;2020;6;14;2;3;0;1;0;0;0;0;1;0;0;0;0;1
11;9;9200819.0;2020;6;13;6;2;0;2;0;0;1;0;0;0;1;0;0;1
11;12;12200310.0;2020;6;17;4;2;5;3;0;0;1;0;1;0;0;0;0;1
11;1;1400937.0;2020;6;19;1;3;5;3;0;1;1;0;0;0;0;0;0;1
11;8;8401241.0;2020;6;17;3;3;1;5;0;1;1;0;0;0;0;0;0;1
11;1;1100310.0;2020;6;9;2;3;0;1;0;1;0;0;0;0;0;0;0;1
11;4;4100102.0;2020;6;10;6;3;0;1;0;0;0;0;1;0;0;0;0;1
11;11;11100309.0;2020;6;13;7;3;3;6;0;0;0;0;1;1;0;1;0;1
11;3;3701660.0;2020;6;9;4;3;6;7;0;1;0;1;0;0;0;0;0;1
11;6;6100208.0;2020;6;18;5;3;0;6;0;0;1;0;1;0;0;0;0;1
11;9;9501838.0;2020;6;15;1;3;5;2;0;1;1;0;0;0;0;0;0;1
11;9;9301025.0;2020;6;10;6;3;5;3;0;0;1;0;0;1;0;0;0;1
11;7;7100103.0;2020;6;12;4;3;3;6;0;1;0;0;0;0;0;0;0;1
11;4;4300620.0;2020;6;19;5;3;1;7;0;0;1;0;1;0;0;0;0;1
11;3;3100102.0;2020;6;14;2;3;0;3;0;0;1;0;1;0;0;0;0;1
11;11;11300722.0;2020;6;9;6;3;3;6;0;1;1;0;0;0;0;0;0;1
11;2;2400625.0;2020;6;14;4;3;2;6;0;0;1;0;0;0;0;0;0;1
11;9;9401635.0;2020;6;16;3;3;2;3;0;1;1;0;0;0;1;0;0;1
11;6;6300632.0;2020;6;21;2;2;0;1;1;0;0;0;1;0;0;0;0;1
11;1;1400938.0;2020;6;7;6;3;6;4;0;0;1;1;0;0;0;0;0;1
11;7;7100101.0;2020;6;11;7;3;0;7;0;0;0;1;0;0;1;0;0;1
11;12;12200412.0;2020;6;7;4;2;0;7;0;0;1;0;0;0;0;0;0;1
11;3;3500935.0;2020;6;20;5;3;7;7;0;1;0;0;0;0;0;0;0;1
11;9;9200819.0;2020;6;17;1;2;0;1;0;1;0;0;0;0;0;0;0;1
11;11;11200411.0;2020;6;12;3;2;5;7;0;0;1;0;0;1;0;0;0;1
11;2;2100105.0;2020;6;10;7;3;1;5;0;1;1;0;0;0;0;1;0;1
11;7;7501031.0;2020;6;14;3;3;2;6;0;0;1;0;0;0;0;0;0;1
11;12;12200307.0;2020;6;11;5;3;0;1;0;0;0;0;1;0;0;0;0;1
11;4;4300623.0;2020;6;16;6;3;0;6;0;0;1;0;0;0;1;0;0;1
11;7;7501030.0;2020;6;19;3;2;1;7;0;0;1;0;0;0;0;0;0;1
11;8;8401243.0;2020;6;13;5;3;5;3;0;1;1;0;0;0;0;0;0;1
11;10;10400941.0;2020;6;17;6;3;5;3;0;0;1;0;1;0;0;0;0;1
11;9;9200511.0;2020;6;18;2;3;1;5;0;1;1;0;0;0;0;0;0;1
11;1;1100102.0;2020;6;6;6;3;5;2;0;0;1;0;1;0;0;0;0;1
11;7;7400822.0;2020;6;13;7;3;1;5;0;0;1;0;1;0;0;1;0;1
11;1;1401047.0;2020;6;0;4;3;5;3;2;0;1;0;0;0;0;0;0;1
11;1;1300836.0;2020;6;16;5;3;6;2;0;0;1;1;0;0;0;0;0;1
11;1;1100313.0;2020;6;11;3;3;5;3;0;1;1;0;0;0;0;0;0;1
11;9;9401534.0;2020;6;11;6;3;0;1;0;1;0;0;0;0;0;0;0;1
11;1;1100103.0;2020;6;12;3;3;5;3;0;0;1;0;0;0;0;0;0;1
11;8;8401244.0;2020;6;12;6;3;2;6;0;0;1;0;0;0;0;0;0;1
11;12;12500926.0;2020;6;12;5;3;1;5;0;0;1;0;0;0;0;0;0;1
11;6;6300634.0;2020;6;14;6;3;5;3;0;0;1;0;0;0;0;1;0;1
11;6;6200422.0;2020;6;15;2;3;2;6;0;0;1;0;0;0;0;0;0;1
11;5;5100313.0;2020;6;12;6;3;5;2;0;1;1;0;0;0;0;0;0;1
11;6;6100205.0;2020;6;19;4;3;5;7;0;0;1;0;1;0;0;0;0;1
11;11;11200410.0;2020;6;12;7;3;5;3;0;1;1;0;0;0;0;0;0;1
11;3;3300516.0;2020;6;16;2;3;1;6;0;1;1;0;0;0;0;0;0;1
11;6;6300634.0;2020;6;11;6;3;5;2;0;0;1;0;0;0;1;0;0;1
11;6;6300524.0;2020;6;22;4;3;5;2;2;1;0;0;1;0;0;0;0;1
11;6;6200420.0;2020;6;14;5;3;2;6;0;0;1;0;0;0;0;0;0;1
11;1;1300834.0;2020;6;8;3;3;5;2;0;1;1;0;0;0;0;0;0;1
11;8;8100314.0;2020;6;22;2;3;5;2;2;1;1;0;0;0;0;0;0;1
11;10;10300731.0;2020;6;17;5;3;0;2;0;1;1;0;0;0;0;0;0;1
11;1;1100311.0;2020;6;19;4;3;5;2;0;1;1;0;0;0;0;0;0;1
11;9;9200819.0;2020;6;16;5;3;3;6;0;0;1;0;0;0;0;0;0;1
11;1;1401047.0;2020;6;13;2;3;5;3;0;0;1;0;0;0;1;0;0;1
11;2;2100104.0;2020;6;1;5;3;0;1;2;1;0;0;0;0;0;1;0;1
11;9;9100304.0;2020;6;16;4;3;0;1;0;0;0;0;1;0;0;0;0;1
11;3;3400721.0;2020;6;17;3;3;2;1;0;1;1;0;0;0;0;0;0;1
11;4;4300622.0;2020;6;8;2;3;5;7;0;0;1;0;1;0;0;0;0;1
11;6;6400839.0;2020;6;15;5;3;0;7;0;1;0;0;0;0;0;0;0;1
11;3;3200206.0;2020;6;7;3;3;5;3;0;1;0;0;0;0;0;0;0;1
11;4;4500939.0;2020;6;10;2;3;5;3;0;1;1;0;0;0;0;0;0;1
11;9;9401433.0;2020;6;21;5;2;0;7;1;1;0;0;0;0;0;0;0;1
11;7;7501134.0;2020;6;10;4;3;8;1;0;0;1;1;0;0;0;0;0;1
11;6;6400737.0;2020;6;18;5;3;1;5;0;1;1;0;0;0;0;0;0;1
11;4;4400726.0;2020;6;21;1;3;1;5;1;1;1;0;0;0;0;0;0;1
11;2;2500830.0;2020;6;19;5;3;0;1;0;1;0;0;0;0;0;0;0;1
11;2;2100104.0;2020;6;13;4;2;8;1;0;0;0;0;0;0;1;0;0;1
11;2;2200211.0;2020;6;11;7;3;6;4;0;1;1;1;0;0;0;0;0;1
11;5;5100208.0;2020;6;16;3;3;2;2;0;0;1;0;0;0;0;0;0;1
11;11;11100205.0;2020;6;8;2;3;5;2;0;0;1;0;1;0;0;0;0;1
11;3;3601348.0;2020;6;19;5;3;5;3;0;1;1;0;0;0;0;0;0;1
11;3;3601348.0;2020;6;5;7;3;1;5;0;1;1;0;0;0;0;0;0;1
11;3;3100103.0;2020;6;15;4;3;5;3;0;1;1;0;0;0;0;0;0;1
11;4;4501040.0;2020;6;21;5;3;5;2;1;0;1;0;0;0;0;0;0;1
11;4;4300414.0;2020;6;5;7;3;3;6;1;1;1;0;0;0;0;0;0;1
11;6;6200316.0;2020;6;8;4;3;1;5;0;0;1;0;0;0;1;0;0;1
11;3;3200308.0;2020;6;17;5;3;1;5;0;0;1;0;0;0;0;0;0;1
11;12;12601236.0;2020;6;14;1;3;5;2;0;1;1;0;0;0;0;0;0;1
11;9;9401329.0;2020;6;5;4;3;6;6;0;1;0;1;0;0;0;0;0;1
11;5;5200629.0;2020;6;15;3;3;5;2;0;1;1;0;0;0;0;0;0;1
11;1;1300733.0;2020;6;12;5;3;6;4;0;1;0;1;0;0;0;0;0;1
11;3;3601141.0;2020;6;19;6;3;0;7;0;1;0;1;0;0;0;0;0;1
11;7;7400927.0;2020;6;17;2;3;5;7;0;1;1;0;0;0;0;0;0;1
11;1;1200522.0;2020;6;19;5;3;5;3;0;1;1;0;0;0;0;0;0;1
11;2;2400521.0;2020;6;3;7;2;5;2;2;0;1;0;0;0;0;1;0;1
11;4;4400835.0;2020;6;22;4;3;6;7;2;0;1;1;0;0;0;0;0;1
11;5;5200632.0;2020;6;16;5;3;5;2;0;0;1;0;1;0;0;0;0;1
11;2;2300316.0;2020;6;9;3;3;5;7;0;1;1;0;0;0;0;0;0;1
11;2;2500834.0;2020;6;17;3;3;3;6;0;0;0;0;0;1;1;0;0;1
11;11;11100204.0;2020;6;18;5;3;5;2;0;1;1;0;0;0;0;0;0;1
11;7;7601341.0;2020;6;11;3;3;5;3;0;1;1;0;0;0;0;0;0;1
11;2;2200210.0;2020;6;18;5;3;5;2;0;1;1;0;0;0;0;0;0;1
11;6;6400737.0;2020;6;13;3;3;0;6;0;1;1;0;0;0;0;0;0;1
11;2;2100103.0;2020;6;19;5;3;2;6;0;1;1;0;0;0;0;0;0;1
11;6;6200316.0;2020;6;8;5;3;0;1;0;1;0;0;0;0;0;0;0;1
11;9;9200819.0;2020;6;15;6;3;0;1;0;0;0;0;1;0;0;1;0;1
11;2;2400521.0;2020;6;17;2;2;5;2;0;1;1;0;0;0;0;0;0;1
11;1;1100205.0;2020;6;17;5;3;2;2;0;0;1;0;0;0;1;0;0;1
11;6;6400736.0;2020;6;19;4;2;0;1;1;1;0;0;0;0;0;0;0;1
11;1;1100205.0;2020;6;13;5;3;1;5;0;0;1;0;1;0;0;0;0;1
11;12;12100205.0;2020;6;18;3;3;3;6;0;1;1;0;0;0;0;0;0;1
11;4;4501150.0;2020;6;11;2;3;4;2;0;1;1;0;0;0;0;0;0;1
11;10;10400941.0;2020;6;17;5;3;5;3;0;1;1;0;0;0;0;0;0;1
11;11;11300618.0;2020;6;11;4;3;2;6;0;0;1;0;0;0;1;0;0;1
11;2;2200209.0;2020;6;19;5;3;6;7;0;1;0;1;0;0;0;0;0;1
11;1;1100103.0;2020;6;13;2;3;2;6;0;1;0;0;0;0;0;0;0;1
11;2;2200210.0;2020;6;16;5;3;5;3;0;0;1;0;0;0;0;0;0;1
11;4;4100101.0;2020;6;15;4;3;0;3;0;0;1;0;0;0;1;0;0;1
11;1;1100104.0;2020;6;22;4;3;6;7;2;1;0;1;0;0;0;0;0;1
11;3;3601348.0;2020;6;14;6;3;5;3;0;1;1;0;0;0;0;0;0;1
11;1;1200628.0;2020;6;14;2;3;2;6;0;0;1;0;0;1;0;0;0;1
11;4;4300619.0;2020;6;16;5;3;6;7;0;0;1;1;0;0;0;0;0;1
11;1;1100309.0;2020;6;17;4;3;1;5;0;1;1;0;0;0;0;0;0;1
11;6;6300524.0;2020;6;5;3;3;1;1;0;0;1;0;0;0;1;0;0;1
11;5;5100211.0;2020;6;9;2;3;0;7;0;1;0;0;0;0;1;0;0;1
11;12;12601235.0;2020;6;16;5;2;1;5;0;0;1;0;1;0;0;0;0;1
11;4;4100101.0;2020;6;9;4;3;5;3;0;0;1;0;0;0;1;0;0;1
11;12;12200308.0;2020;6;17;5;3;2;6;0;0;1;0;0;0;0;0;0;1
11;1;1100102.0;2020;6;16;1;2;0;1;0;1;0;0;0;0;0;0;0;1
11;9;9100409.0;2020;6;15;5;3;2;7;0;1;0;0;0;0;1;0;0;1
11;7;7100102.0;2020;6;13;4;3;2;6;0;0;1;0;1;0;0;0;0;1
11;2;1100313.0;2020;6;15;3;3;1;7;0;0;1;0;0;0;1;0;0;1
11;4;4100101.0;2020;6;17;3;2;5;3;0;0;0;0;1;0;1;0;0;1
11;4;4501151.0;2020;6;19;2;3;6;7;0;1;0;1;0;0;0;0;0;1
11;5;5200528.0;2020;6;15;5;3;5;3;0;0;1;0;0;0;1;0;0;1
11;4;4100101.0;2020;6;1;7;3;0;1;2;0;1;0;0;0;0;1;0;1
11;4;4200310.0;2020;6;8;4;3;1;5;0;0;1;0;0;1;0;0;0;1
11;4;4500939.0;2020;6;16;5;3;5;2;0;1;1;0;0;0;0;0;0;1
11;4;4501153.0;2020;6;12;1;2;6;7;0;0;1;1;0;0;0;0;0;1
11;9;9200716.0;2020;6;18;7;3;0;1;0;0;0;0;1;0;0;1;0;1
11;4;4501153.0;2020;6;14;3;3;1;5;0;1;1;0;0;0;0;0;0;1
11;7;7100102.0;2020;6;17;7;3;5;2;0;1;1;0;0;0;0;1;0;1
11;12;12500825.0;2020;6;14;3;3;5;2;0;0;1;0;0;0;0;0;0;1
11;9;9501737.0;2020;6;12;5;3;0;1;0;1;0;0;0;0;0;0;0;1
11;8;8100520.0;2020;6;17;6;3;3;6;0;0;1;0;0;0;0;0;0;1
11;8;8401243.0;2020;6;17;2;3;0;3;0;1;1;0;0;0;0;0;0;1
11;10;10200627.0;2020;6;8;5;3;6;7;0;0;1;1;0;0;0;0;0;1
11;1;1100313.0;2020;6;22;4;3;0;1;2;1;0;0;0;0;0;0;0;1
11;7;7501134.0;2020;6;15;5;3;0;7;0;1;0;0;0;0;1;0;0;1
11;11;11100102.0;2020;7;10;7;2;1;5;0;1;1;0;0;0;0;0;0;1
11;2;2200212.0;2020;6;13;2;3;2;3;0;1;1;0;0;0;0;0;0;1
11;8;8100207.0;2020;6;0;1;3;0;1;2;1;0;0;0;0;0;0;0;1