LAND;BEZ;LOR_ab_2021;UJAHR;UMONAT;USTUNDE;UWOCHENTAG;UKATEGORIE;UART;UTYP1;ULICHTVERH;IstRad;IstPKW;IstFuss;IstKrad;IstGkfz;IstSonstige;USTRZUSTAND;LOCKDOWN;COVID
11;6;6200421.0;2020;7;21;5;3;0;2;0;1;0;0;1;0;0;0;0;1
11;1;1100207.0;2020;7;8;4;3;3;6;0;1;1;0;0;0;0;0;0;1
11;2;2300417.0;2020;7;18;6;3;6;4;0;0;1;1;0;0;0;0;0;1
11;6;6100103.0;2020;6;13;2;2;2;7;0;0;1;0;0;0;0;0;0;1
11;2;2300315.0;2020;6;20;3;3;5;2;0;1;1;0;0;0;0;0;0;1
11;4;4300624.0;2020;6;13;1;3;3;5;0;0;1;0;1;0;0;1;0;1
11;11;11300722.0;2020;7;19;1;3;1;5;0;1;1;0;0;0;0;1;0;1
11;11;11200513.0;2020;6;9;3;3;2;6;0;0;0;0;1;0;1;0;0;1
11;2;2300419.0;2020;6;14;1;3;0;7;0;0;1;1;0;0;0;0;0;1
11;9;9401329.0;2020;7;9;7;3;5;2;0;1;1;0;0;0;0;0;0;1
11;1;1100416.0;2020;6;19;2;2;0;1;0;1;0;0;0;0;0;0;0;1
11;1;1100311.0;2020;6;14;1;3;2;6;0;0;1;0;0;0;0;1;0;1
11;2;2500835.0;2020;7;16;4;3;1;5;0;0;1;0;0;0;1;0;0;1
11;11;11200411.0;2020;7;13;6;3;5;3;0;0;1;0;0;1;0;0;0;1
11;7;7300515.0;2020;6;16;3;3;5;2;0;1;1;0;0;0;0;0;0;1
11;9;9501737.0;2020;7;1;1;2;0;1;2;0;0;0;1;0;0;0;0;1
11;1;1400938.0;2020;6;19;3;3;2;3;0;1;1;0;0;0;0;0;0;1
11;4;4500936.0;2020;7;16;1;2;1;5;0;1;0;0;0;0;1;0;0;1
11;2;2500831.0;2020;6;8;3;3;5;3;0;1;1;0;0;0;0;0;0;1
11;9;9301025.0;2020;6;14;1;3;5;3;0;1;1;0;0;0;0;1;0;1
11;1;1200517.0;2020;7;14;5;3;1;5;0;1;1;0;0;0;0;0;0;1
11;1;1100207.0;2020;7;17;7;3;6;4;0;0;1;1;0;0;0;0;0;1
11;9;9300920.0;2020;6;11;2;3;1;5;0;1;1;0;0;0;0;0;0;1
11;2;2100103.0;2020;6;16;1;3;1;1;0;1;1;0;0;0;0;0;0;1
11;4;4500937.0;2020;7;23;4;2;6;4;2;0;0;1;0;0;1;1;0;1
11;5;5200423.0;2020;7;12;6;3;5;3;0;1;1;0;0;0;0;0;0;1
11;7;7601236.0;2020;6;15;3;3;5;3;0;0;1;0;0;0;0;0;0;1
11;4;4501040.0;2020;7;17;7;3;2;6;0;1;0;0;0;0;0;0;0;1
11;5;5200631.0;2020;6;21;2;3;5;3;1;1;1;0;0;0;0;0;0;1
11;6;6300524.0;2020;6;14;1;2;5;3;0;1;1;0;0;0;0;1;0;1
11;9;9100101.0;2020;7;20;5;3;5;2;0;1;1;0;0;0;0;0;0;1
11;11;11100309.0;2020;7;0;5;3;2;6;2;0;1;0;0;0;0;0;0;1
11;5;5200632.0;2020;7;13;6;3;1;5;0;0;1;0;0;0;0;0;0;1
11;5;5100316.0;2020;6;17;2;3;3;6;0;0;1;0;1;0;0;0;0;1
11;9;9200614.0;2020;6;12;1;3;5;3;0;0;1;0;1;0;0;0;0;1
11;9;9100101.0;2020;6;16;2;3;0;1;0;1;0;0;0;0;0;1;0;1
11;11;11401034.0;2020;6;12;1;3;5;3;0;1;1;0;0;0;0;0;0;1
11;3;3300514.0;2020;7;8;5;3;5;3;0;1;1;0;0;0;0;0;0;1
11;9;9200715.0;2020;7;15;7;3;5;3;0;1;1;0;0;0;0;0;0;1
11;1;1401049.0;2020;6;17;2;3;5;2;0;1;0;0;0;0;1;0;0;1
11;6;6300629.0;2020;6;12;1;3;0;3;0;0;1;0;1;0;0;0;0;1
11;2;2200210.0;2020;7;14;4;3;1;1;0;1;1;0;1;0;0;1;0;1
11;8;8100312.0;2020;7;11;6;3;6;7;0;0;1;1;0;0;0;0;0;1
11;4;4501146.0;2020;6;6;3;3;3;6;0;0;1;0;0;0;0;0;0;1
11;2;2200210.0;2020;7;19;7;3;0;1;0;1;0;0;0;0;0;0;0;1
11;5;5200632.0;2020;6;12;2;3;5;2;0;1;0;0;1;0;0;0;0;1
11;9;9501941.0;2020;6;14;7;3;0;1;0;1;0;0;0;0;0;0;0;1
11;12;12601235.0;2020;7;20;5;3;5;2;0;0;1;0;1;0;0;0;0;1
11;11;11300722.0;2020;7;15;4;2;0;1;0;0;0;0;1;0;0;1;0;1
11;5;5200629.0;2020;7;20;6;3;5;2;0;1;1;0;0;0;0;0;0;1
11;10;10100312.0;2020;6;16;2;3;5;2;0;1;1;0;0;0;0;1;0;1
11;2;2200211.0;2020;7;8;4;3;6;4;0;0;0;1;1;0;0;0;0;1
11;11;11400931.0;2020;6;11;7;3;0;5;0;1;1;0;0;0;0;0;0;1
11;2;2300418.0;2020;6;11;3;3;5;3;0;1;0;0;0;0;0;0;0;1
11;6;6200420.0;2020;7;10;4;2;5;2;0;1;0;0;0;1;0;0;0;1
11;7;7501135.0;2020;6;13;3;3;2;2;0;0;1;0;0;0;0;0;0;1
11;2;2200210.0;2020;7;3;7;3;1;5;2;0;1;0;0;0;1;0;0;1
11;9;9200715.0;2020;6;10;2;3;5;2;0;1;1;0;0;0;0;0;0;1
11;10;10200417.0;2020;6;14;7;3;3;6;0;0;1;0;1;0;0;0;0;1
11;1;1100103.0;2020;7;20;5;3;1;5;0;1;1;0;0;0;0;0;0;1
11;2;2400521.0;2020;7;18;4;2;5;3;0;1;1;0;0;0;0;0;0;1
11;5;5200629.0;2020;7;17;6;3;2;2;0;0;1;0;0;0;0;0;0;1
11;10;10400836.0;2020;6;16;2;3;0;2;0;1;1;0;0;0;0;1;0;1
11;5;5100316.0;2020;6;21;3;3;5;2;0;0;0;0;1;0;1;0;0;1
11;11;11400929.0;2020;6;13;7;3;0;6;0;1;1;0;0;0;0;0;0;1
11;9;9200511.0;2020;7;17;1;3;6;4;0;1;0;1;0;0;0;0;0;1
11;4;4200311.0;2020;6;8;3;3;2;6;0;0;1;0;0;0;0;0;0;1
11;12;12200515.0;2020;6;13;7;3;0;1;0;0;0;0;1;0;0;0;0;1
11;8;8200623.0;2020;7;18;7;3;5;2;0;0;1;0;0;0;0;1;0;1
11;2;2300316.0;2020;6;16;2;3;0;5;0;1;1;0;0;0;0;1;0;1
11;7;7501031.0;2020;6;13;7;3;5;3;0;1;1;0;0;0;0;0;0;1
11;12;12200310.0;2020;6;13;7;3;0;6;0;1;0;0;0;0;0;0;0;1
11;4;4501041.0;2020;7;11;7;3;0;1;0;0;0;0;1;0;0;0;0;1
11;7;7601546.0;2020;6;15;2;3;5;2;0;1;1;0;0;0;0;1;0;1
11;2;2100106.0;2020;6;13;7;3;6;4;0;1;0;1;0;0;0;0;0;1
11;5;5300737.0;2020;7;16;4;3;2;6;0;0;1;0;0;0;0;0;0;1
11;3;3601245.0;2020;7;14;6;3;0;2;0;1;0;0;0;0;1;0;0;1
11;5;5400943.0;2020;6;9;2;3;0;7;0;0;1;0;0;0;0;0;0;1
11;7;7400826.0;2020;6;18;3;3;0;2;0;0;1;1;0;0;0;0;0;1
11;6;6400737.0;2020;7;14;1;3;5;2;0;1;1;0;0;0;0;0;0;1
11;4;4300414.0;2020;6;8;3;2;0;1;0;0;0;0;0;0;1;0;0;1
11;4;4400831.0;2020;6;13;7;2;0;1;0;1;0;0;0;0;0;0;0;1
11;7;7400823.0;2020;7;12;5;3;5;2;0;1;1;0;0;0;0;0;0;1
11;9;9502043.0;2020;7;16;7;3;2;6;0;0;1;0;0;0;0;0;0;1
11;2;2500833.0;2020;6;15;2;3;5;2;0;1;1;0;0;0;0;0;0;1
11;12;12200412.0;2020;6;13;7;3;2;2;0;0;1;0;0;0;1;0;0;1
11;12;12500930.0;2020;7;18;4;3;5;3;0;0;1;0;0;0;0;0;0;1
11;10;10300731.0;2020;7;11;6;3;3;6;0;0;1;0;0;0;0;0;0;1
11;3;3300516.0;2020;6;14;3;2;6;4;0;0;1;1;0;0;0;0;0;1
11;1;1100308.0;2020;7;16;4;3;6;7;0;0;1;1;0;0;0;0;0;1
11;7;7501029.0;2020;7;13;6;3;3;2;0;0;1;0;0;1;0;0;0;1
11;10;10200524.0;2020;6;16;3;3;5;5;0;0;1;0;0;0;0;0;0;1
11;5;5100313.0;2020;7;20;1;3;5;3;1;0;1;0;1;0;0;1;0;1
11;1;1200520.0;2020;6;20;2;2;5;7;0;0;1;0;1;0;0;0;0;1
11;4;4300620.0;2020;6;20;7;3;5;2;0;1;1;0;0;0;0;0;0;1
11;1;1100102.0;2020;7;6;5;3;0;2;0;1;1;0;0;0;0;0;0;1
11;12;12500927.0;2020;7;7;6;3;0;6;0;1;0;0;0;1;0;0;0;1
11;7;7300516.0;2020;6;17;2;3;6;4;0;1;0;1;0;0;0;0;0;1
11;8;8100419.0;2020;6;12;7;3;1;5;0;0;1;0;0;0;0;0;0;1
11;7;7100205.0;2020;7;11;4;3;5;2;0;0;1;0;0;0;0;1;0;1
11;10;10400940.0;2020;6;14;3;2;3;6;0;0;1;0;1;0;0;0;0;1
11;2;2300418.0;2020;7;19;7;3;5;3;0;0;1;0;0;0;0;0;0;1
11;12;12200309.0;2020;6;12;2;3;6;4;0;0;1;1;0;0;0;0;0;1
11;4;4200207.0;2020;6;11;7;2;8;1;0;1;0;0;0;0;0;0;0;1
11;9;9501940.0;2020;7;19;5;3;1;5;0;1;1;0;0;0;0;0;0;1
11;3;3601245.0;2020;7;14;4;3;5;2;0;1;1;0;0;0;0;0;0;1
11;4;4300624.0;2020;7;22;7;3;1;5;2;1;1;0;0;0;0;0;0;1
11;9;9502043.0;2020;6;14;2;3;5;3;0;1;1;0;0;0;0;0;0;1
11;1;1200628.0;2020;6;12;7;3;5;2;0;0;1;0;0;0;1;0;0;1
11;11;11300722.0;2020;7;18;5;3;5;2;0;1;1;0;0;0;0;0;0;1
11;11;11401137.0;2020;7;13;4;3;6;4;0;0;1;1;0;0;0;0;0;1
11;1;1401044.0;2020;7;21;6;3;0;3;1;1;1;0;0;0;0;0;0;1
11;1;1200626.0;2020;6;9;2;3;5;2;0;1;1;0;0;0;0;0;0;1
11;3;3400725.0;2020;7;9;4;3;0;6;0;0;1;0;1;0;0;0;0;1
11;11;11200513.0;2020;7;8;6;3;5;2;0;1;1;0;0;0;0;0;0;1
11;8;8200725.0;2020;6;12;3;3;3;6;0;0;1;0;1;0;0;0;0;1
11;8;8100313.0;2020;7;14;7;3;1;5;0;1;1;0;0;0;0;0;0;1
11;12;12500927.0;2020;6;7;2;3;2;6;0;0;1;0;0;0;0;0;0;1
11;12;12601032.0;2020;6;12;7;3;2;6;0;0;1;0;0;0;0;0;0;1
11;4;4300619.0;2020;7;18;5;3;2;6;0;0;1;0;0;0;0;0;0;1
11;8;8100102.0;2020;7;17;4;3;6;4;0;0;1;1;0;0;0;0;0;1
11;1;1100101.0;2020;7;17;6;3;2;2;0;0;1;0;0;0;0;0;0;1
11;5;5100317.0;2020;6;7;2;3;5;2;0;0;0;0;1;0;1;0;0;1
11;5;5300736.0;2020;7;7;6;3;5;2;0;1;1;0;0;0;0;0;0;1
11;11;11200512.0;2020;6;19;3;2;5;7;0;1;1;0;0;0;0;0;0;1
11;2;2500832.0;2020;7;20;6;3;0;1;0;1;0;0;0;0;0;0;0;1
11;4;4501042.0;2020;6;6;2;3;3;6;0;0;1;0;0;0;1;0;0;1
11;6;6300528.0;2020;7;7;6;2;3;6;0;0;1;0;1;0;0;0;0;1
11;11;11300617.0;2020;6;6;3;3;2;6;0;0;1;0;0;0;1;0;0;1
11;10;10400837.0;2020;6;12;7;3;3;6;0;1;1;0;0;0;0;0;0;1
11;5;5400943.0;2020;7;0;1;3;6;4;2;0;1;1;0;0;0;0;0;1
11;7;7601341.0;2020;6;10;3;3;0;2;0;0;1;0;0;0;1;0;0;1
11;7;7501134.0;2020;6;11;7;3;2;6;0;0;1;0;0;0;1;0;0;1
11;9;9300920.0;2020;7;10;7;2;5;2;0;0;1;0;1;0;0;0;0;1
11;2;2100106.0;2020;6;6;2;3;2;6;0;0;1;0;0;0;0;0;0;1
11;1;1100206.0;2020;6;11;7;3;6;7;0;0;0;1;0;0;1;0;0;1
11;8;8100419.0;2020;7;16;4;3;5;3;0;1;1;0;0;0;0;1;0;1
11;10;10300734.0;2020;7;14;6;3;5;2;0;0;1;0;0;0;0;0;0;1
11;1;1400939.0;2020;7;5;6;3;0;7;0;0;0;0;1;0;0;1;0;1
11;11;11300620.0;2020;6;17;3;3;5;3;0;1;0;0;0;0;0;0;0;1
11;5;5300737.0;2020;7;11;1;3;5;2;0;1;1;0;0;0;0;0;0;1
11;9;9501941.0;2020;6;7;3;3;2;6;0;0;1;0;0;0;0;0;0;1
11;11;11100204.0;2020;6;10;7;3;2;2;0;0;1;0;1;0;0;0;0;1
11;12;12200309.0;2020;7;10;5;3;2;7;0;0;1;0;0;0;1;0;0;1
11;3;3601141.0;2020;7;16;7;3;5;2;0;1;1;0;0;0;0;0;0;1
11;1;1100309.0;2020;7;16;1;3;5;2;0;1;1;0;0;0;0;0;0;1
11;3;3500936.0;2020;6;8;3;3;5;3;0;1;1;0;0;0;0;0;0;1
11;8;8100209.0;2020;6;10;7;3;2;6;0;0;1;0;0;0;0;0;0;1
11;9;9200715.0;2020;7;14;5;2;5;3;0;0;1;0;1;0;0;0;0;1
11;11;11200515.0;2020;7;15;7;3;3;6;0;0;1;0;0;0;0;0;0;1
11;11;11401032.0;2020;6;16;2;3;2;6;0;0;1;0;0;0;1;0;0;1
11;7;7400928.0;2020;6;9;7;3;5;3;0;1;1;0;0;0;0;0;0;1
11;6;6300634.0;2020;7;16;4;3;5;2;0;0;1;0;0;0;0;1;0;1
11;8;8100206.0;2020;7;13;6;3;3;6;0;1;1;0;0;0;0;0;0;1
11;1;1300835.0;2020;7;2;6;2;8;1;2;0;1;0;0;0;0;0;0;1
11;11;11401033.0;2020;6;15;3;3;5;2;0;1;1;0;0;0;0;0;0;1
11;8;8200832.0;2020;7;19;7;3;0;1;0;1;0;0;0;0;0;0;0;1
11;11;11300722.0;2020;6;20;2;2;1;1;0;0;1;0;1;0;0;0;0;1
11;9;9501939.0;2020;6;18;7;3;0;7;0;1;0;0;0;0;0;0;0;1
11;1;1100311.0;2020;7;17;5;3;5;2;0;1;1;0;0;0;0;0;0;1
11;10;10300731.0;2020;7;10;5;3;2;3;0;0;1;0;0;0;0;0;0;1
11;6;6200311.0;2020;7;10;6;1;5;2;0;1;0;0;0;1;0;0;0;1
11;7;7601544.0;2020;6;15;2;3;0;2;0;1;1;0;0;0;0;1;0;1
11;6;6400839.0;2020;6;18;7;3;1;5;0;1;1;0;0;0;0;0;0;1
11;4;4300416.0;2020;7;9;4;3;5;2;0;1;0;0;0;0;1;0;0;1
11;12;12400616.0;2020;6;17;2;2;5;3;0;1;1;0;0;0;0;0;0;1
11;10;10200417.0;2020;6;18;7;3;5;3;0;1;1;0;0;0;0;0;0;1
11;8;8100313.0;2020;7;18;4;3;0;7;0;1;0;1;0;0;0;1;0;1
11;3;3601453.0;2020;7;11;6;3;1;5;0;0;1;0;0;0;0;0;0;1
11;2;2100102.0;2020;6;6;3;3;5;2;0;1;1;0;0;0;0;0;0;1
11;6;6400838.0;2020;7;20;7;2;0;1;0;0;0;0;1;0;0;1;0;1
11;2;2400624.0;2020;6;13;2;3;0;5;0;0;1;0;0;0;1;0;0;1
11;1;1401049.0;2020;6;19;7;3;5;3;0;1;1;0;0;0;0;0;0;1
11;3;3300516.0;2020;7;17;5;3;3;6;0;1;0;0;0;0;1;0;0;1
11;4;4500936.0;2020;7;15;4;3;2;6;0;1;1;0;0;0;0;0;0;1
11;2;2100102.0;2020;7;21;6;3;5;3;1;1;1;0;0;0;0;0;0;1
11;10;10400835.0;2020;6;17;2;3;1;5;0;0;1;0;0;0;0;0;0;1
11;11;11501339.0;2020;7;1;6;3;2;7;2;1;1;0;0;0;0;0;0;1
11;1;1100312.0;2020;7;8;4;3;5;2;0;1;1;0;0;0;0;0;0;1
11;2;2300418.0;2020;7;10;6;3;5;3;0;1;0;0;0;0;0;0;0;1
11;11;11300721.0;2020;6;11;3;3;2;6;0;0;1;0;0;0;0;0;0;1
11;7;7501030.0;2020;7;13;7;3;1;3;0;1;1;0;0;0;0;0;0;1
11;2;2200209.0;2020;6;14;2;3;3;6;0;0;1;0;0;1;0;0;0;1
11;1;1200623.0;2020;6;18;3;3;5;3;0;0;1;0;0;0;0;0;0;1
11;1;1100415.0;2020;7;6;7;3;1;5;0;0;1;0;0;0;0;0;0;1
11;1;1401049.0;2020;6;17;2;3;0;2;0;1;0;0;0;0;1;0;0;1
11;2;2200208.0;2020;6;18;7;3;5;2;0;1;1;0;0;0;0;0;0;1
11;9;9100407.0;2020;7;16;5;3;0;6;0;0;0;0;1;0;1;0;0;1
11;10;10100311.0;2020;7;1;4;3;9;1;2;0;1;0;0;0;0;0;0;1
11;9;9501941.0;2020;7;17;6;3;5;3;0;1;1;0;0;0;0;0;0;1
11;8;8100310.0;2020;6;17;2;3;0;1;0;1;0;0;0;0;0;0;0;1
11;9;9100203.0;2020;6;13;3;3;5;2;0;1;0;0;0;0;0;0;0;1
11;9;9100202.0;2020;6;17;7;3;0;1;0;1;0;0;0;0;0;0;0;1
11;1;1200624.0;2020;7;18;1;3;2;3;0;1;1;0;0;0;0;1;0;1
11;1;1100309.0;2020;6;9;3;3;1;5;0;1;1;0;0;0;0;0;0;1
11;7;7200409.0;2020;6;17;7;3;5;2;0;1;0;0;1;0;0;0;0;1
11;6;6200422.0;2020;7;19;7;2;5;3;0;0;1;0;0;0;0;0;0;1
11;8;8401241.0;2020;6;16;2;3;1;5;0;0;1;0;0;0;0;0;0;1
11;3;3200204.0;2020;6;17;7;3;0;3;0;1;0;0;1;0;0;0;0;1
11;3;3300516.0;2020;7;16;4;3;2;2;0;0;1;0;0;0;0;0;0;1
11;8;8401139.0;2020;7;13;6;3;0;7;0;0;1;0;0;0;0;0;0;1
11;9;9301126.0;2020;7;9;5;3;6;7;0;1;0;1;0;0;0;0;0;1
11;8;8401244.0;2020;6;15;7;3;0;5;0;0;1;0;0;0;0;0;0;1
11;7;7400927.0;2020;7;16;4;3;4;6;0;1;1;0;0;0;0;0;0;1
11;2;2300315.0;2020;7;15;6;3;5;7;0;1;1;0;0;0;0;0;0;1
11;2;2100105.0;2020;6;19;1;3;5;3;0;1;1;0;0;0;0;1;0;1
11;2;2100102.0;2020;6;19;3;3;5;3;0;1;1;0;0;0;0;0;0;1
11;1;1100312.0;2020;7;15;1;3;6;4;0;0;1;1;0;0;0;0;0;1
11;6;6200422.0;2020;6;8;3;3;5;3;0;0;1;0;0;0;0;0;0;1
11;1;1401045.0;2020;6;15;7;3;1;5;0;1;1;0;0;0;0;0;0;1
11;8;8200624.0;2020;7;12;5;3;5;2;0;1;1;0;0;0;0;0;0;1
11;1;1100102.0;2020;7;16;7;3;5;2;0;1;1;0;0;0;0;0;0;1
11;5;5200633.0;2020;6;18;1;3;0;5;0;0;1;0;0;0;1;0;0;1
11;2;2500830.0;2020;6;19;7;3;1;1;0;1;1;0;0;0;0;0;0;1
11;3;3601142.0;2020;7;20;4;3;8;1;0;0;1;0;0;0;0;1;0;1
11;12;12601134.0;2020;7;11;6;3;5;2;0;1;1;0;0;0;0;0;0;1
11;4;4100102.0;2020;6;15;3;3;2;6;0;0;1;0;0;0;0;0;0;1
11;12;12400720.0;2020;7;13;7;3;0;7;0;0;1;0;0;0;1;0;0;1
11;11;11300617.0;2020;6;18;2;3;0;2;0;1;1;0;0;0;0;0;0;1
11;9;9401330.0;2020;6;13;6;2;0;1;0;1;0;0;0;0;0;0;0;1
11;8;8200623.0;2020;6;16;3;3;0;7;0;0;0;0;1;0;0;0;0;1
11;5;5100208.0;2020;7;23;1;2;1;5;2;0;1;0;0;0;0;1;0;1
11;8;8100206.0;2020;6;22;2;2;5;7;2;0;1;0;0;0;0;0;0;1
11;8;8200622.0;2020;6;17;6;3;2;2;0;0;1;0;1;0;0;0;0;1
11;4;4200308.0;2020;7;7;5;2;2;6;0;0;1;0;0;0;0;0;0;1
11;7;7400927.0;2020;7;15;7;3;2;6;0;0;0;0;1;0;1;0;0;1
11;1;1300732.0;2020;6;23;1;3;5;2;2;1;1;0;0;0;0;0;0;1
11;6;6100101.0;2020;6;15;6;3;0;5;0;1;1;0;0;0;0;1;0;1
11;7;7400721.0;2020;7;11;4;2;6;4;0;0;1;1;0;0;0;1;0;1
11;2;2300316.0;2020;7;9;6;3;5;2;0;1;1;0;0;0;0;0;0;1
11;7;7100205.0;2020;7;13;5;3;0;6;0;0;0;0;1;0;1;0;0;1
11;7;7200308.0;2020;6;14;3;3;5;7;0;1;1;0;0;0;0;0;0;1
11;4;4300415.0;2020;7;17;7;3;1;5;0;1;1;0;0;0;0;0;0;1
11;4;4200310.0;2020;6;14;2;3;1;5;0;1;1;0;0;0;0;0;0;1
11;1;1100101.0;2020;6;22;6;3;2;6;2;0;1;0;1;0;0;0;0;1
11;8;8200725.0;2020;7;15;5;3;3;6;0;1;0;0;0;0;0;0;0;1
11;1;1100308.0;2020;7;13;4;2;2;6;0;1;1;0;0;0;0;1;0;1
11;2;2200207.0;2020;7;20;6;3;2;2;0;1;1;0;0;0;0;0;0;1
11;2;2200209.0;2020;6;22;1;3;5;2;2;0;1;0;0;0;0;0;0;1
11;5;5200629.0;2020;7;7;4;3;0;1;0;1;0;0;0;0;0;0;0;1
11;10;10100315.0;2020;7;15;5;3;5;2;0;1;1;0;0;0;0;0;0;1
11;6;6400842.0;2020;7;9;4;3;0;1;0;1;0;0;0;0;0;0;0;1
11;3;3701554.0;2020;7;20;6;3;5;2;0;1;0;0;0;0;1;0;0;1
11;9;9501941.0;2020;6;20;1;2;0;1;0;1;0;0;0;0;0;1;0;1
11;4;4200308.0;2020;7;10;4;3;2;6;0;0;1;0;0;0;0;0;0;1
11;11;11501339.0;2020;6;13;3;3;5;2;0;1;1;0;0;0;0;0;0;1
11;3;3601142.0;2020;7;17;7;2;0;4;0;1;0;1;0;0;0;0;0;1
11;4;4300416.0;2020;6;20;1;3;2;6;0;0;1;0;1;0;0;0;0;1
11;2;2200210.0;2020;6;17;6;3;5;3;0;1;1;0;0;0;0;0;0;1
11;4;4501150.0;2020;7;12;5;3;1;5;0;1;1;0;0;0;0;0;0;1
11;11;11400929.0;2020;7;18;4;3;5;7;0;1;1;0;0;0;0;0;0;1
11;1;1100309.0;2020;7;17;6;3;5;2;0;1;1;0;0;0;0;0;0;1
11;3;3400830.0;2020;6;20;1;3;5;3;0;0;1;0;0;0;0;1;0;1
11;2;2500835.0;2020;6;20;3;3;8;1;0;0;1;0;0;0;0;0;0;1
11;9;9501939.0;2020;7;17;1;3;4;6;0;1;0;0;0;0;0;0;0;1
11;4;4300619.0;2020;6;8;3;3;5;2;0;0;1;0;0;0;0;0;0;1
11;9;9200819.0;2020;6;13;6;2;5;3;0;1;1;0;0;0;0;1;0;1
11;12;12400723.0;2020;6;11;6;2;1;5;0;1;1;0;0;0;0;0;0;1
11;8;8401241.0;2020;6;10;3;3;5;3;0;0;1;0;0;0;0;0;0;1
11;3;3701554.0;2020;6;9;6;2;1;5;0;1;0;0;0;1;0;0;0;1
11;2;2200209.0;2020;7;11;7;3;5;2;0;1;1;0;0;0;0;0;0;1
11;12;12601235.0;2020;6;19;1;3;5;2;1;0;1;0;0;0;0;0;0;1
11;10;10100315.0;2020;6;9;6;3;1;5;0;1;0;0;0;0;1;0;0;1
11;11;11200411.0;2020;7;16;4;3;2;6;0;0;1;0;0;0;1;0;0;1
11;7;7601442.0;2020;7;14;6;2;5;3;0;1;1;0;0;0;0;0;0;1
11;3;3601141.0;2020;6;18;1;3;0;3;0;1;0;0;0;0;0;1;0;1
11;7;7601341.0;2020;6;18;3;3;1;5;0;1;1;0;0;0;0;0;0;1
11;6;6200317.0;2020;7;14;1;3;5;3;0;1;1;0;0;0;0;0;0;1
11;1;1100206.0;2020;6;8;3;2;5;2;0;0;0;0;1;0;0;0;0;1
11;8;8100521.0;2020;6;8;6;3;0;5;0;0;0;0;0;0;1;0;0;1
11;8;8100311.0;2020;7;10;5;3;5;2;0;1;1;0;0;0;0;0;0;1
11;8;8100417.0;2020;7;16;7;3;1;5;0;1;1;0;0;0;0;0;0;1
11;1;1401045.0;2020;6;18;1;2;5;3;0;1;1;0;0;0;0;1;0;1
11;8;8100311.0;2020;6;8;6;3;5;3;0;1;1;0;0;0;0;0;0;1
11;7;7100205.0;2020;7;19;4;3;5;2;0;0;1;0;0;0;0;0;0;1
11;12;12200310.0;2020;7;11;6;3;2;6;0;0;1;0;0;0;0;0;0;1
11;5;5200629.0;2020;7;14;5;3;0;6;0;0;1;0;0;0;1;0;0;1
11;7;7100102.0;2020;7;17;7;3;1;5;0;0;1;0;0;0;1;0;0;1
11;11;11400929.0;2020;6;18;1;3;5;3;0;1;1;0;0;0;0;0;0;1
11;4;4500939.0;2020;6;8;6;3;1;5;0;1;1;0;0;0;0;0;0;1
11;7;7200307.0;2020;7;16;4;3;2;6;0;1;1;0;0;0;0;0;0;1
11;5;5200527.0;2020;7;13;6;3;2;6;0;0;1;0;0;0;0;0;0;1
11;1;1300732.0;2020;6;16;3;3;5;2;0;1;1;0;0;0;0;0;0;1
11;1;1401048.0;2020;7;14;7;3;2;6;0;0;1;0;0;0;0;0;0;1
11;2;2500832.0;2020;6;20;2;3;3;6;0;1;0;0;1;0;0;0;0;1
11;4;4501042.0;2020;6;7;6;3;6;2;0;0;1;1;0;0;0;0;0;1
11;1;1100310.0;2020;7;6;5;3;5;2;0;0;1;0;0;0;0;0;0;1
11;6;6300525.0;2020;7;18;6;3;0;5;0;1;1;0;0;0;0;0;0;1
11;12;12500926.0;2020;6;17;1;2;5;2;0;1;1;0;0;0;0;1;0;1
11;8;8100418.0;2020;6;11;6;3;5;5;0;1;1;0;0;0;0;0;0;1
11;1;1100415.0;2020;7;10;4;3;6;7;0;1;0;1;0;0;0;1;0;1
11;3;3200207.0;2020;6;6;3;3;5;3;0;1;1;0;0;0;0;0;0;1
11;6;6300633.0;2020;6;6;3;3;3;6;0;1;1;0;0;0;0;0;0;1
11;1;1100416.0;2020;7;1;7;3;5;2;2;1;1;0;0;0;0;0;0;1
11;1;1100207.0;2020;6;19;2;3;0;7;0;0;1;0;0;0;0;0;0;1
11;10;10100102.0;2020;6;18;6;3;5;3;0;1;1;0;0;0;0;0;0;1
11;1;1401047.0;2020;7;15;5;3;6;4;0;0;1;1;0;0;0;0;0;1
11;3;3701660.0;2020;7;15;4;3;5;3;0;0;1;0;0;0;1;0;0;1
11;11;11501341.0;2020;7;23;6;3;0;1;2;1;0;0;0;0;0;0;0;1
11;9;9200715.0;2020;6;16;1;3;5;3;0;1;1;0;0;0;0;0;0;1
11;6;6200313.0;2020;7;19;5;3;5;7;0;1;1;0;0;0;0;0;0;1
11;4;4200310.0;2020;7;9;4;3;5;3;0;0;1;0;1;0;0;0;0;1
11;6;6300525.0;2020;7;23;5;3;9;1;2;0;1;0;0;0;0;1;0;1
11;1;1100312.0;2020;6;12;3;3;5;3;0;1;1;0;0;0;0;0;0;1
11;12;12100103.0;2020;7;11;7;3;3;2;0;1;1;0;0;0;0;0;0;1
11;5;5200629.0;2020;6;7;1;2;5;3;0;1;1;0;0;0;0;0;0;1
11;4;4300619.0;2020;6;18;6;3;5;2;0;1;1;0;0;0;0;0;0;1
11;6;6100206.0;2020;7;17;4;3;6;4;0;0;1;1;0;0;0;0;0;1