LAND;BEZ;LOR_ab_2021;UJAHR;UMONAT;USTUNDE;UWOCHENTAG;UKATEGORIE;UART;UTYP1;ULICHTVERH;IstRad;IstPKW;IstFuss;IstKrad;IstGkfz;IstSonstige;USTRZUSTAND;LOCKDOWN;COVID
11;4;4501043.0;2020;7;9;6;3;6;2;0;0;1;1;0;0;0;0;0;1
11;10;10200417.0;2020;7;16;6;3;0;4;2;0;1;1;0;0;0;0;0;1
11;1;1100101.0;2020;7;17;3;3;2;6;0;0;1;0;0;0;0;0;0;1
11;2;2500832.0;2020;7;18;3;3;0;1;0;0;1;0;1;0;0;0;0;1
11;7;7601339.0;2020;7;10;1;3;1;5;0;1;1;0;0;0;0;0;0;1
11;3;3601450.0;2020;7;15;2;3;5;2;0;1;1;0;0;0;0;0;0;1
11;8;8100208.0;2020;7;16;5;3;2;6;0;0;1;0;0;0;0;1;0;1
11;7;7200412.0;2020;7;16;3;3;5;2;0;0;1;0;0;0;0;0;0;1
11;9;9200613.0;2020;7;22;4;3;0;1;2;1;0;0;0;0;0;0;0;1
11;5;5300840.0;2020;7;18;4;3;2;6;0;0;1;0;0;0;0;1;0;1
11;8;8200726.0;2020;7;8;1;3;5;3;0;1;1;0;0;0;0;0;0;1
11;7;7300619.0;2020;7;16;3;3;5;2;0;1;1;0;0;0;0;0;0;1
11;3;3200204.0;2020;7;12;3;2;7;7;0;0;0;0;1;0;0;0;0;1
11;6;6300629.0;2020;7;17;1;3;6;4;0;0;1;1;0;0;0;0;0;1
11;1;1400938.0;2020;7;16;3;3;2;6;0;0;1;0;0;0;1;0;0;1
11;10;10400939.0;2020;7;10;2;3;0;3;0;0;0;0;0;0;1;0;0;1
11;9;9200717.0;2020;7;15;1;3;3;1;0;0;1;0;1;0;0;0;0;1
11;11;11100309.0;2020;7;13;5;3;2;6;0;0;1;0;0;0;0;1;0;1
11;10;10100311.0;2020;7;16;3;3;0;2;0;1;0;0;0;0;1;0;0;1
11;5;5300737.0;2020;7;16;4;3;5;2;0;0;1;0;1;0;0;0;0;1
11;10;10400835.0;2020;7;14;4;3;5;3;0;0;1;0;1;0;0;1;0;1
11;1;1100103.0;2020;7;16;3;3;5;3;0;1;1;0;0;0;0;0;0;1
11;1;1100309.0;2020;7;18;4;3;5;2;0;1;1;0;0;0;0;0;0;1
11;12;12200309.0;2020;7;16;4;3;5;2;0;1;1;0;0;0;0;1;0;1
11;11;11400930.0;2020;7;14;3;3;0;3;0;0;0;0;1;0;1;0;0;1
11;3;3300412.0;2020;7;10;3;3;5;3;0;1;1;0;0;0;0;0;0;1
11;7;7601546.0;2020;7;14;1;3;1;1;0;0;1;0;1;0;0;0;0;1
11;4;4500939.0;2020;7;14;3;3;0;3;0;0;1;0;1;0;0;0;0;1
11;6;6100210.0;2020;7;9;2;3;2;6;0;0;1;0;0;0;0;0;0;1
11;10;10100311.0;2020;7;13;1;3;3;6;0;0;1;0;0;0;0;0;0;1
11;9;9200510.0;2020;7;5;5;3;5;3;0;1;1;0;0;0;0;0;0;1
11;11;11501341.0;2020;7;14;3;3;5;3;0;1;1;0;0;0;0;0;0;1
11;2;2100101.0;2020;7;15;4;3;2;7;0;0;1;0;1;0;0;0;0;1
11;12;12400619.0;2020;7;12;4;3;5;3;0;0;1;0;0;0;0;1;0;1
11;9;9200819.0;2020;7;14;3;3;2;6;0;0;1;0;0;0;0;0;0;1
11;10;10100205.0;2020;7;6;3;3;5;2;0;1;1;0;0;0;0;0;0;1
11;5;5200420.0;2020;7;13;1;3;1;1;0;0;1;0;0;0;0;0;0;1
11;7;7501031.0;2020;7;15;2;3;0;3;0;0;1;0;0;0;1;0;0;1
11;7;7400823.0;2020;7;13;3;2;5;3;0;0;1;0;0;0;0;0;0;1
11;10;10300731.0;2020;7;17;2;3;5;3;0;1;1;0;0;0;0;0;0;1
11;10;10100209.0;2020;7;13;1;3;2;6;0;1;0;0;0;0;0;0;0;1
11;12;12100205.0;2020;7;9;3;3;3;6;0;1;1;0;0;0;0;0;0;1
11;8;8200831.0;2020;7;11;1;3;1;5;0;0;0;0;1;0;1;0;0;1
11;4;4400725.0;2020;7;13;3;2;5;3;0;1;1;0;0;0;0;0;0;1
11;7;7601339.0;2020;7;8;2;3;6;7;0;0;0;1;0;0;1;0;0;1
11;4;4200207.0;2020;7;14;1;2;1;5;0;1;1;0;0;0;0;0;0;1
11;10;10100311.0;2020;7;9;5;2;6;4;0;0;1;1;0;0;0;0;0;1
11;6;6100208.0;2020;7;13;3;3;8;1;0;1;0;0;0;0;0;0;0;1
11;5;5100316.0;2020;7;13;4;3;2;6;0;0;1;0;0;0;0;0;0;1
11;4;4100101.0;2020;7;5;4;3;5;7;0;0;1;0;1;0;0;0;0;1
11;4;4501040.0;2020;7;12;3;3;2;6;0;0;1;0;0;0;0;0;0;1
11;11;11300722.0;2020;7;19;3;3;1;7;1;1;1;0;0;0;0;0;0;1
11;8;8100209.0;2020;7;17;1;2;5;3;0;1;1;0;0;0;0;0;0;1
11;11;11100204.0;2020;7;15;2;3;2;2;0;0;1;0;0;0;1;0;0;1
11;8;8100105.0;2020;7;17;5;3;1;5;0;1;1;0;0;0;0;1;0;1
11;2;2200210.0;2020;7;8;3;3;1;5;0;1;1;0;0;0;0;0;0;1
11;9;9200716.0;2020;7;20;4;3;0;5;0;1;1;0;0;0;0;0;0;1
11;2;2400520.0;2020;7;18;4;3;0;1;0;1;0;0;0;0;0;1;0;1
11;6;6400838.0;2020;7;17;1;2;3;6;0;0;1;0;1;0;0;0;0;1
11;2;2100101.0;2020;7;8;4;3;0;6;0;1;1;0;0;0;0;0;0;1
11;11;11300617.0;2020;7;20;5;3;4;6;1;1;0;0;0;0;0;0;0;1
11;6;6100205.0;2020;7;9;4;3;0;4;0;0;0;1;0;0;1;0;0;1
11;9;9401431.0;2020;7;16;3;3;5;2;0;1;1;0;0;0;0;0;0;1
11;1;1300732.0;2020;7;8;3;3;6;4;0;0;1;1;0;0;0;0;0;1
11;2;2100106.0;2020;7;17;3;3;2;6;0;0;1;0;0;0;0;0;0;1
11;6;6400737.0;2020;7;11;7;3;5;7;0;0;1;0;1;0;0;0;0;1
11;11;11200513.0;2020;7;14;2;3;5;3;0;0;1;0;0;0;0;0;0;1
11;9;9401431.0;2020;7;16;5;3;0;2;0;0;1;0;1;0;0;1;0;1
11;3;3601141.0;2020;7;8;3;3;0;2;0;1;0;0;0;0;1;0;0;1
11;2;2100106.0;2020;7;20;4;3;5;2;0;1;0;0;0;0;1;1;0;1
11;7;7200412.0;2020;7;17;4;3;2;7;0;1;1;0;0;0;0;1;0;1
11;8;8100415.0;2020;7;11;7;3;6;7;0;1;0;1;0;0;0;0;0;1
11;1;1300732.0;2020;7;8;3;3;5;2;0;1;0;0;1;0;0;0;0;1
11;12;12200412.0;2020;7;12;3;3;5;2;0;1;0;0;0;0;1;0;0;1
11;1;1300836.0;2020;7;16;7;3;1;7;0;0;1;1;0;0;0;0;0;1
11;1;1100104.0;2020;7;7;3;3;0;3;0;1;1;0;0;0;0;0;0;1
11;10;10400940.0;2020;7;6;2;3;5;3;0;1;0;0;0;0;1;0;0;1
11;11;11501238.0;2020;7;14;7;3;2;6;0;0;1;0;0;0;0;0;0;1
11;5;5100104.0;2020;7;12;5;2;5;3;0;0;1;0;0;0;0;1;0;1
11;4;4200206.0;2020;7;15;3;2;6;2;0;0;1;1;0;0;0;0;0;1
11;1;1401045.0;2020;7;19;7;3;5;3;0;1;1;0;0;0;0;0;0;1
11;2;2200209.0;2020;7;7;3;3;5;2;0;1;1;0;0;0;0;0;0;1
11;11;11501339.0;2020;7;17;2;3;5;2;0;1;1;0;0;0;0;0;0;1
11;11;11300722.0;2020;7;18;7;3;5;3;0;1;1;0;0;0;0;0;0;1
11;5;5100317.0;2020;7;14;5;3;5;3;0;0;1;0;0;0;0;1;0;1
11;12;12500930.0;2020;7;4;3;3;0;2;1;1;1;0;0;0;0;0;0;1
11;6;6300528.0;2020;7;17;4;3;5;3;0;1;1;0;0;0;0;0;0;1
11;2;2200212.0;2020;7;15;4;3;2;6;0;0;1;0;0;0;1;1;0;1
11;10;10100209.0;2020;7;7;3;3;5;3;0;1;1;0;0;0;0;0;0;1
11;4;4501045.0;2020;7;9;3;3;5;2;0;1;1;0;0;0;0;0;0;1
11;1;1100311.0;2020;7;17;7;3;5;2;0;1;1;0;0;0;0;0;0;1
11;5;5100313.0;2020;7;23;3;3;1;7;2;0;1;0;0;0;0;1;0;1
11;11;11200513.0;2020;7;8;2;3;0;3;0;1;1;0;0;0;0;0;0;1
11;5;5100209.0;2020;7;18;7;3;5;3;0;1;1;0;0;0;0;0;0;1
11;3;3300516.0;2020;7;10;5;3;5;2;0;0;1;0;1;0;0;0;0;1
11;8;8200622.0;2020;7;22;3;3;2;6;2;0;1;0;0;0;0;1;0;1
11;3;3500932.0;2020;7;14;4;3;5;2;0;1;1;0;0;0;0;0;0;1
11;5;5100316.0;2020;7;10;4;3;0;6;0;0;1;0;0;0;0;1;0;1
11;12;12500930.0;2020;7;22;3;3;0;2;2;0;1;1;0;0;0;1;0;1
11;1;1400938.0;2020;7;11;4;3;5;2;0;1;0;0;0;0;1;0;0;1
11;3;3601450.0;2020;7;13;4;3;0;1;0;1;0;0;0;0;0;1;0;1
11;4;4400833.0;2020;7;21;3;3;0;7;2;0;0;0;1;0;0;1;0;1
11;8;8100520.0;2020;7;7;3;3;2;6;0;0;1;0;0;0;0;0;0;1
11;4;4501149.0;2020;7;16;7;3;5;2;0;1;1;0;0;0;0;0;0;1
11;11;11200411.0;2020;7;20;3;2;0;1;0;0;0;0;1;0;0;0;0;1
11;8;8401241.0;2020;7;7;2;3;1;5;0;1;1;0;0;0;0;0;0;1
11;11;11501341.0;2020;7;16;7;3;5;2;0;1;1;0;0;0;0;0;0;1
11;2;2100102.0;2020;7;8;5;3;5;2;0;1;1;0;0;0;0;1;0;1
11;10;10100102.0;2020;7;11;4;2;5;2;0;0;1;0;0;0;0;0;0;1
11;8;8100206.0;2020;7;18;3;3;0;4;0;1;0;1;0;0;0;0;0;1
11;5;5300841.0;2020;7;17;3;3;5;2;0;1;1;0;0;0;0;0;0;1
11;11;11300620.0;2020;7;18;3;2;5;3;0;1;1;0;0;0;0;0;0;1
11;2;2300419.0;2020;7;20;7;3;0;5;0;1;1;0;0;0;0;0;0;1
11;1;1100102.0;2020;7;14;2;3;5;7;0;0;1;0;1;0;0;0;0;1
11;2;2200211.0;2020;7;16;5;3;0;1;0;1;0;0;0;0;0;1;0;1
11;11;11401137.0;2020;7;18;3;2;6;4;0;0;1;1;0;0;0;0;0;1
11;4;4300623.0;2020;7;22;3;3;6;7;2;1;0;1;0;0;0;0;0;1
11;1;1100310.0;2020;7;16;7;3;6;4;0;0;0;1;0;0;1;0;0;1
11;9;9100101.0;2020;7;14;2;3;5;2;0;1;1;0;0;0;0;0;0;1
11;4;4400726.0;2020;7;18;5;2;0;7;0;1;0;0;0;0;0;1;0;1
11;4;4300622.0;2020;7;19;3;3;5;3;0;1;0;0;0;0;0;0;0;1
11;7;7601545.0;2020;7;17;2;3;5;3;0;1;0;0;1;0;0;0;0;1
11;8;8100418.0;2020;7;17;4;3;3;6;0;1;0;0;0;0;1;0;0;1
11;6;6200421.0;2020;7;18;2;3;5;2;0;1;1;0;0;0;0;0;0;1
11;5;5100209.0;2020;7;6;4;2;5;3;0;0;1;0;0;0;0;0;0;1
11;5;5200631.0;2020;7;15;3;3;5;7;0;1;1;0;0;0;0;0;0;1
11;9;9100203.0;2020;7;17;3;2;0;1;0;1;0;0;0;0;0;0;0;1
11;2;2200209.0;2020;7;23;2;2;5;2;2;0;1;0;1;0;0;0;0;1
11;1;1100205.0;2020;7;15;7;3;5;3;0;1;1;0;0;0;0;0;0;1
11;11;11200410.0;2020;7;14;2;3;5;2;0;1;1;0;0;0;0;0;0;1
11;1;1100311.0;2020;7;15;5;3;1;5;0;0;1;0;0;0;0;1;0;1
11;11;11501238.0;2020;7;17;3;2;5;3;0;1;1;0;0;0;0;0;0;1
11;2;2400625.0;2020;7;17;2;3;1;5;0;1;1;0;0;0;0;0;0;1
11;4;4300622.0;2020;7;18;4;2;0;7;0;1;0;0;0;0;0;0;0;1
11;4;4501150.0;2020;7;16;4;3;5;2;0;1;1;0;0;0;0;1;0;1
11;5;5400944.0;2020;7;17;3;3;2;2;0;0;0;0;1;0;1;0;0;1
11;4;4501040.0;2020;7;18;2;3;2;6;0;0;1;0;0;0;0;0;0;1
11;4;4501042.0;2020;7;22;4;3;0;1;2;0;1;0;1;0;0;1;0;1
11;1;1100309.0;2020;7;0;4;3;0;1;2;1;0;0;0;0;0;0;0;1
11;6;6400735.0;2020;7;14;7;3;2;6;0;1;1;0;0;0;0;0;0;1
11;1;1300836.0;2020;7;22;3;1;6;4;2;0;1;1;0;0;0;0;0;1
11;9;9501737.0;2020;7;14;3;3;2;6;0;0;1;0;0;0;0;0;0;1
11;3;3601142.0;2020;7;14;7;3;3;6;0;1;0;0;0;0;0;0;0;1
11;3;3300411.0;2020;7;19;2;3;5;3;0;0;1;0;0;0;0;0;0;1
11;1;1100308.0;2020;7;21;2;3;2;2;2;1;1;0;0;0;0;0;0;1
11;2;2300314.0;2020;7;10;7;3;2;6;0;0;1;0;0;0;0;0;0;1
11;10;10100311.0;2020;7;13;5;3;0;3;0;0;0;0;0;0;1;1;0;1
11;10;10300733.0;2020;7;16;2;3;7;7;0;1;0;0;0;0;0;0;0;1
11;3;3601346.0;2020;7;18;2;3;5;3;0;1;0;0;0;0;0;0;0;1
11;4;4400833.0;2020;7;16;4;3;2;2;0;0;1;0;0;0;0;0;0;1
11;2;2100104.0;2020;7;15;4;3;5;3;0;1;1;0;0;0;0;1;0;1
11;11;11200410.0;2020;7;11;2;3;5;3;0;0;1;0;0;0;1;0;0;1
11;1;1100416.0;2020;7;9;3;3;1;5;0;1;1;0;0;0;0;0;0;1
11;6;6100206.0;2020;7;9;7;3;1;5;0;1;1;0;0;0;0;0;0;1
11;8;8100105.0;2020;7;7;2;2;6;2;0;0;1;1;0;0;0;0;0;1
11;12;12100101.0;2020;7;21;2;3;5;2;0;1;1;0;0;0;0;0;0;1
11;12;12200307.0;2020;7;10;3;3;0;2;0;1;1;0;0;0;0;0;0;1
11;4;4501043.0;2020;7;19;7;2;5;3;0;1;1;0;0;0;0;0;0;1
11;11;11200410.0;2020;7;22;2;3;6;4;2;0;1;1;0;0;0;0;0;1
11;4;4400727.0;2020;7;11;2;2;6;7;0;0;0;1;0;0;1;0;0;1
11;3;3400725.0;2020;7;18;7;2;2;7;0;0;1;0;0;0;0;1;0;1
11;6;6200422.0;2020;7;11;5;3;5;2;0;1;1;0;0;0;0;0;0;1
11;7;7400721.0;2020;7;19;2;3;2;6;0;0;1;0;0;0;0;1;0;1
11;6;6200313.0;2020;7;19;2;3;5;2;0;0;1;0;0;0;0;0;0;1
11;4;4100101.0;2020;7;15;4;3;5;2;0;0;1;0;0;0;0;0;0;1
11;12;12500928.0;2020;7;12;4;2;5;2;0;0;1;0;1;0;0;1;0;1
11;5;5200629.0;2020;7;19;2;2;2;6;0;0;1;0;1;0;0;0;0;1
11;4;4501147.0;2020;7;7;3;3;0;1;0;1;0;0;0;0;0;0;0;1
11;1;1100415.0;2020;7;15;7;2;0;1;0;1;0;0;0;0;0;0;0;1
11;9;9501939.0;2020;7;13;2;3;2;6;0;0;1;0;0;0;0;0;0;1
11;5;5200524.0;2020;7;19;2;3;2;7;0;0;1;0;0;0;0;0;0;1
11;10;10100206.0;2020;7;17;2;3;2;5;0;0;1;0;0;0;0;0;0;1
11;5;5100104.0;2020;7;20;6;3;2;6;0;0;1;0;0;0;0;0;0;1
11;7;7300516.0;2020;7;22;5;3;0;3;2;0;1;0;1;0;0;1;0;1
11;2;2500728.0;2020;7;8;2;3;2;2;0;1;1;0;0;0;0;0;0;1
11;2;2100102.0;2020;7;17;6;2;6;2;0;0;1;1;0;0;0;0;0;1
11;1;1200623.0;2020;7;10;5;3;1;5;0;1;1;0;0;0;0;0;0;1
11;4;4501043.0;2020;7;18;2;3;5;2;0;0;1;0;1;0;0;0;0;1
11;1;1300733.0;2020;7;14;4;3;5;2;0;1;1;0;0;0;0;0;0;1
11;6;6300629.0;2020;7;8;4;3;5;3;0;0;1;0;0;0;0;1;0;1
11;6;6300634.0;2020;7;18;2;3;5;2;0;0;1;0;1;0;0;0;0;1
11;6;6400737.0;2020;7;20;3;2;0;1;0;0;0;0;1;0;0;0;0;1
11;12;12200309.0;2020;7;16;6;3;2;6;0;0;1;0;0;0;0;1;0;1
11;8;8200623.0;2020;7;12;2;2;2;2;0;0;1;0;0;0;1;0;0;1
11;6;6200311.0;2020;7;17;5;3;2;2;0;0;1;0;0;0;1;1;0;1
11;3;3601245.0;2020;7;16;2;3;5;2;0;1;0;0;0;0;0;1;0;1
11;6;6100103.0;2020;7;19;2;3;5;3;0;0;1;0;1;0;0;0;0;1
11;8;8100417.0;2020;7;10;4;3;1;5;0;1;1;0;0;0;0;0;0;1
11;9;9401534.0;2020;7;19;4;3;5;3;0;1;1;0;0;0;0;1;0;1
11;8;8100418.0;2020;7;20;2;3;0;3;1;1;1;0;0;0;0;0;0;1
11;4;4400835.0;2020;7;8;4;3;5;3;0;1;1;0;0;0;0;0;0;1
11;4;4500937.0;2020;7;15;3;3;0;1;0;1;1;0;0;0;0;0;0;1
11;5;5200629.0;2020;7;17;2;3;0;6;0;0;1;0;0;0;1;0;0;1
11;2;2100106.0;2020;7;9;4;3;0;1;0;1;0;0;0;0;0;0;0;1
11;1;1100310.0;2020;7;13;3;3;5;3;0;1;1;0;0;0;0;0;0;1
11;9;9401534.0;2020;7;17;2;2;0;1;0;1;0;0;0;0;0;1;0;1
11;5;5100101.0;2020;7;17;3;2;5;3;0;1;1;0;0;0;0;0;0;1
11;9;9200510.0;2020;7;15;6;3;2;6;0;0;1;0;0;0;1;1;0;1
11;4;4400728.0;2020;7;10;2;2;2;2;0;1;1;0;0;0;0;0;0;1
11;8;8401241.0;2020;7;16;5;2;6;4;0;0;1;1;0;0;0;1;0;1
11;9;9301126.0;2020;7;17;2;3;5;3;0;1;1;0;0;0;0;1;0;1
11;12;12200412.0;2020;7;20;4;3;0;7;0;0;0;0;1;0;0;0;0;1
11;11;11200410.0;2020;7;17;4;3;2;6;0;0;1;0;0;0;0;1;0;1
11;9;9200512.0;2020;7;15;6;2;5;2;0;1;1;0;0;0;0;0;0;1
11;3;3501038.0;2020;7;17;2;3;0;3;0;0;1;0;0;0;1;0;0;1
11;8;8100105.0;2020;7;12;3;3;2;6;0;1;0;0;0;0;1;0;0;1
11;1;1100308.0;2020;7;15;6;3;5;2;0;1;1;0;0;0;0;1;0;1
11;1;1100207.0;2020;7;16;2;3;1;5;0;1;1;0;0;0;0;0;0;1
11;10;10400837.0;2020;7;6;2;3;5;3;0;0;1;0;0;0;1;0;0;1
11;3;3300413.0;2020;7;15;6;3;5;3;0;0;1;0;0;0;0;1;0;1
11;2;2500831.0;2020;7;12;5;2;0;1;0;0;0;0;1;0;0;1;0;1
11;9;9401534.0;2020;7;16;2;2;6;4;0;1;0;1;0;0;0;0;0;1
11;11;11200411.0;2020;7;17;2;3;5;2;0;1;1;0;0;0;0;0;0;1
11;11;11300721.0;2020;7;16;4;3;5;2;0;0;1;0;0;0;1;0;0;1
11;8;8200727.0;2020;7;18;2;3;0;7;0;0;1;0;0;0;1;0;0;1
11;5;5100316.0;2020;7;15;6;3;6;2;0;0;1;1;0;0;0;0;0;1
11;2;2300418.0;2020;7;14;5;3;2;1;0;0;1;0;0;0;0;1;0;1
11;9;9401635.0;2020;7;13;2;3;0;1;0;1;0;0;0;0;1;0;0;1
11;2;2400624.0;2020;7;18;4;3;0;1;0;1;0;0;0;0;0;0;0;1
11;4;4300416.0;2020;7;15;4;3;0;3;0;1;1;0;0;0;0;1;0;1
11;1;1100205.0;2020;7;16;2;3;6;4;0;1;0;1;0;0;0;0;0;1
11;1;1100308.0;2020;7;10;3;2;5;3;0;1;0;0;0;0;0;0;0;1
11;4;4200310.0;2020;7;15;6;3;2;6;0;0;1;0;1;0;0;1;0;1
11;4;4300620.0;2020;7;16;2;3;5;3;0;1;0;0;0;0;0;0;0;1
11;4;4400832.0;2020;7;9;2;3;1;5;0;1;1;0;0;0;0;0;0;1
11;8;8200623.0;2020;7;13;6;3;1;5;0;1;0;0;1;0;0;0;0;1
11;7;7400826.0;2020;7;10;5;2;5;2;0;0;1;0;0;0;1;0;0;1
11;11;11400929.0;2020;7;16;2;3;5;2;0;1;1;0;0;0;0;0;0;1
11;4;4200308.0;2020;7;14;4;3;0;7;0;0;0;0;1;0;0;1;0;1
11;3;3500934.0;2020;7;11;4;3;5;2;0;0;1;0;0;0;0;1;0;1
11;12;12100101.0;2020;7;15;2;2;6;4;0;0;1;1;0;0;0;0;0;1
11;1;1100310.0;2020;7;23;3;2;0;1;2;0;0;0;0;0;1;0;0;1
11;1;1100308.0;2020;7;14;6;3;1;6;0;1;1;0;0;0;0;1;0;1
11;7;7501134.0;2020;7;14;4;3;5;2;0;0;1;0;0;0;0;1;0;1
11;7;7501031.0;2020;7;15;2;3;5;7;0;0;1;0;0;0;0;0;0;1
11;2;2400522.0;2020;7;8;3;3;0;7;0;1;0;0;0;0;0;0;0;1
11;10;10400835.0;2020;7;14;6;3;6;4;0;0;1;1;0;0;0;1;0;1
11;7;7400928.0;2020;7;14;2;3;0;3;0;0;1;0;1;0;0;0;0;1
11;1;1300733.0;2020;7;8;2;2;5;5;0;0;1;0;1;0;0;0;0;1
11;1;1100101.0;2020;7;13;6;3;2;6;0;0;1;0;0;0;0;1;0;1
11;1;1100207.0;2020;7;9;5;2;0;1;0;0;0;0;0;0;1;0;0;1
11;11;11100204.0;2020;7;11;2;3;5;2;0;0;1;0;0;0;0;0;0;1
11;9;9100203.0;2020;7;16;2;3;3;6;0;1;0;0;0;0;1;0;0;1
11;1;1400938.0;2020;7;11;4;3;0;6;0;0;1;0;1;0;0;0;0;1
11;5;5100210.0;2020;7;5;4;2;5;3;1;0;1;0;1;0;0;0;0;1
11;4;4300623.0;2020;7;11;2;3;0;7;0;0;1;0;1;0;0;0;0;1
11;9;9200717.0;2020;7;18;3;3;6;4;0;0;1;1;0;0;0;0;0;1
11;10;10100311.0;2020;7;14;6;3;2;6;0;0;1;0;0;0;0;1;0;1
11;11;11501238.0;2020;7;23;1;3;1;5;2;1;1;0;0;0;0;0;0;1
11;1;1401046.0;2020;7;17;5;3;0;5;0;0;1;0;1;0;0;1;0;1
11;6;6400843.0;2020;7;14;2;3;5;3;0;1;0;0;0;0;1;0;0;1
11;2;2100102.0;2020;7;23;4;3;5;7;2;0;1;0;0;0;0;1;0;1
11;5;5100208.0;2020;7;23;1;3;2;6;2;0;1;0;1;0;0;0;0;1
11;7;7601339.0;2020;7;11;5;3;5;2;0;1;1;0;0;0;0;0;0;1
11;2;2200210.0;2020;7;13;2;3;5;3;0;0;1;0;0;0;0;0;0;1
11;4;4501146.0;2020;7;17;2;3;3;6;0;1;0;0;0;0;0;0;0;1
11;2;2300417.0;2020;7;19;5;3;0;7;0;0;0;0;1;0;0;1;0;1
11;4;4300412.0;2020;7;9;4;2;2;6;0;0;1;0;0;0;0;0;0;1
11;1;1200628.0;2020;7;15;3;2;5;3;0;1;0;0;0;0;1;0;0;1
11;3;3500932.0;2020;7;10;2;3;0;4;0;0;0;1;0;0;1;0;0;1
11;5;5300737.0;2020;7;17;3;3;5;2;0;0;1;0;0;1;0;0;0;1
11;10;10200524.0;2020;7;11;6;3;6;7;0;0;1;1;0;0;0;0;0;1
11;4;4501043.0;2020;7;22;1;3;5;2;2;1;1;0;0;0;0;0;0;1
11;1;1300733.0;2020;7;15;5;3;0;6;0;0;0;0;1;0;1;1;0;1
11;6;6200313.0;2020;7;10;2;3;1;5;0;0;1;0;0;0;0;0;0;1
11;2;2200209.0;2020;7;18;4;3;5;2;0;1;1;0;0;0;0;0;0;1
11;4;4300624.0;2020;7;16;4;3;6;4;0;1;0;1;0;0;0;1;0;1
11;8;8100415.0;2020;7;9;2;3;5;2;0;1;1;0;0;0;0;0;0;1
11;12;12200307.0;2020;7;11;3;3;5;3;0;0;1;0;0;0;0;0;0;1
11;4;4300414.0;2020;7;11;6;3;2;6;0;0;1;0;1;0;0;1;0;1
11;11;11400931.0;2020;7;11;4;3;2;6;0;0;1;0;0;0;0;1;0;1
11;6;6200313.0;2020;7;9;6;3;6;2;0;0;0;1;0;0;1;1;0;1
11;6;6100206.0;2020;7;21;4;3;0;1;0;0;1;0;0;0;0;0;0;1
11;1;1100415.0;2020;7;14;3;3;3;2;0;1;1;0;0;0;0;0;0;1
11;1;1300733.0;2020;7;9;6;3;5;3;0;0;1;0;0;0;0;1;0;1
11;8;8100209.0;2020;7;9;2;3;5;3;0;0;1;0;0;0;0;0;0;1
11;4;4501042.0;2020;7;22;2;3;5;3;2;1;1;0;0;0;0;0;0;1
11;12;12200515.0;2020;7;8;6;3;5;3;0;1;1;0;0;0;0;1;0;1
11;9;9200613.0;2020;7;13;5;2;2;6;0;0;1;0;1;0;0;1;0;1
11;8;8100417.0;2020;7;8;2;3;5;3;0;0;1;0;1;0;0;0;0;1
11;4;4501045.0;2020;7;17;4;3;5;2;0;1;1;0;0;0;0;0;0;1
11;9;9100306.0;2020;7;15;4;3;5;2;0;0;1;0;0;0;1;1;0;1
11;3;3601347.0;2020;7;13;2;3;5;7;0;1;1;0;0;0;0;0;0;1
11;6;6200312.0;2020;7;9;3;3;2;6;0;1;1;0;0;0;0;0;0;1
11;7;7200308.0;2020;7;8;6;3;5;3;0;1;1;0;0;0;0;1;0;1
11;2;2500726.0;2020;7;13;2;3;0;1;0;1;0;0;0;0;0;0;0;1
11;4;4400726.0;2020;7;8;2;3;5;7;0;1;1;0;0;0;0;0;0;1
11;7;7601546.0;2020;7;8;6;3;5;3;0;1;1;0;0;0;0;1;0;1
11;3;3500932.0;2020;7;4;5;3;1;7;1;0;1;0;0;0;0;0;0;1
11;9;9501737.0;2020;7;12;2;3;1;5;0;1;1;0;0;0;0;0;0;1
11;10;10100313.0;2020;7;12;2;3;5;3;0;0;1;0;0;0;0;0;0;1
11;1;1200520.0;2020;7;10;2;3;0;6;0;1;1;0;0;0;0;0;0;1
11;3;3500934.0;2020;7;6;6;2;0;7;0;0;1;0;1;0;0;1;0;1
11;9;9200510.0;2020;7;11;5;3;3;6;0;0;1;0;0;1;0;0;0;1
11;7;7200307.0;2020;7;8;2;3;5;2;0;1;1;0;0;0;0;0;0;1
11;2;2400623.0;2020;7;15;4;3;5;3;0;1;1;0;0;0;0;0;0;1
11;9;9401635.0;2020;7;12;4;2;4;6;0;0;1;0;0;0;0;0;0;1
11;1;1100310.0;2020;7;7;2;3;0;7;0;0;0;0;1;0;0;1;0;1
11;9;9100306.0;2020;7;7;3;3;5;3;0;1;1;0;0;0;0;0;0;1
11;3;3601142.0;2020;7;5;6;3;2;1;0;0;1;0;0;0;0;1;0;1
11;5;5300737.0;2020;7;7;2;3;5;2;0;1;0;0;0;1;0;0;0;1
11;1;1100309.0;2020;7;0;2;3;6;2;2;0;1;1;0;0;0;0;0;1
11;4;4501149.0;2020;7;17;5;3;5;5;0;1;1;0;0;0;0;0;0;1
11;5;5100101.0;2020;7;7;5;3;5;3;0;0;1;0;1;0;0;0;0;1
11;10;10300733.0;2020;7;10;4;3;2;6;0;0;1;0;0;0;0;0;0;1
11;9;9200510.0;2020;7;15;3;3;2;6;0;0;1;0;0;0;0;0;0;1
11;5;5100316.0;2020;7;14;4;3;2;6;0;0;1;0;0;0;0;0;0;1
11;9;9200510.0;2020;7;9;4;3;5;3;0;1;1;0;0;0;0;1;0;1