LAND;BEZ;LOR_ab_2021;UJAHR;UMONAT;USTUNDE;UWOCHENTAG;UKATEGORIE;UART;UTYP1;ULICHTVERH;IstRad;IstPKW;IstFuss;IstKrad;IstGkfz;IstSonstige;USTRZUSTAND;LOCKDOWN;COVID
11;4;4501146.0;2020;10;21;6;3;2;6;2;0;1;0;0;0;0;1;1;1
11;9;9200819.0;2020;10;7;3;3;1;5;0;1;0;0;0;0;1;0;1;1
11;4;4501042.0;2020;10;20;6;3;9;1;2;0;1;1;0;0;0;1;1;1
11;1;1100309.0;2020;10;20;6;3;0;1;2;1;0;0;0;0;0;1;1;1
11;12;12200515.0;2020;10;17;3;3;5;3;0;0;1;0;0;0;1;0;1;1
11;11;11100204.0;2020;10;21;4;3;5;3;2;0;1;0;0;0;0;0;1;1
11;6;6200314.0;2020;10;19;6;3;6;2;2;0;1;1;0;0;0;1;1;1
11;7;7200413.0;2020;10;19;6;3;6;2;2;0;1;1;0;0;0;1;1;1
11;10;10200422.0;2020;10;17;3;3;0;2;0;0;1;0;0;0;1;0;1;1
11;5;5100313.0;2020;10;13;3;3;0;4;0;0;0;1;0;0;1;0;1;1
11;2;2500727.0;2020;10;9;6;3;5;7;0;0;1;0;1;0;0;1;1;1
11;1;1100206.0;2020;10;19;6;3;5;3;2;1;1;0;0;0;0;1;1;1
11;11;11200513.0;2020;10;19;3;3;5;2;2;1;0;0;1;0;0;0;1;1
11;8;8200727.0;2020;10;19;5;3;5;3;2;1;1;0;0;0;0;0;1;1
11;7;7200409.0;2020;10;15;5;3;1;5;0;1;1;0;0;0;0;0;1;1
11;11;11501341.0;2020;10;14;6;3;6;2;0;0;1;1;0;0;0;1;1;1
11;1;1100311.0;2020;10;14;6;3;2;6;0;0;1;0;0;0;0;1;1;1
11;7;7400823.0;2020;10;16;3;3;1;5;0;1;1;0;0;0;0;0;1;1
11;4;4300412.0;2020;10;14;4;3;0;1;0;0;0;0;1;0;0;1;1;1
11;4;4100101.0;2020;10;13;6;3;4;6;0;0;1;0;0;0;0;0;1;1
11;11;11501340.0;2020;10;16;3;3;3;6;0;0;1;0;0;1;0;0;1;1
11;10;10200629.0;2020;10;11;4;3;0;7;0;1;0;0;0;0;0;1;1;1
11;10;10300731.0;2020;10;11;6;3;0;6;0;0;1;0;0;0;1;0;1;1
11;6;6300632.0;2020;10;10;6;3;3;6;0;1;1;0;0;0;0;0;1;1
11;1;1300836.0;2020;10;16;3;3;5;3;0;0;1;0;0;0;0;0;1;1
11;3;3300411.0;2020;10;18;3;3;5;3;2;0;1;0;1;0;0;0;1;1
11;7;7400825.0;2020;10;7;6;3;5;7;0;0;1;0;0;0;1;1;1;1
11;8;8200730.0;2020;10;9;6;3;0;6;0;0;1;0;0;0;0;1;1;1
11;1;1300835.0;2020;10;7;3;3;5;3;0;1;1;0;0;0;0;0;1;1
11;2;2400521.0;2020;10;10;5;3;0;2;0;1;1;0;0;0;0;1;1;1
11;11;11100204.0;2020;10;9;5;2;5;3;0;0;1;0;0;0;0;1;1;1
11;2;2500831.0;2020;10;9;6;3;2;7;0;1;1;0;0;1;0;1;1;1
11;4;4501045.0;2020;10;9;6;3;1;5;0;1;1;0;0;0;0;0;1;1
11;12;12500824.0;2020;10;16;3;3;0;1;0;1;0;0;0;0;0;0;1;1
11;7;7400927.0;2020;10;7;4;3;1;5;0;1;0;0;0;1;0;0;1;1
11;5;5100315.0;2020;10;10;2;3;5;2;0;0;1;0;0;0;0;0;1;1
11;3;3300516.0;2020;10;19;6;3;5;2;2;0;1;0;0;0;0;1;1;1
11;1;1200522.0;2020;10;7;6;2;0;7;0;1;0;0;0;0;0;1;1;1
11;4;4300624.0;2020;10;15;3;3;2;6;0;0;1;0;0;0;0;0;1;1
11;5;5400942.0;2020;10;15;3;2;4;6;0;0;1;0;0;0;0;0;1;1
11;5;5100315.0;2020;10;14;6;3;2;6;0;0;1;0;0;0;0;1;1;1
11;4;4300415.0;2020;10;7;6;3;0;2;1;1;0;0;0;0;1;1;1;1
11;2;2100105.0;2020;10;6;6;3;2;6;1;0;1;0;0;0;0;0;1;1
11;8;8100521.0;2020;10;14;3;3;2;2;0;0;1;0;0;0;0;0;1;1
11;9;9100407.0;2020;10;17;3;3;0;3;2;1;0;0;0;0;1;0;1;1
11;5;5300735.0;2020;10;12;6;3;5;2;0;0;1;0;0;0;0;1;1;1
11;6;6100209.0;2020;10;5;6;3;0;7;2;0;0;0;1;0;0;1;1;1
11;8;8200623.0;2020;10;17;5;3;5;3;2;1;1;0;0;0;0;0;1;1
11;3;3200205.0;2020;10;7;5;3;5;3;0;1;1;0;0;0;0;1;1;1
11;7;7501031.0;2020;10;0;6;3;2;7;2;0;1;0;0;0;0;1;1;1
11;3;3500934.0;2020;10;11;6;3;1;5;0;0;1;0;0;0;0;0;1;1
11;7;7200308.0;2020;10;14;3;3;6;4;0;0;1;1;0;0;0;0;1;1
11;1;1100206.0;2020;10;17;4;3;6;2;1;0;1;1;0;0;0;0;1;1
11;12;12100205.0;2020;10;9;2;3;5;2;0;1;0;0;0;1;0;1;1;1
11;2;2300314.0;2020;10;18;6;2;5;3;2;1;1;0;0;0;0;1;1;1
11;10;10200420.0;2020;10;11;6;3;2;6;0;0;0;0;1;0;1;0;1;1
11;2;2400522.0;2020;10;6;3;3;2;3;0;0;1;0;0;0;0;0;1;1
11;1;1100312.0;2020;10;8;5;3;5;2;0;1;1;0;0;0;0;1;1;1
11;3;3500936.0;2020;10;12;6;3;0;3;0;1;0;0;0;0;1;0;1;1
11;12;12500824.0;2020;10;18;2;3;2;6;2;0;1;0;0;0;0;1;1;1
11;1;1200626.0;2020;10;13;6;3;2;6;0;0;1;0;0;0;0;0;1;1
11;12;12601236.0;2020;10;14;6;2;5;3;0;0;1;0;0;0;1;1;1;1
11;12;12200310.0;2020;10;16;4;3;2;6;1;0;1;0;1;0;0;0;1;1
11;1;1200628.0;2020;10;14;6;3;5;2;0;0;1;0;1;0;0;1;1;1
11;8;8200832.0;2020;10;14;6;3;2;2;0;0;1;0;0;0;1;1;1;1
11;5;5100316.0;2020;10;15;6;3;2;6;0;0;1;0;0;0;0;0;1;1
11;2;2300314.0;2020;10;15;6;3;0;5;1;0;1;0;1;0;0;1;1;1
11;12;12500927.0;2020;10;6;5;3;5;2;1;0;1;0;0;1;0;1;1;1
11;5;5300841.0;2020;10;16;6;3;2;7;0;0;1;0;1;0;0;1;1;1
11;8;8100521.0;2020;10;16;6;3;5;3;0;0;1;0;1;0;0;1;1;1
11;5;5300737.0;2020;10;13;3;3;6;2;0;0;1;1;0;0;0;0;1;1
11;9;9200511.0;2020;10;6;4;3;1;5;0;1;1;0;0;0;0;1;1;1
11;2;2500833.0;2020;10;9;2;3;5;3;0;1;1;0;0;0;0;1;1;1
11;2;2400522.0;2020;10;17;6;3;5;7;2;1;0;0;0;0;1;1;1;1
11;4;4400832.0;2020;10;17;6;3;0;3;1;1;1;0;0;0;0;1;1;1
11;10;10200629.0;2020;10;13;5;3;1;5;0;0;1;0;0;0;0;1;1;1
11;3;3300516.0;2020;10;17;6;2;4;1;0;0;1;0;0;0;0;1;1;1
11;2;2100102.0;2020;10;12;3;3;1;5;0;1;1;0;0;0;0;0;1;1
11;1;1100415.0;2020;10;15;5;3;6;7;0;0;0;1;0;0;1;0;1;1
11;8;8100209.0;2020;10;23;3;3;5;3;2;0;1;0;0;0;0;1;1;1
11;1;1100310.0;2020;10;7;4;3;5;2;1;1;1;0;0;0;0;0;1;1
11;7;7601339.0;2020;10;18;5;3;1;5;1;1;1;0;0;0;0;0;1;1
11;4;4300416.0;2020;10;12;5;3;2;6;0;0;1;0;0;0;0;0;1;1
11;9;9501737.0;2020;10;21;3;2;0;1;2;0;0;0;1;0;0;1;1;1
11;4;4501043.0;2020;10;11;3;3;5;2;0;1;1;0;0;0;0;0;1;1
11;2;2100102.0;2020;10;20;6;2;6;2;2;0;1;1;0;0;0;1;1;1
11;1;1300834.0;2020;10;19;5;3;3;5;2;0;1;0;1;0;0;0;1;1
11;6;6200312.0;2020;10;23;2;3;3;6;2;1;1;0;0;0;0;0;1;1
11;9;9200717.0;2020;10;20;3;3;9;1;2;0;1;0;0;0;0;1;1;1
11;3;3601245.0;2020;10;11;3;3;2;6;0;0;1;0;0;0;0;0;1;1
11;7;7200307.0;2020;10;9;6;3;5;3;0;1;1;0;0;0;0;1;1;1
11;3;3400826.0;2020;10;13;5;3;0;7;0;0;1;0;0;0;0;0;1;1
11;3;3400620.0;2020;10;13;5;2;4;6;0;0;1;0;0;0;0;1;1;1
11;7;7300515.0;2020;10;13;5;3;5;3;0;1;0;0;0;0;0;0;1;1
11;4;4300622.0;2020;10;12;5;3;5;3;0;0;1;0;0;0;0;0;1;1
11;11;11401032.0;2020;10;18;2;3;5;3;2;0;1;0;0;0;0;0;1;1
11;1;1100205.0;2020;10;13;4;3;2;2;0;1;1;0;0;0;0;0;1;1
11;9;9200613.0;2020;10;12;5;3;2;2;0;0;1;0;0;0;0;0;1;1
11;10;10100205.0;2020;10;12;5;3;5;3;0;0;1;0;1;0;0;0;1;1
11;12;12200310.0;2020;10;23;2;3;5;3;2;0;1;0;0;0;0;0;1;1
11;4;4300623.0;2020;10;10;3;3;5;7;0;1;1;0;0;0;0;1;1;1
11;7;7400721.0;2020;10;6;6;3;5;2;2;0;1;0;0;0;0;1;1;1
11;1;1100102.0;2020;10;12;5;3;0;2;0;1;0;0;1;0;0;0;1;1
11;5;5100317.0;2020;10;10;5;3;2;7;0;0;1;0;0;0;0;1;1;1
11;1;1100308.0;2020;10;8;5;3;3;6;0;1;1;0;0;0;0;1;1;1
11;11;11200514.0;2020;10;12;5;2;5;2;0;1;1;0;0;0;0;0;1;1
11;2;2200210.0;2020;10;12;5;3;5;3;0;0;1;0;0;0;0;0;1;1
11;8;8100314.0;2020;10;22;2;3;5;2;2;1;1;0;0;0;0;0;1;1
11;3;3601451.0;2020;10;15;4;3;2;6;0;0;1;0;0;0;0;1;1;1
11;9;9200715.0;2020;10;18;5;3;5;3;2;1;1;0;0;0;0;0;1;1
11;8;8100416.0;2020;10;15;5;2;0;7;0;1;0;0;0;0;0;1;1;1
11;7;7601237.0;2020;10;10;5;2;2;2;0;0;1;0;1;0;0;0;1;1
11;4;4300416.0;2020;10;10;5;3;5;7;0;1;1;0;0;0;0;0;1;1
11;10;10400837.0;2020;10;17;2;3;5;3;1;1;1;0;0;0;0;0;1;1
11;6;6200316.0;2020;10;14;4;3;5;2;0;0;1;0;1;0;0;0;1;1
11;5;5100313.0;2020;10;15;6;3;2;6;0;0;1;0;0;0;0;1;1;1
11;3;3701554.0;2020;10;10;5;3;1;5;0;1;1;0;0;0;0;0;1;1
11;4;4300413.0;2020;10;8;2;3;6;7;0;1;0;1;0;0;0;1;1;1
11;2;2100105.0;2020;10;21;3;3;5;3;2;1;1;0;0;0;0;0;1;1
11;4;4200311.0;2020;10;14;6;3;2;6;0;0;1;0;0;0;0;1;1;1
11;6;6100206.0;2020;10;9;5;3;1;6;0;0;1;0;0;0;0;0;1;1
11;7;7300619.0;2020;10;18;2;3;5;2;1;0;1;0;0;0;0;1;1;1
11;6;6300633.0;2020;10;15;5;2;0;7;0;1;1;0;0;0;0;1;1;1
11;7;7400823.0;2020;10;8;5;3;1;5;0;1;1;0;0;0;0;0;1;1
11;5;5200629.0;2020;10;7;5;3;5;2;0;1;1;0;0;0;0;1;1;1
11;8;8200622.0;2020;10;23;5;3;1;5;2;0;1;0;1;0;0;0;1;1
11;1;1300733.0;2020;10;22;5;3;2;6;2;0;1;0;0;0;0;0;1;1
11;2;2100102.0;2020;10;11;2;3;5;2;0;1;0;0;0;0;1;0;1;1
11;3;3601245.0;2020;10;18;4;2;5;2;2;1;1;0;0;0;0;0;1;1
11;1;1300834.0;2020;10;9;2;3;2;6;0;0;0;0;0;0;1;1;1;1
11;1;1100101.0;2020;10;17;6;3;0;2;1;1;0;0;1;0;0;1;1;1
11;8;8100209.0;2020;10;20;5;3;5;3;2;0;0;0;1;0;1;0;1;1
11;6;6400839.0;2020;10;15;5;3;6;7;0;1;0;1;0;0;0;0;1;1
11;2;2500832.0;2020;10;9;2;3;2;6;0;0;1;0;0;0;0;0;1;1
11;5;5400942.0;2020;10;19;6;2;2;6;2;0;1;0;0;0;0;1;1;1
11;1;1300834.0;2020;10;19;5;3;0;1;2;1;0;0;0;0;0;0;1;1
11;4;4300622.0;2020;10;15;3;3;3;6;0;0;1;0;0;0;0;0;1;1
11;3;3300412.0;2020;10;16;6;3;5;3;0;0;1;0;0;0;0;1;1;1
11;9;9100306.0;2020;10;20;5;3;3;6;2;1;1;0;0;0;0;0;1;1
11;6;6300528.0;2020;10;19;5;2;5;2;2;1;0;0;0;0;0;0;1;1
11;2;2200209.0;2020;10;10;5;2;6;4;0;1;1;1;0;0;0;0;1;1
11;1;1100309.0;2020;10;11;4;3;5;2;0;1;1;0;0;0;0;0;1;1
11;11;11300826.0;2020;10;19;5;3;4;6;2;0;1;0;0;0;1;0;1;1
11;2;2300316.0;2020;10;17;5;3;2;6;0;0;1;0;0;0;0;0;1;1
11;4;4200311.0;2020;10;11;2;2;0;6;0;0;1;0;1;0;0;0;1;1
11;9;9502043.0;2020;10;6;4;3;2;6;2;0;1;0;0;0;0;1;1;1
11;1;1200517.0;2020;10;9;2;3;5;3;0;0;1;0;1;0;0;1;1;1
11;12;12100103.0;2020;10;9;6;3;5;3;0;1;1;0;0;0;0;1;1;1
11;3;3500932.0;2020;10;16;5;3;5;3;0;1;1;0;0;0;0;0;1;1
11;4;4300619.0;2020;10;13;5;3;0;6;0;1;1;0;0;0;0;0;1;1
11;11;11501340.0;2020;10;15;5;3;5;3;0;1;1;0;0;0;0;0;1;1
11;9;9100304.0;2020;10;16;5;3;5;2;0;1;1;0;0;0;0;0;1;1
11;12;12601235.0;2020;10;11;2;3;5;3;0;1;1;0;0;0;0;0;1;1
11;2;2100105.0;2020;10;11;4;3;2;7;0;1;1;0;0;0;0;0;1;1
11;7;7200308.0;2020;10;16;5;3;5;5;0;1;1;0;0;0;0;0;1;1
11;4;4501153.0;2020;10;15;5;3;1;5;0;1;1;0;0;0;0;0;1;1
11;7;7300619.0;2020;10;9;2;3;0;7;0;0;1;0;0;1;0;1;1;1
11;11;11400931.0;2020;10;15;5;3;6;3;0;0;1;1;0;0;0;0;1;1
11;10;10100102.0;2020;10;15;5;3;5;3;0;1;1;0;0;0;0;0;1;1
11;1;1100308.0;2020;10;9;2;3;5;2;0;1;1;0;0;0;0;1;1;1
11;6;6100101.0;2020;10;22;4;3;6;4;2;0;1;1;0;0;0;0;1;1
11;1;1400940.0;2020;10;15;5;3;6;4;0;0;1;1;0;0;0;0;1;1
11;3;3601245.0;2020;10;8;5;3;2;6;0;0;1;0;1;0;0;0;1;1
11;12;12400619.0;2020;10;9;2;3;5;3;0;0;1;0;0;0;0;1;1;1
11;4;4200310.0;2020;10;13;3;3;2;2;0;0;1;0;1;0;0;0;1;1
11;5;5200629.0;2020;10;19;6;3;5;3;2;0;1;0;0;0;0;1;1;1
11;7;7501029.0;2020;10;7;5;2;6;4;1;1;0;1;0;0;0;0;1;1
11;6;6300527.0;2020;10;20;5;3;5;3;2;1;1;0;0;0;0;0;1;1
11;6;6100103.0;2020;10;15;5;3;6;2;0;0;1;1;0;0;0;0;1;1
11;6;6300633.0;2020;10;0;5;2;5;3;2;0;1;0;0;0;1;0;1;1
11;10;10100210.0;2020;10;9;2;3;5;3;0;0;1;0;1;0;0;1;1;1
11;2;2400521.0;2020;10;13;4;3;5;2;0;1;1;0;0;0;0;0;1;1
11;3;3601244.0;2020;10;13;5;3;5;2;0;1;1;0;0;0;0;0;1;1
11;1;1300835.0;2020;10;8;2;2;0;1;0;0;0;0;1;0;0;1;1;1
11;4;4400830.0;2020;10;14;3;3;5;2;0;1;1;0;0;0;0;0;1;1
11;2;2200210.0;2020;10;12;6;3;2;6;0;0;1;0;0;0;0;1;1;1
11;3;3601453.0;2020;10;13;5;3;5;2;0;1;0;0;1;0;0;0;1;1
11;8;8200832.0;2020;10;8;2;3;5;3;0;0;1;0;0;0;0;1;1;1
11;12;12200310.0;2020;10;19;3;3;5;3;2;1;1;0;0;0;0;1;1;1
11;10;10300734.0;2020;10;7;6;3;5;3;1;1;1;0;0;0;0;1;1;1
11;8;8100521.0;2020;10;13;5;3;5;3;0;0;1;0;0;0;0;1;1;1
11;4;4400832.0;2020;10;18;5;3;3;6;2;0;1;0;1;0;0;1;1;1
11;1;1300836.0;2020;10;9;5;3;2;6;0;0;1;0;0;0;0;0;1;1
11;12;12400721.0;2020;10;13;5;3;0;3;0;0;1;0;1;0;0;0;1;1
11;12;12100204.0;2020;10;14;4;3;3;6;0;0;1;0;0;0;0;0;1;1
11;3;3300413.0;2020;10;7;2;3;2;6;1;0;1;0;0;0;0;0;1;1
11;1;1401045.0;2020;10;8;4;3;2;6;0;0;1;0;0;0;0;1;1;1
11;4;4501042.0;2020;10;5;6;3;1;5;2;1;0;0;0;1;0;1;1;1
11;5;5300736.0;2020;10;11;4;3;2;6;0;0;1;0;0;0;0;1;1;1
11;1;1400938.0;2020;10;5;2;3;2;2;2;0;1;0;0;0;0;1;1;1
11;12;12200413.0;2020;10;16;3;3;5;3;0;0;1;0;0;0;0;0;1;1
11;1;1200522.0;2020;10;14;6;3;2;6;0;0;1;0;1;0;0;1;1;1
11;10;10100311.0;2020;10;10;4;3;5;2;0;0;1;0;0;0;0;1;1;1
11;1;1300733.0;2020;10;18;4;3;5;2;2;1;1;0;0;0;0;0;1;1
11;1;1200625.0;2020;10;6;5;3;0;2;1;0;1;0;1;0;0;1;1;1
11;2;2500832.0;2020;10;19;4;3;2;6;2;0;1;0;0;0;0;1;1;1
11;11;11300620.0;2020;10;17;4;2;5;7;1;0;0;0;1;0;1;0;1;1
11;4;4501043.0;2020;10;9;5;3;0;6;0;1;1;0;0;0;0;1;1;1
11;12;12500930.0;2020;10;8;5;3;2;6;0;0;1;0;0;0;0;0;1;1
11;8;8100312.0;2020;10;15;4;3;6;4;0;0;1;1;0;0;0;1;1;1
11;2;2200209.0;2020;10;17;4;3;2;6;1;0;1;0;0;0;0;0;1;1
11;9;9200510.0;2020;10;1;2;3;8;1;2;0;1;0;0;0;0;1;1;1
11;12;12400720.0;2020;10;9;4;3;5;3;0;0;1;0;0;0;1;0;1;1
11;1;1200517.0;2020;10;7;2;3;5;3;0;1;1;0;0;0;0;1;1;1
11;6;6200421.0;2020;10;16;6;3;5;3;2;0;1;0;0;0;0;1;1;1
11;1;1100309.0;2020;10;15;4;3;6;2;0;0;1;1;0;0;0;0;1;1
11;8;8200831.0;2020;10;17;2;2;5;3;2;0;1;0;0;0;0;1;1;1
11;8;8100102.0;2020;10;9;3;3;5;3;0;1;1;0;0;0;0;0;1;1
11;6;6400841.0;2020;10;14;5;3;1;5;0;0;1;0;0;0;0;0;1;1
11;10;10300731.0;2020;10;15;4;3;6;4;0;0;0;1;0;0;1;0;1;1
11;10;10100315.0;2020;10;14;2;3;6;2;0;0;1;1;0;0;0;0;1;1
11;1;1401045.0;2020;10;12;4;3;9;1;0;0;1;0;0;0;0;1;1;1
11;12;12100204.0;2020;10;14;4;3;5;2;0;1;1;0;0;0;0;0;1;1
11;1;1200521.0;2020;10;16;4;3;0;5;1;0;0;0;1;0;1;0;1;1
11;11;11300620.0;2020;10;13;4;3;0;1;0;1;0;0;0;0;0;1;1;1
11;3;3200207.0;2020;10;12;4;2;5;3;0;1;1;0;0;0;0;1;1;1
11;4;4300623.0;2020;10;14;2;3;6;7;0;0;0;1;0;0;1;0;1;1
11;2;2300314.0;2020;10;16;3;3;6;4;0;1;0;1;0;0;0;0;1;1
11;7;7601443.0;2020;10;9;6;3;3;6;0;1;1;0;0;0;0;1;1;1
11;1;1200520.0;2020;10;13;3;3;5;3;0;1;0;0;0;0;1;0;1;1
11;4;4300622.0;2020;11;15;6;3;1;5;0;1;1;0;0;0;0;0;1;2
11;4;4501045.0;2020;11;8;2;3;2;6;0;0;1;0;0;0;0;1;1;2
11;10;10400941.0;2020;11;6;3;3;0;3;2;1;1;0;0;0;0;1;1;2
11;7;7300517.0;2020;11;19;2;3;5;3;2;0;1;0;0;0;0;0;1;2
11;1;1200522.0;2020;11;2;7;3;0;1;2;0;0;0;1;0;0;1;1;2
11;11;11300618.0;2020;11;10;5;3;5;3;0;1;1;0;0;0;0;0;1;2
11;7;7601339.0;2020;11;13;2;3;5;3;0;1;1;0;0;0;0;0;1;2
11;7;7400822.0;2020;11;14;6;3;5;2;0;1;1;0;0;0;0;0;1;2
11;10;10200524.0;2020;11;16;3;3;0;2;1;1;1;0;0;0;0;0;1;2
11;2;2100106.0;2020;11;22;1;3;2;7;2;1;0;0;0;0;1;0;1;2
11;6;6200312.0;2020;11;11;7;2;5;3;0;1;1;0;0;0;0;0;1;2
11;4;4100101.0;2020;11;14;1;2;5;3;0;0;1;0;1;0;0;0;1;2
11;11;11300724.0;2020;11;12;4;3;6;4;0;0;1;1;0;0;0;0;1;2
11;7;7400721.0;2020;11;7;2;3;5;2;0;0;1;0;0;0;1;1;1;2
11;3;3601450.0;2020;11;6;6;3;2;2;1;0;1;0;0;0;0;0;1;2
11;8;8401243.0;2020;11;12;1;3;0;1;0;1;0;0;0;0;0;1;1;2
11;7;7400720.0;2020;11;11;3;2;5;2;0;1;0;0;0;1;0;0;1;2
11;12;12500825.0;2020;11;10;6;3;0;3;0;0;1;0;0;0;1;0;1;2
11;4;4500936.0;2020;11;19;4;3;6;4;2;1;0;1;0;0;0;0;1;2
11;4;4501150.0;2020;11;11;2;3;5;2;0;1;0;0;0;0;1;1;1;2
11;1;1300733.0;2020;11;17;5;3;5;2;2;1;1;0;0;0;0;0;1;2
11;9;9300923.0;2020;11;14;3;3;0;1;0;0;0;0;1;0;0;0;1;2
11;3;3500936.0;2020;11;15;2;3;2;2;0;1;1;0;0;0;0;0;1;2
11;1;1401045.0;2020;11;14;5;3;5;2;0;1;1;0;0;0;0;0;1;2
11;2;2300314.0;2020;11;10;3;3;2;6;0;1;1;0;0;0;0;0;1;2
11;5;5100104.0;2020;11;10;7;3;6;7;0;0;1;1;0;0;0;0;1;2
11;6;6100102.0;2020;11;18;1;3;5;2;2;0;1;0;1;0;0;0;1;2
11;3;3701555.0;2020;11;16;4;3;0;1;1;1;0;0;0;0;0;0;1;2
11;8;8401241.0;2020;11;8;2;3;5;3;0;0;1;0;0;0;0;1;1;2
11;2;2100106.0;2020;11;0;6;3;5;3;2;0;1;0;0;0;0;0;1;2
11;10;10200418.0;2020;11;13;1;3;5;2;0;0;1;0;0;0;0;0;1;2
11;8;8100102.0;2020;11;12;3;3;6;2;0;0;1;1;0;0;0;0;1;2
11;3;3601141.0;2020;11;13;6;3;0;2;0;1;1;0;0;0;0;0;1;2
11;8;8200730.0;2020;11;15;4;3;5;2;0;1;1;0;0;0;0;0;1;2
11;4;4200308.0;2020;11;7;5;3;5;3;0;1;1;0;0;0;0;0;1;2
11;9;9200715.0;2020;11;13;3;3;2;6;0;0;1;0;0;0;0;0;1;2
11;1;1300732.0;2020;11;20;6;3;0;4;2;0;0;1;1;0;0;1;1;2
11;9;9301126.0;2020;11;12;1;3;0;1;0;1;0;0;0;0;0;1;1;2
11;4;4400835.0;2020;11;8;4;3;1;5;0;1;1;0;0;0;0;0;1;2
11;2;2500830.0;2020;11;17;2;3;5;3;2;1;1;0;0;0;0;0;1;2
11;6;6300526.0;2020;11;8;1;3;0;1;0;0;1;0;0;0;0;0;1;2
11;10;10100311.0;2020;11;5;5;3;5;2;2;1;1;0;0;0;0;0;1;2
11;1;1400938.0;2020;11;12;1;3;0;1;0;0;0;0;1;0;0;1;1;2
11;1;1300836.0;2020;11;21;7;3;5;2;2;1;1;0;0;0;0;0;1;2
11;12;12100205.0;2020;11;12;1;3;1;5;0;0;1;0;0;0;0;1;1;2
11;2;2200212.0;2020;11;10;4;3;2;3;0;1;0;0;0;0;0;0;1;2
11;10;10200627.0;2020;11;14;1;3;0;1;0;0;0;0;0;0;1;0;1;2
11;8;8401244.0;2020;11;10;5;2;0;1;0;0;0;0;1;0;0;0;1;2
11;6;6300633.0;2020;11;10;1;3;1;1;0;1;0;0;1;0;0;1;1;2
11;12;12100204.0;2020;11;14;3;3;0;6;0;0;1;0;0;0;0;0;1;2
11;6;6100101.0;2020;11;7;6;3;1;5;0;0;1;0;0;0;0;1;1;2
11;2;2200213.0;2020;11;14;4;3;2;6;0;0;1;0;0;0;0;0;1;2
11;4;4501042.0;2020;11;5;1;3;3;6;2;0;1;0;1;0;0;0;1;2
11;10;10200418.0;2020;11;13;5;2;5;3;0;0;1;0;0;0;0;0;1;2
11;1;1100104.0;2020;11;15;3;3;5;2;1;1;1;0;0;0;0;0;1;2
11;6;6100101.0;2020;11;18;6;3;6;7;2;1;0;1;0;0;0;0;1;2
11;1;1100103.0;2020;11;4;1;3;0;1;2;0;0;0;0;0;1;0;1;2
11;12;12200413.0;2020;11;12;3;3;0;1;0;1;0;0;0;0;0;0;1;2
11;10;10100315.0;2020;11;16;2;3;5;7;1;0;1;0;0;0;0;0;1;2
11;7;7100103.0;2020;11;22;7;3;6;4;2;0;1;1;0;0;0;0;1;2
11;3;3601243.0;2020;11;18;5;3;5;2;2;1;1;0;0;0;0;0;1;2
11;6;6400838.0;2020;11;17;2;3;5;3;2;0;1;0;0;0;0;0;1;2
11;3;3601245.0;2020;11;16;6;3;5;3;1;1;1;0;0;0;0;0;1;2
11;10;10300731.0;2020;11;12;3;3;0;2;0;1;1;0;0;0;0;1;1;2
11;4;4300623.0;2020;11;17;1;3;5;7;2;0;1;0;0;0;0;0;1;2
11;11;11200513.0;2020;11;12;1;2;1;5;0;1;0;0;0;0;1;0;1;2
11;9;9501941.0;2020;11;13;7;3;5;2;0;1;1;0;0;0;0;0;1;2
11;10;10200420.0;2020;11;8;2;3;5;2;0;0;1;0;0;0;0;0;1;2
11;7;7400823.0;2020;11;19;6;3;5;2;2;0;1;0;0;0;0;0;1;2
11;12;12200515.0;2020;11;10;4;3;5;2;0;1;1;0;0;0;0;0;1;2
11;12;12200309.0;2020;11;15;1;3;0;2;0;0;1;0;1;0;0;0;1;2
11;6;6100101.0;2020;11;17;7;3;2;6;2;0;1;0;0;0;0;0;1;2
11;3;3400723.0;2020;11;11;5;3;5;3;0;1;1;0;0;0;0;0;1;2
11;5;5100317.0;2020;11;18;3;3;2;6;2;0;1;0;0;0;0;0;1;2
11;1;1100308.0;2020;11;22;6;2;6;2;2;0;0;1;1;0;0;0;1;2
11;12;12200310.0;2020;11;17;1;3;5;3;2;0;1;0;0;0;0;0;1;2
11;12;12400618.0;2020;11;7;3;3;5;2;0;1;0;0;1;0;0;0;1;2
11;8;8401241.0;2020;11;16;2;3;2;6;1;0;1;0;0;0;0;0;1;2
11;10;10100312.0;2020;11;8;7;3;5;3;0;0;1;0;0;0;0;1;1;2
11;9;9200715.0;2020;11;15;5;3;5;2;0;1;0;0;0;0;1;0;1;2
11;1;1300835.0;2020;11;16;2;3;3;2;1;1;1;0;0;0;0;1;1;2
11;10;10300731.0;2020;11;13;6;3;2;6;0;0;1;0;0;0;0;0;1;2
11;11;11100309.0;2020;11;12;3;3;6;4;0;0;0;1;0;0;1;0;1;2