LAND;BEZ;LOR_ab_2021;UJAHR;UMONAT;USTUNDE;UWOCHENTAG;UKATEGORIE;UART;UTYP1;ULICHTVERH;IstRad;IstPKW;IstFuss;IstKrad;IstGkfz;IstSonstige;USTRZUSTAND;LOCKDOWN;COVID
11;6;6100207.0;2020;11;17;1;3;6;2;2;0;1;1;0;0;0;0;1;2
11;5;5100105.0;2020;11;10;7;3;2;6;0;0;1;0;1;0;0;0;1;2
11;11;11100204.0;2020;11;16;1;3;5;3;1;0;1;0;0;0;0;0;1;2
11;1;1200623.0;2020;11;18;4;3;5;3;2;1;1;0;0;0;0;0;1;2
11;11;11400927.0;2020;11;10;2;3;0;1;0;0;0;0;1;0;0;1;1;2
11;8;8100521.0;2020;11;8;6;3;0;7;0;1;0;0;0;0;0;1;1;2
11;4;4200308.0;2020;10;23;7;1;6;4;2;0;1;1;1;0;0;0;1;1
11;7;7601340.0;2020;11;12;3;3;2;6;0;0;1;0;1;0;0;0;1;2
11;12;12200310.0;2020;10;18;7;3;2;6;2;0;1;0;0;0;1;1;1;1
11;3;3601142.0;2020;11;8;5;3;0;6;0;1;1;0;0;0;0;0;1;2
11;4;4300623.0;2020;11;8;3;3;2;6;0;0;1;0;0;0;0;0;1;2
11;2;2200208.0;2020;11;13;6;3;5;2;0;1;1;0;0;0;0;0;1;2
11;12;12100206.0;2020;10;17;7;3;4;5;2;0;1;0;1;0;0;1;1;1
11;2;2500726.0;2020;11;9;3;3;0;1;0;1;0;0;0;0;0;0;1;2
11;2;2500835.0;2020;11;12;7;3;5;2;0;1;1;0;0;0;0;0;1;2
11;2;2400623.0;2020;11;13;5;3;5;3;0;0;1;0;0;0;1;0;1;2
11;8;8100416.0;2020;11;14;2;3;5;3;0;1;1;0;0;0;0;0;1;2
11;2;2200210.0;2020;11;22;5;2;5;2;2;1;0;0;1;0;0;0;1;2
11;12;12500930.0;2020;11;9;3;3;5;7;0;0;1;0;1;0;0;1;1;2
11;1;1200520.0;2020;11;9;7;3;6;4;0;1;0;1;0;0;0;0;1;2
11;8;8100105.0;2020;10;17;7;3;5;3;2;0;1;0;0;0;0;0;1;1
11;8;8100104.0;2020;11;14;4;3;1;5;0;0;1;0;0;0;0;0;1;2
11;10;10200420.0;2020;11;12;6;3;0;7;0;0;1;0;0;0;0;0;1;2
11;12;12200309.0;2020;10;16;7;3;0;2;1;1;0;0;0;0;1;1;1;1
11;5;5200420.0;2020;11;13;3;3;2;7;0;0;1;1;0;0;0;0;1;2
11;1;1100309.0;2020;11;11;6;3;6;7;0;0;0;1;0;1;0;0;1;2
11;1;1300835.0;2020;11;14;4;3;5;3;0;0;1;0;1;0;0;1;1;2
11;2;2200211.0;2020;11;8;6;3;5;2;0;1;0;0;0;0;0;0;1;2
11;7;7300619.0;2020;11;18;4;3;2;6;2;0;1;0;0;0;0;0;1;2
11;3;3400828.0;2020;11;19;1;3;5;3;2;0;1;0;0;0;0;0;1;2
11;1;1100309.0;2020;11;16;5;3;0;3;1;1;0;0;0;0;0;0;1;2
11;9;9200717.0;2020;11;20;3;3;1;5;2;1;0;0;0;0;1;0;1;2
11;7;7400927.0;2020;11;7;6;3;5;3;1;1;1;0;0;0;0;1;1;2
11;10;10400941.0;2020;10;16;7;3;5;3;2;0;1;0;0;0;0;1;1;1
11;9;9501737.0;2020;11;9;4;3;5;2;0;1;1;0;0;0;0;0;1;2
11;1;1100415.0;2020;11;12;1;3;3;6;0;1;1;0;0;0;0;0;1;2
11;4;4400834.0;2020;11;5;5;3;6;2;2;0;1;1;0;0;0;1;1;2
11;11;11200512.0;2020;10;16;7;3;1;5;1;1;1;0;0;0;0;1;1;1
11;1;1100308.0;2020;11;16;3;3;0;5;1;0;1;0;1;0;0;0;1;2
11;9;9200715.0;2020;11;7;6;2;5;2;0;0;1;0;0;1;0;0;1;2
11;9;9501838.0;2020;11;13;4;3;5;3;0;1;1;0;0;0;0;0;1;2
11;2;2200210.0;2020;11;0;1;3;5;3;2;1;1;0;0;0;0;0;1;2
11;5;5100316.0;2020;11;13;5;3;6;4;0;0;0;1;0;0;1;0;1;2
11;12;12200307.0;2020;11;15;3;3;5;7;0;0;1;0;0;0;1;0;1;2
11;10;10100311.0;2020;11;16;6;3;5;3;1;0;1;0;0;0;0;0;1;2
11;2;2200209.0;2020;10;16;7;3;0;2;1;1;0;0;0;0;1;1;1;1
11;9;9100304.0;2020;11;10;3;3;0;3;0;1;1;0;0;0;0;1;1;2
11;7;7601340.0;2020;11;15;2;3;5;7;0;0;1;0;1;0;0;0;1;2
11;7;7300516.0;2020;11;16;5;3;5;3;2;1;1;0;0;0;0;0;1;2
11;9;9502043.0;2020;11;13;3;3;4;7;0;0;1;0;1;0;0;0;1;2
11;9;9502043.0;2020;11;19;6;3;0;3;2;0;1;0;1;0;0;0;1;2
11;8;8100206.0;2020;10;14;7;3;1;5;0;1;1;0;0;0;0;1;1;1
11;10;10300731.0;2020;11;7;4;3;5;3;0;0;1;0;0;0;0;0;1;2
11;2;2400623.0;2020;11;15;2;3;3;6;0;1;1;0;0;0;0;0;1;2
11;5;5300735.0;2020;11;13;7;3;0;7;0;0;1;0;0;0;0;0;1;2
11;2;2300316.0;2020;11;20;5;3;6;7;2;1;0;1;0;0;0;0;1;2
11;10;10100206.0;2020;11;9;2;3;0;1;0;0;0;0;1;0;0;1;1;2
11;1;1401043.0;2020;11;18;6;3;5;3;2;1;1;0;0;0;0;0;1;2
11;1;1400942.0;2020;11;6;4;3;2;6;2;0;1;0;0;0;0;0;1;2
11;11;11401137.0;2020;11;21;2;2;5;5;2;0;1;0;1;0;0;1;1;2
11;5;5300736.0;2020;11;13;1;3;5;2;0;0;1;0;0;0;0;0;1;2
11;4;4200310.0;2020;11;13;7;3;6;7;0;0;1;1;0;0;0;0;1;2
11;1;1400938.0;2020;11;10;5;3;0;5;0;1;1;0;0;0;0;1;1;2
11;11;11100307.0;2020;11;16;3;3;3;5;1;0;1;0;0;0;0;0;1;2
11;10;10400938.0;2020;11;15;6;3;5;3;0;0;1;0;0;0;0;0;1;2
11;12;12100103.0;2020;10;15;7;3;0;2;0;1;1;0;0;0;0;1;1;1
11;4;4501040.0;2020;11;8;3;2;5;2;0;1;1;0;0;0;0;0;1;2
11;6;6300528.0;2020;11;15;2;3;0;6;0;1;0;0;0;1;0;0;1;2
11;4;4400835.0;2020;11;11;7;3;0;2;0;0;1;0;1;0;0;1;1;2
11;3;11300617.0;2020;11;14;5;2;6;6;0;0;1;1;0;0;0;0;1;2
11;6;6300632.0;2020;11;18;2;3;2;6;2;0;1;0;0;0;0;0;1;2
11;6;6200317.0;2020;11;15;2;3;5;3;0;0;1;0;0;0;0;0;1;2
11;5;5200631.0;2020;11;13;6;3;0;6;0;0;1;0;0;0;1;0;1;2
11;9;9501939.0;2020;11;10;3;3;5;3;0;1;1;0;0;0;0;0;1;2
11;8;8100314.0;2020;11;0;7;3;0;7;2;0;0;0;0;0;1;0;1;2
11;12;12500930.0;2020;11;16;5;3;5;2;1;0;1;0;1;0;0;0;1;2
11;1;1300733.0;2020;11;14;2;3;6;7;0;1;0;1;0;0;0;0;1;2
11;1;1300733.0;2020;11;17;2;3;5;3;2;1;1;0;0;0;0;0;1;2
11;1;1100415.0;2020;11;15;6;3;2;6;0;0;1;0;0;0;0;0;1;2
11;5;5100104.0;2020;11;10;3;3;2;2;0;0;1;0;0;0;0;0;1;2
11;10;10100205.0;2020;10;15;7;3;9;6;0;0;1;0;0;0;0;1;1;1
11;2;2200209.0;2020;11;9;1;3;5;3;0;1;1;0;0;0;0;0;1;2
11;3;3500934.0;2020;11;12;7;2;5;3;0;1;1;0;0;0;0;0;1;2
11;6;6300524.0;2020;10;15;7;2;9;1;0;0;1;0;0;0;0;1;1;1
11;9;9200511.0;2020;11;22;4;3;5;2;2;1;0;0;0;0;0;0;1;2
11;4;4400830.0;2020;11;9;3;3;0;1;0;1;0;0;0;0;0;1;1;2
11;7;7400826.0;2020;11;12;6;3;5;3;0;0;1;0;0;1;0;0;1;2
11;3;3501038.0;2020;10;15;7;3;5;3;0;0;1;0;0;0;1;1;1;1
11;1;1200629.0;2020;11;18;3;3;2;2;2;1;1;0;0;0;0;0;1;2
11;8;8200624.0;2020;11;7;6;3;5;3;0;1;1;0;0;0;0;0;1;2
11;7;7300516.0;2020;11;18;4;3;5;2;1;1;1;0;0;0;0;0;1;2
11;5;5400943.0;2020;11;14;2;3;1;5;0;1;1;0;0;0;0;0;1;2
11;6;6300526.0;2020;11;12;2;3;6;4;0;1;0;1;0;0;0;0;1;2
11;6;6100206.0;2020;11;18;5;3;2;6;2;0;1;0;0;0;0;0;1;2
11;4;4200311.0;2020;11;14;3;3;5;3;0;0;1;0;0;0;0;0;1;2
11;1;1100310.0;2020;11;0;7;3;5;2;2;1;1;0;0;0;0;0;1;2
11;5;5100105.0;2020;10;13;7;3;4;2;0;0;1;0;0;0;0;1;1;1
11;5;5300839.0;2020;11;12;4;2;6;7;0;0;0;1;0;0;1;0;1;2
11;11;11100308.0;2020;11;10;7;3;6;4;0;0;1;1;0;0;0;0;1;2
11;3;3601245.0;2020;10;20;7;3;2;6;2;0;1;0;0;0;0;1;1;1
11;3;3601245.0;2020;11;16;4;3;5;3;1;1;1;0;0;0;0;0;1;2
11;7;7400927.0;2020;11;8;2;3;6;7;0;1;0;1;0;0;0;1;1;2
11;3;3601245.0;2020;11;8;6;3;5;2;0;1;0;0;0;1;0;0;1;2
11;2;2500727.0;2020;10;17;7;3;2;6;2;0;1;0;0;0;0;1;1;1
11;7;7200409.0;2020;11;12;3;3;1;5;0;1;1;0;0;0;0;0;1;2
11;8;8401242.0;2020;11;13;6;3;6;7;0;0;1;1;0;0;0;0;1;2
11;1;1100101.0;2020;11;15;4;3;5;2;0;1;1;0;0;0;0;0;1;2
11;6;6300629.0;2020;11;14;2;3;2;6;0;0;1;0;0;0;0;0;1;2
11;12;12400723.0;2020;11;18;1;3;0;7;2;1;0;0;0;0;0;0;1;2
11;7;8200831.0;2020;11;7;5;3;2;3;0;0;1;0;0;0;0;0;1;2
11;1;1200520.0;2020;11;22;3;3;5;3;2;1;1;0;0;0;0;0;1;2
11;6;6100103.0;2020;11;20;6;3;1;5;2;0;1;0;1;0;0;0;1;2
11;8;8300934.0;2020;10;18;7;3;2;6;2;0;1;0;0;0;0;1;1;1
11;4;4501148.0;2020;11;8;4;3;6;4;0;1;0;1;0;0;0;0;1;2
11;11;11300617.0;2020;11;15;2;3;6;4;0;1;0;1;0;0;0;1;1;2
11;6;6400843.0;2020;11;10;1;3;5;2;0;0;1;0;0;0;0;0;1;2
11;8;8200727.0;2020;11;13;5;2;5;3;0;0;1;0;1;0;0;0;1;2
11;11;11200410.0;2020;10;5;7;3;0;1;2;0;1;0;0;0;0;1;1;1
11;2;2500833.0;2020;11;17;3;3;1;5;2;1;1;0;0;0;0;0;1;2
11;2;2300314.0;2020;11;0;6;3;6;4;2;0;1;1;0;0;0;0;1;2
11;4;4300623.0;2020;11;9;4;3;1;5;0;1;1;0;0;0;0;0;1;2
11;6;6100209.0;2020;11;14;1;3;2;2;0;1;1;0;0;0;0;0;1;2
11;3;3501038.0;2020;11;12;5;3;5;3;0;1;1;0;0;0;0;0;1;2
11;11;11100203.0;2020;10;0;7;3;0;1;2;0;1;0;0;0;0;1;1;1
11;3;3601142.0;2020;11;14;3;3;2;7;0;0;1;0;0;0;0;0;1;2
11;5;5100211.0;2020;11;8;6;3;0;1;0;1;0;0;0;0;0;0;1;2
11;2;2200209.0;2020;11;14;4;3;1;5;0;1;1;0;0;0;0;0;1;2
11;7;7400721.0;2020;11;15;5;3;2;7;0;0;1;0;0;0;0;0;1;2
11;9;9401432.0;2020;11;15;3;3;0;7;0;1;0;1;0;0;0;1;1;2
11;6;6400838.0;2020;11;18;6;3;0;6;2;1;0;0;0;0;1;0;1;2
11;4;4100102.0;2020;10;0;7;3;5;2;2;0;1;0;1;0;0;1;1;1
11;8;8200624.0;2020;11;19;3;2;9;1;2;0;1;0;1;0;0;0;1;2
11;2;2300417.0;2020;11;10;2;3;5;3;0;1;1;0;0;0;0;1;1;2
11;2;2300315.0;2020;11;21;7;3;3;6;2;1;0;0;0;0;1;0;1;2
11;2;2200209.0;2020;11;19;5;3;5;2;2;0;1;0;1;0;0;0;1;2
11;5;5100208.0;2020;11;14;2;3;5;3;0;0;1;0;0;0;0;0;1;2
11;11;11300724.0;2020;11;17;2;3;2;2;2;0;1;0;0;0;0;0;1;2
11;3;3200205.0;2020;11;16;6;3;5;2;2;1;1;0;0;0;0;0;1;2
11;6;6400838.0;2020;11;12;4;3;8;1;0;0;1;0;0;0;0;0;1;2
11;9;9401534.0;2020;11;14;2;3;2;2;0;0;1;0;0;0;0;0;1;2
11;8;8100419.0;2020;11;12;1;2;5;3;0;0;1;0;1;0;0;0;1;2
11;10;10400938.0;2020;11;13;7;3;5;3;0;0;1;0;0;0;0;0;1;2
11;3;3501037.0;2020;11;8;5;2;4;6;0;1;0;0;0;0;0;0;1;2
11;1;1100308.0;2020;11;8;3;3;5;2;0;1;1;0;0;0;0;0;1;2
11;10;10100312.0;2020;11;14;6;3;5;2;0;1;1;0;0;0;0;0;1;2
11;5;5100316.0;2020;11;15;1;3;3;6;0;0;1;0;1;0;0;0;1;2
11;10;10200629.0;2020;11;19;7;3;5;2;2;0;1;0;0;0;0;0;1;2
11;8;8100206.0;2020;11;11;5;3;6;4;0;1;0;1;0;0;0;0;1;2
11;12;12200412.0;2020;11;17;3;3;5;2;2;1;0;0;0;0;0;0;1;2
11;10;10100312.0;2020;11;15;6;2;5;7;0;0;1;0;0;0;1;0;1;2
11;7;7300618.0;2020;10;0;7;3;0;1;2;1;0;0;0;0;0;1;1;1
11;9;9200716.0;2020;11;7;3;3;3;6;1;1;0;0;0;0;1;1;1;2
11;8;8200726.0;2020;11;10;2;3;0;4;0;0;0;1;1;0;0;1;1;2
11;5;5200423.0;2020;11;4;7;2;1;1;2;0;1;0;0;0;0;1;1;2
11;7;7200308.0;2020;11;15;5;3;6;4;0;1;0;1;0;0;0;0;1;2
11;10;10400940.0;2020;11;16;2;3;5;2;2;0;1;0;0;0;1;0;1;2
11;9;9501939.0;2020;11;14;6;3;4;6;0;1;0;0;0;0;0;0;1;2
11;11;11400930.0;2020;11;9;3;3;2;2;0;1;1;0;0;0;0;0;1;2
11;9;9501737.0;2020;10;10;7;3;2;7;0;0;1;0;0;0;0;1;1;1
11;4;4400728.0;2020;11;11;7;2;2;2;0;0;1;0;0;0;0;0;1;2
11;5;5200423.0;2020;10;12;7;3;0;7;0;0;1;0;0;0;0;1;1;1
11;1;1200517.0;2020;11;19;4;3;5;2;2;1;1;0;0;0;0;0;1;2
11;11;11401135.0;2020;11;11;2;3;5;3;0;1;1;0;0;0;0;1;1;2
11;4;4300619.0;2020;11;10;6;3;5;2;0;1;1;0;0;0;0;1;1;2
11;5;5100316.0;2020;10;12;7;3;4;6;0;1;0;0;0;0;1;1;1;1
11;8;8401242.0;2020;11;12;3;3;5;3;0;1;1;0;0;0;0;0;1;2
11;10;10200422.0;2020;11;22;6;2;5;2;2;1;1;0;0;0;0;0;1;2
11;11;11400929.0;2020;11;19;4;3;2;2;2;0;1;0;1;0;0;0;1;2
11;10;10300731.0;2020;11;13;2;3;5;3;0;0;1;0;0;0;0;1;1;2
11;4;4200310.0;2020;11;9;2;3;3;2;0;0;1;0;1;0;0;0;1;2
11;4;4400727.0;2020;10;11;7;3;1;7;0;0;1;0;0;0;1;1;1;1
11;12;12100101.0;2020;11;9;3;3;5;3;0;0;1;0;0;0;0;0;1;2
11;7;7100102.0;2020;11;12;7;3;6;4;0;0;1;1;0;0;0;0;1;2
11;12;12500926.0;2020;11;14;5;2;5;2;0;0;1;0;1;0;0;0;1;2
11;4;4200308.0;2020;11;14;2;3;2;2;0;0;0;0;1;0;1;0;1;2
11;9;9301025.0;2020;11;8;5;3;0;7;0;1;0;0;0;0;0;0;1;2
11;5;5200423.0;2020;11;9;3;3;6;2;0;0;1;1;0;0;0;0;1;2
11;1;1200628.0;2020;11;10;7;3;0;6;0;0;1;0;0;0;1;0;1;2
11;4;4200311.0;2020;10;12;7;3;3;2;0;0;1;0;1;0;0;1;1;1
11;7;7400826.0;2020;11;15;4;3;4;6;0;0;1;0;0;0;0;0;1;2
11;9;9200819.0;2020;11;6;2;3;0;7;2;1;1;0;0;0;0;1;1;2
11;12;12200309.0;2020;11;8;6;3;0;2;0;0;1;0;0;0;1;0;1;2
11;3;3601243.0;2020;10;12;7;3;5;7;0;0;1;0;0;0;0;1;1;1
11;5;5100105.0;2020;11;12;3;3;6;7;0;0;1;1;0;0;0;0;1;2
11;9;9401329.0;2020;11;12;6;3;0;2;0;0;1;0;1;0;0;0;1;2
11;2;2400522.0;2020;11;14;4;3;2;6;0;1;0;0;0;0;0;0;1;2
11;7;7601442.0;2020;11;7;5;3;6;4;1;0;1;1;0;0;0;0;1;2
11;1;1200628.0;2020;11;13;3;3;5;7;0;1;1;0;0;0;0;0;1;2
11;3;3300412.0;2020;11;14;6;3;5;3;0;1;1;0;0;0;0;0;1;2
11;2;2400521.0;2020;10;13;7;2;5;3;0;1;0;0;0;0;0;1;1;1
11;2;2400521.0;2020;11;16;5;2;5;2;2;1;0;0;0;0;0;0;1;2
11;9;9501838.0;2020;11;14;3;3;1;5;0;1;1;0;0;0;0;0;1;2
11;6;6100103.0;2020;11;18;6;3;5;3;1;0;1;0;0;0;0;0;1;2
11;1;1100415.0;2020;10;13;7;3;0;1;0;1;0;0;0;0;0;1;1;1
11;1;1100414.0;2020;11;9;4;2;2;6;0;0;1;0;0;0;0;0;1;2
11;5;5200528.0;2020;11;22;1;3;2;6;2;0;1;0;1;0;0;0;1;2
11;7;7400927.0;2020;11;10;5;3;5;3;0;0;0;0;0;0;1;0;1;2
11;12;12200310.0;2020;10;14;7;3;0;7;0;0;1;0;1;0;0;1;1;1
11;11;11401137.0;2020;11;15;3;3;5;2;1;1;1;0;0;0;0;0;1;2
11;5;5200420.0;2020;11;7;6;3;5;3;0;0;1;0;0;0;0;1;1;2
11;5;5300840.0;2020;11;13;4;3;3;6;0;0;1;0;1;0;0;0;1;2
11;7;7501030.0;2020;11;13;2;3;5;3;0;1;1;0;0;0;0;1;1;2
11;8;8200831.0;2020;11;0;1;3;1;5;2;0;1;0;0;0;0;0;1;2
11;1;1200626.0;2020;11;13;5;3;0;2;0;1;0;0;1;0;0;0;1;2
11;3;3300517.0;2020;11;15;3;3;2;2;0;0;1;0;0;0;0;0;1;2
11;9;9301126.0;2020;11;15;6;2;5;3;0;0;1;0;1;0;0;0;1;2
11;6;6200422.0;2020;10;10;7;3;5;3;0;0;1;0;0;0;0;1;1;1
11;12;12500825.0;2020;11;10;3;3;0;1;0;0;0;0;1;0;0;0;1;2
11;3;3300514.0;2020;11;10;2;3;2;6;0;0;1;0;0;1;0;1;1;2
11;4;4100102.0;2020;11;7;7;3;1;5;0;0;0;0;0;1;1;1;1;2
11;1;1100206.0;2020;11;18;5;3;6;6;2;1;0;1;0;0;0;0;1;2
11;6;6400737.0;2020;11;17;2;3;5;2;1;1;1;0;0;0;0;0;1;2
11;3;3601243.0;2020;11;7;4;3;5;3;0;1;1;0;0;0;0;0;1;2
11;2;2200209.0;2020;11;10;2;3;2;6;0;0;1;0;0;0;1;1;1;2
11;1;1401049.0;2020;11;23;7;3;1;5;2;1;1;0;0;0;0;0;1;2
11;4;4500937.0;2020;11;15;5;3;1;5;0;0;1;0;0;0;0;0;1;2
11;11;11501341.0;2020;11;2;2;3;4;6;2;0;1;0;0;0;0;0;1;2
11;1;1100207.0;2020;11;18;6;3;2;3;2;1;1;0;0;0;0;0;1;2
11;10;10200629.0;2020;11;11;4;3;6;4;0;0;1;1;0;0;0;0;1;2
11;1;1100205.0;2020;11;14;1;3;5;2;0;1;1;0;0;0;0;0;1;2
11;11;11501340.0;2020;11;15;7;3;5;3;0;0;1;0;0;0;0;1;1;2
11;5;5200528.0;2020;11;15;5;2;0;7;1;1;0;0;0;0;0;1;1;2
11;2;2300316.0;2020;11;16;3;3;5;2;2;1;0;0;0;0;1;0;1;2
11;8;8301036.0;2020;11;8;6;3;6;4;0;1;0;1;0;0;0;0;1;2
11;4;4500939.0;2020;10;10;7;3;5;3;0;0;1;0;0;0;0;1;1;1
11;9;9200510.0;2020;11;8;3;3;5;3;0;1;1;0;0;0;0;1;1;2
11;12;12100101.0;2020;11;4;2;3;5;3;2;0;1;0;0;0;0;1;1;2
11;1;1200520.0;2020;11;11;7;3;5;3;0;1;1;0;0;0;0;1;1;2
11;10;10100311.0;2020;11;14;5;3;5;2;0;0;1;0;1;0;0;0;1;2
11;7;7400927.0;2020;11;15;2;3;6;4;1;1;0;1;0;0;0;0;1;2
11;4;4200207.0;2020;11;0;6;2;0;1;2;1;0;0;0;0;0;1;1;2
11;12;12200309.0;2020;11;11;3;3;5;3;0;0;1;0;0;0;0;0;1;2
11;10;10200524.0;2020;11;10;7;3;5;2;0;0;1;0;0;0;1;0;1;2
11;7;7400822.0;2020;10;10;7;2;6;2;0;0;1;1;0;0;0;1;1;1
11;2;2100101.0;2020;11;16;4;3;8;1;1;0;1;0;0;0;0;0;1;2
11;12;12200515.0;2020;11;9;2;3;5;2;0;1;1;0;0;0;0;1;1;2
11;5;5200629.0;2020;11;15;6;3;0;1;0;0;0;0;0;0;1;0;1;2
11;8;8100312.0;2020;11;8;3;3;2;6;0;1;1;0;0;0;0;0;1;2
11;12;12400723.0;2020;10;10;7;3;5;2;0;1;1;0;0;0;0;1;1;1
11;12;12601235.0;2020;11;12;1;3;5;3;0;0;1;0;0;0;0;0;1;2
11;9;9502043.0;2020;11;13;7;2;6;4;0;1;0;1;0;0;0;0;1;2
11;1;2400520.0;2020;10;9;7;3;6;4;0;0;1;1;0;0;0;1;1;1
11;5;5100211.0;2020;11;12;5;3;5;3;0;0;1;0;0;0;0;0;1;2
11;6;6100102.0;2020;11;7;3;3;2;7;0;1;1;0;0;0;0;0;1;2
11;7;7300517.0;2020;11;13;6;3;6;4;0;1;0;1;0;0;0;0;1;2
11;1;1100205.0;2020;10;11;7;3;0;1;0;0;0;0;1;0;0;1;1;1
11;2;2200212.0;2020;11;9;3;3;1;5;0;1;1;0;0;0;0;0;1;2
11;2;2400522.0;2020;11;13;7;3;6;4;0;0;1;1;0;0;0;0;1;2
11;2;2300314.0;2020;11;16;5;3;3;6;1;1;0;0;0;0;1;0;1;2
11;1;1100414.0;2020;11;13;2;3;2;7;0;0;0;0;1;0;1;0;1;2
11;4;4500938.0;2020;11;18;5;3;2;6;2;0;1;0;1;0;0;0;1;2
11;2;2300316.0;2020;11;9;3;3;2;6;0;1;0;1;0;0;0;0;1;2
11;12;12100101.0;2020;11;8;7;3;5;3;0;0;1;0;0;0;1;0;1;2
11;2;2500833.0;2020;10;11;7;3;1;5;0;1;1;0;0;0;0;1;1;1
11;5;5100211.0;2020;11;13;4;2;1;5;0;0;1;0;0;0;1;0;1;2
11;1;1100309.0;2020;11;2;6;3;9;1;2;0;0;0;0;0;1;0;1;2
11;7;7601341.0;2020;10;12;7;3;5;2;0;0;1;0;0;0;0;1;1;1
11;5;5200632.0;2020;11;14;3;3;2;2;0;0;1;0;0;0;0;0;1;2
11;1;1200624.0;2020;11;9;6;3;5;2;0;1;1;0;0;0;0;0;1;2
11;11;11100102.0;2020;10;0;7;2;9;1;2;0;1;0;0;0;0;1;1;1
11;12;12200515.0;2020;11;12;3;3;6;2;0;0;0;1;0;0;1;0;1;2
11;10;10400938.0;2020;11;13;6;3;5;3;0;0;1;0;0;0;0;0;1;2
11;6;6200312.0;2020;11;16;4;3;5;3;2;0;1;0;0;0;0;0;1;2
11;3;3501038.0;2020;11;0;1;3;9;1;2;0;1;0;0;0;0;0;1;2
11;7;7300619.0;2020;11;16;5;2;0;6;1;0;1;0;1;0;0;0;1;2
11;5;5100316.0;2020;11;22;3;3;5;3;2;1;1;0;0;0;0;0;1;2
11;2;2200211.0;2020;11;21;6;3;5;2;2;1;1;0;0;0;0;0;1;2
11;7;7601236.0;2020;10;0;7;3;1;5;2;0;1;0;0;0;0;1;1;1
11;1;1300732.0;2020;11;9;4;3;2;6;0;0;1;0;0;0;0;0;1;2
11;9;9200818.0;2020;11;11;1;3;2;2;0;1;1;0;0;0;0;0;1;2
11;2;2300315.0;2020;11;14;5;3;5;2;0;1;1;0;0;0;0;0;1;2
11;4;4501041.0;2020;10;14;6;3;5;3;0;1;1;0;0;0;0;1;1;1
11;12;12500927.0;2020;11;15;3;3;5;3;0;0;1;0;0;0;0;0;1;2
11;1;1200624.0;2020;11;7;6;3;5;2;1;1;1;0;0;0;0;1;1;2
11;2;2400624.0;2020;11;7;4;3;5;3;0;1;1;0;0;0;0;0;1;2
11;7;7300516.0;2020;11;19;7;3;0;2;0;1;1;0;0;0;0;0;1;2
11;4;4400728.0;2020;11;12;5;3;0;2;0;1;1;0;0;0;0;0;1;2
11;10;10300732.0;2020;11;15;3;3;5;3;0;1;1;0;0;0;0;1;1;2
11;5;5200527.0;2020;11;8;6;3;1;5;0;0;1;0;0;0;0;0;1;2
11;9;9200819.0;2020;11;14;4;2;5;2;0;1;1;0;0;0;0;0;1;2
11;3;3400725.0;2020;11;15;5;3;6;4;0;0;1;1;0;0;0;0;1;2
11;7;7400720.0;2020;11;16;3;3;3;1;0;0;1;0;1;0;0;1;1;2
11;12;12100205.0;2020;11;19;6;2;1;7;2;0;1;0;0;0;0;0;1;2
11;2;2500727.0;2020;10;16;6;3;2;6;0;1;1;0;0;0;0;1;1;1
11;9;9100407.0;2020;11;7;4;3;8;1;0;0;1;0;0;0;0;0;1;2
11;6;6100102.0;2020;11;6;2;2;5;2;2;0;1;0;0;0;1;1;1;2
11;12;12200308.0;2020;11;12;7;3;5;3;0;0;1;0;0;0;0;1;1;2
11;1;1300732.0;2020;11;20;5;2;1;5;2;0;1;0;0;0;0;0;1;2
11;3;3701659.0;2020;11;12;2;3;1;5;0;1;1;0;0;0;0;1;1;2
11;2;2100104.0;2020;11;17;2;3;6;4;2;0;1;1;0;0;0;0;1;2
11;6;6100209.0;2020;11;17;6;3;6;7;2;0;1;1;0;0;0;0;1;2
11;1;1100308.0;2020;11;10;4;2;0;1;0;1;0;0;0;0;0;0;1;2
11;2;2400623.0;2020;11;12;2;3;2;6;0;0;1;0;0;0;0;1;1;2
11;8;8100416.0;2020;11;13;1;3;1;5;0;1;1;0;0;0;0;0;1;2
11;11;11100203.0;2020;11;13;7;3;5;2;0;1;1;0;0;0;0;0;1;2
11;7;7300619.0;2020;11;9;5;3;2;6;0;0;1;0;0;0;0;0;1;2
11;7;7100103.0;2020;11;8;3;2;5;2;0;1;1;0;0;0;0;0;1;2
11;12;12400723.0;2020;11;14;6;3;5;2;0;1;0;0;0;0;1;0;1;2
11;9;9501737.0;2020;10;9;6;2;5;7;0;0;1;0;0;0;1;1;1;1
11;4;4501150.0;2020;11;8;3;3;0;6;0;0;1;0;1;0;0;0;1;2
11;9;9301126.0;2020;11;11;7;3;5;2;0;1;1;0;0;0;0;0;1;2
11;4;4501044.0;2020;11;14;5;2;5;2;0;0;1;0;1;0;0;0;1;2
11;2;2300418.0;2020;12;17;3;3;6;4;2;1;0;1;0;0;0;0;1;2