LAND;BEZ;LOR_ab_2021;UJAHR;UMONAT;USTUNDE;UWOCHENTAG;UKATEGORIE;UART;UTYP1;ULICHTVERH;IstRad;IstPKW;IstFuss;IstKrad;IstGkfz;IstSonstige;USTRZUSTAND;LOCKDOWN;COVID
11;9;9100203.0;2020;12;10;7;3;5;2;0;1;1;0;0;0;0;1;1;2
11;7;7501032.0;2020;12;8;4;3;5;3;0;0;1;0;0;0;0;0;1;2
11;5;5100104.0;2020;12;14;5;3;5;3;0;1;1;0;0;0;0;1;1;2
11;2;2500830.0;2020;12;17;2;3;0;3;2;1;0;0;0;0;0;1;1;2
11;5;5400943.0;2020;12;11;2;3;5;3;0;1;1;0;0;0;0;1;1;2
11;8;8100311.0;2020;12;16;3;3;3;6;1;1;1;0;0;0;0;0;1;2
11;12;12500930.0;2020;12;7;3;3;5;2;0;0;1;0;0;1;0;0;1;2
11;4;4500936.0;2020;12;18;5;3;0;7;2;0;0;0;1;0;1;0;1;2
11;7;7200307.0;2020;12;19;4;3;5;3;2;0;1;0;0;0;0;1;1;2
11;1;1100310.0;2020;12;14;2;3;5;2;0;0;1;0;0;0;0;1;1;2
11;2;2200210.0;2020;12;13;7;2;6;2;0;0;1;1;0;0;0;0;1;2
11;7;7601544.0;2020;12;13;1;3;6;7;0;0;1;1;0;0;0;1;1;2
11;5;5100210.0;2020;12;16;5;3;2;6;2;0;1;0;0;0;0;0;1;2
11;2;2100102.0;2020;12;17;5;3;1;5;2;1;1;0;0;0;0;1;1;2
11;1;1401045.0;2020;12;10;5;3;6;7;0;1;0;0;0;0;1;0;1;2
11;9;9200715.0;2020;12;7;4;3;6;2;2;0;0;1;0;0;1;1;1;2
11;4;4501042.0;2020;12;22;1;3;2;6;2;0;1;0;1;0;0;1;1;2
11;7;7601236.0;2020;12;18;7;3;1;1;2;0;1;0;0;0;1;1;1;2
11;12;12200411.0;2020;12;14;2;3;0;6;0;0;1;0;0;0;1;0;1;2
11;2;2400625.0;2020;12;22;5;2;0;7;2;1;0;0;0;0;0;0;1;2
11;7;7501135.0;2020;12;14;6;3;3;7;0;0;1;0;0;0;1;1;1;2
11;6;6300632.0;2020;12;11;6;3;2;6;0;0;1;0;0;1;0;0;1;2
11;8;8100312.0;2020;12;18;4;3;1;5;2;1;1;0;0;0;0;0;1;2
11;1;1100310.0;2020;12;19;5;3;0;3;2;0;1;0;1;0;0;0;1;2
11;11;11300826.0;2020;12;21;1;3;5;3;2;0;1;0;0;0;0;1;1;2
11;12;12500929.0;2020;12;10;2;3;1;5;0;1;1;0;0;0;0;1;1;2
11;1;1100308.0;2020;12;6;3;3;5;3;2;1;1;0;0;0;0;1;1;2
11;1;1100309.0;2020;12;13;2;3;5;3;0;1;0;0;0;0;1;0;1;2
11;9;9200512.0;2020;12;22;5;3;0;1;2;0;0;0;1;0;0;0;1;2
11;2;2500835.0;2020;12;12;7;3;2;6;0;0;1;0;0;0;0;0;1;2
11;6;6100208.0;2020;12;18;3;3;2;6;2;0;1;0;0;0;0;0;1;2
11;7;7400927.0;2020;12;15;1;3;5;2;1;0;1;0;0;0;0;0;1;2
11;2;2100106.0;2020;12;21;5;3;5;3;2;0;1;0;0;0;0;0;1;2
11;5;5200423.0;2020;12;18;5;3;6;4;2;0;0;1;0;0;1;1;1;2
11;3;3601245.0;2020;12;15;3;3;5;3;0;0;1;0;1;0;0;0;1;2
11;9;9100409.0;2020;12;12;6;3;5;3;0;0;1;0;0;0;1;0;1;2
11;11;11401032.0;2020;12;21;3;3;1;7;2;0;1;0;0;0;0;1;1;2
11;8;8401241.0;2020;12;19;5;2;5;2;2;0;1;0;1;0;0;0;1;2
11;11;11400929.0;2020;12;15;6;3;5;7;2;1;1;0;0;0;0;0;1;2
11;7;7501134.0;2020;12;10;4;3;0;1;0;1;0;0;0;0;0;1;1;2
11;5;5100211.0;2020;12;13;4;3;5;3;0;1;1;0;0;0;0;0;1;2
11;4;4300621.0;2020;12;9;5;3;0;1;0;0;1;0;1;0;0;0;1;2
11;3;3400620.0;2020;12;5;5;2;5;2;2;0;1;0;1;0;0;0;1;2
11;8;8301037.0;2020;12;14;1;3;5;3;0;0;1;0;0;0;0;0;1;2
11;11;11400929.0;2020;12;4;1;3;1;5;2;0;1;0;0;0;1;1;1;2
11;9;9100407.0;2020;12;16;3;3;5;2;2;1;1;0;0;0;0;0;1;2
11;3;3500935.0;2020;12;5;2;3;5;3;2;0;1;0;0;0;1;1;1;2
11;8;8100417.0;2020;12;19;5;3;1;5;2;1;1;0;0;0;0;0;1;2
11;8;8100209.0;2020;12;2;7;3;1;5;2;0;1;0;0;0;1;1;1;2
11;1;1100102.0;2020;12;20;7;3;5;2;2;1;1;0;0;0;0;0;1;2
11;4;4501041.0;2020;12;18;5;3;5;3;2;0;1;0;0;0;0;0;1;2
11;12;12400720.0;2020;12;16;1;3;1;5;1;0;1;0;0;0;0;0;1;2
11;1;1100308.0;2020;12;16;5;2;6;4;1;0;1;1;0;0;0;1;1;2
11;3;3601140.0;2020;12;10;6;3;6;2;0;0;1;1;0;0;0;0;1;2
11;7;7400823.0;2020;12;15;1;3;6;2;0;0;1;1;0;0;0;0;1;2
11;1;1300733.0;2020;12;17;2;3;1;5;2;0;1;0;0;0;1;1;1;2
11;12;12400723.0;2020;12;16;3;3;0;5;2;0;1;0;0;0;1;0;1;2
11;6;6100205.0;2020;12;17;5;2;6;4;2;0;1;1;0;0;0;0;1;2
11;11;2500832.0;2020;12;12;4;3;2;6;0;0;1;0;0;0;0;1;1;2
11;4;4501042.0;2020;12;14;1;3;0;6;0;0;1;0;0;0;1;0;1;2
11;10;10100101.0;2020;12;9;7;3;0;1;0;0;0;0;1;0;0;2;1;2
11;7;7300619.0;2020;12;12;2;3;5;2;0;1;0;0;0;0;1;1;1;2
11;5;5100103.0;2020;12;16;5;3;5;3;1;1;1;0;0;0;0;0;1;2
11;11;11200515.0;2020;12;8;6;3;2;6;0;0;1;0;0;0;1;1;1;2
11;7;7200308.0;2020;12;14;3;3;2;6;0;0;1;0;0;0;0;0;1;2
11;10;10200629.0;2020;12;16;5;3;6;2;0;0;1;1;0;0;0;0;1;2
11;10;10100102.0;2020;12;14;1;3;2;6;0;0;1;0;0;0;0;0;1;2
11;2;2200210.0;2020;12;13;1;3;6;7;0;0;0;1;0;0;1;0;1;2
11;2;2300316.0;2020;12;13;2;3;5;3;0;0;1;0;1;0;0;0;1;2
11;2;2200211.0;2020;12;15;5;2;1;5;1;1;1;0;0;0;0;0;1;2
11;2;2400625.0;2020;12;12;6;2;3;6;0;1;0;0;0;0;1;1;1;2
11;4;4501041.0;2020;12;15;7;3;6;7;1;0;0;1;0;0;1;0;1;2
11;3;3400829.0;2020;12;14;5;3;2;6;0;1;1;0;0;0;0;0;1;2
11;5;5100208.0;2020;12;14;5;3;6;7;0;0;0;1;0;0;1;0;1;2
11;9;9200511.0;2020;12;15;5;3;6;4;0;0;1;1;0;0;0;0;1;2
11;12;12200515.0;2020;12;12;1;3;5;3;0;0;1;0;0;0;0;1;1;2
11;6;6300527.0;2020;12;15;2;3;2;6;1;0;1;0;0;0;0;1;1;2
11;4;4501045.0;2020;12;14;3;3;5;2;1;1;1;0;0;0;0;0;1;2
11;4;4300622.0;2020;12;14;5;3;6;4;0;0;1;1;0;0;0;0;1;2
11;2;2200209.0;2020;12;10;4;3;0;1;0;1;0;0;0;0;0;1;1;2
11;11;11200514.0;2020;12;12;1;3;5;2;0;1;0;0;0;0;1;0;1;2
11;1;1401045.0;2020;12;10;7;3;5;2;0;0;1;0;0;0;0;1;1;2
11;9;9200715.0;2020;12;15;2;3;5;2;1;1;1;0;0;0;0;0;1;2
11;12;12400722.0;2020;12;13;5;3;6;7;0;0;1;1;0;0;0;0;1;2
11;6;6200422.0;2020;12;18;6;3;3;6;2;0;1;0;0;0;0;0;1;2
11;7;7501030.0;2020;12;8;7;3;0;1;0;0;0;0;1;0;0;2;1;2
11;6;6200317.0;2020;12;7;4;3;5;3;1;0;1;0;0;0;0;1;1;2
11;12;12500927.0;2020;12;10;5;3;5;3;0;1;0;0;0;0;1;0;1;2
11;5;5100103.0;2020;12;9;1;2;6;2;0;0;1;1;0;0;0;0;1;2
11;11;11501339.0;2020;12;11;2;3;2;6;0;0;1;0;0;0;0;1;1;2
11;3;3400619.0;2020;12;12;7;3;2;7;0;0;1;0;0;0;0;0;1;2
11;2;2100102.0;2020;12;11;4;3;5;7;0;0;1;0;0;0;0;0;1;2
11;4;4300415.0;2020;12;17;5;3;0;7;2;1;1;0;0;0;0;0;1;2
11;12;12500824.0;2020;12;9;1;3;5;3;0;0;1;0;0;0;0;1;1;2
11;8;8100415.0;2020;12;11;2;2;6;2;0;0;1;1;0;0;0;0;1;2
11;12;12100204.0;2020;12;12;3;3;6;4;0;0;1;1;0;0;0;1;1;2
11;1;1300834.0;2020;12;12;5;3;5;2;0;1;1;0;0;0;0;0;1;2
11;2;2300316.0;2020;12;6;4;3;6;2;2;0;1;1;0;0;0;1;1;2
11;9;9100306.0;2020;12;7;1;3;6;7;2;0;1;1;0;0;0;1;1;2
11;8;8100312.0;2020;12;16;7;3;6;7;1;0;1;1;0;0;0;0;1;2
11;10;10300733.0;2020;12;23;1;3;8;1;2;0;1;0;0;0;0;1;1;2
11;7;7400927.0;2020;12;12;5;2;5;2;0;1;0;0;0;1;0;0;1;2
11;1;1100310.0;2020;12;14;6;3;1;5;0;1;1;0;0;0;0;0;1;2
11;3;3701657.0;2020;12;14;3;3;0;1;0;1;0;0;0;0;0;0;1;2
11;4;4300622.0;2020;12;19;6;3;5;7;2;0;1;0;0;0;0;0;1;2
11;2;2500726.0;2020;12;14;4;3;5;2;0;0;1;0;0;0;1;0;1;2
11;7;7400824.0;2020;12;8;5;3;1;5;0;1;1;0;0;0;0;0;1;2
11;12;12200309.0;2020;12;20;7;3;6;7;2;0;1;1;0;0;0;0;1;2
11;5;5100312.0;2020;12;23;2;3;1;1;2;0;1;0;0;0;1;1;1;2
11;7;7601341.0;2020;12;17;3;3;2;6;2;0;1;0;0;1;0;1;1;2
11;8;8100311.0;2020;12;11;2;3;0;2;0;0;1;0;0;0;1;0;1;2
11;4;4500937.0;2020;12;11;5;3;6;2;0;0;1;1;0;0;0;0;1;2
11;5;5200632.0;2020;12;9;7;3;0;7;0;1;0;0;0;0;0;2;1;2
11;1;1100206.0;2020;12;17;3;3;5;2;2;1;1;0;0;0;0;0;1;2
11;5;5100105.0;2020;12;3;3;3;1;7;2;0;1;0;0;0;1;1;1;2
11;3;3701659.0;2020;12;10;5;3;0;3;0;0;1;0;1;0;0;1;1;2
11;1;1100207.0;2020;12;17;4;2;5;3;1;1;1;0;0;0;0;0;1;2
11;3;3500934.0;2020;12;13;7;3;5;3;0;0;1;0;1;0;0;0;1;2
11;2;2500832.0;2020;12;20;1;3;2;6;2;0;1;0;0;0;0;1;1;2
11;8;8100208.0;2020;12;9;5;3;5;3;0;0;1;0;0;0;0;0;1;2
11;7;7200414.0;2020;12;10;5;3;2;6;0;0;1;0;0;0;0;0;1;2
11;12;12500930.0;2020;12;14;6;3;5;2;0;0;1;0;0;0;0;0;1;2
11;3;3400830.0;2020;12;11;4;3;1;5;0;1;1;0;0;0;0;1;1;2
11;5;5100101.0;2020;12;21;3;2;9;1;2;0;1;0;0;0;0;1;1;2
11;7;7601339.0;2020;12;12;5;3;5;3;0;1;1;0;0;0;0;0;1;2
11;6;6100205.0;2020;12;15;5;2;0;7;1;0;1;0;0;0;0;0;1;2
11;2;2200210.0;2020;12;19;7;3;2;7;2;0;1;0;0;0;0;0;1;2
11;6;6200313.0;2020;12;13;1;3;5;2;0;1;0;0;0;0;1;0;1;2
11;4;4501153.0;2020;12;17;3;3;2;6;2;0;1;0;0;0;0;0;1;2
11;3;3400619.0;2020;12;19;2;3;2;6;2;0;1;0;0;0;0;1;1;2
11;9;11501341.0;2020;12;7;5;3;5;3;0;1;1;0;0;0;0;0;1;2
11;11;11401136.0;2020;12;22;6;3;1;5;2;0;1;0;0;0;0;1;1;2
11;1;1100102.0;2020;12;16;7;3;5;3;2;0;1;0;0;0;0;0;1;2
11;6;6100205.0;2020;12;14;4;3;6;3;0;0;1;1;0;0;0;0;1;2
11;4;4400831.0;2020;12;15;5;3;6;7;1;0;1;1;0;0;0;0;1;2
11;2;2100104.0;2020;12;12;6;3;0;1;0;1;0;0;0;0;0;0;1;2
11;8;8100314.0;2020;12;15;7;3;2;7;0;1;1;0;0;0;1;0;1;2
11;2;2200208.0;2020;12;16;2;3;6;4;2;0;1;1;0;0;0;0;1;2
11;10;10400941.0;2020;12;12;7;3;5;3;0;0;1;0;0;0;0;1;1;2
11;4;4501153.0;2020;12;18;4;3;5;2;2;1;1;0;0;0;0;0;1;2
11;4;4200308.0;2020;12;0;7;3;2;6;2;0;1;0;0;0;0;0;1;2
11;1;1100415.0;2020;12;17;5;3;1;5;2;1;1;0;0;0;0;1;1;2
11;5;5100312.0;2020;12;7;6;3;6;4;1;0;1;1;0;0;0;0;1;2
11;8;8401139.0;2020;12;19;7;3;5;3;2;0;1;0;0;0;0;0;1;2
11;11;11400930.0;2020;12;22;2;3;5;3;2;0;1;0;1;0;0;1;1;2
11;4;4501042.0;2020;12;18;3;3;2;6;2;0;1;0;0;0;0;0;1;2
11;10;10300734.0;2020;12;15;4;3;6;4;1;0;1;1;0;0;0;0;1;2
11;10;10400941.0;2020;12;7;4;3;5;3;0;1;1;0;0;0;0;0;1;2
11;12;12200412.0;2020;12;19;7;2;5;3;2;0;1;0;1;0;0;0;1;2
11;9;9501737.0;2020;12;13;7;3;0;1;0;1;0;0;0;0;0;1;1;2
11;3;11300618.0;2020;12;17;2;3;6;2;2;0;1;1;0;0;0;0;1;2
11;4;4500937.0;2020;12;23;4;3;2;6;2;0;1;0;0;0;0;0;1;2
11;10;10400837.0;2020;12;11;6;3;2;2;0;0;1;0;0;1;0;1;1;2
11;5;4200308.0;2020;12;13;7;3;2;6;0;0;1;0;0;0;0;0;1;2
11;1;1100310.0;2020;12;13;5;3;5;2;0;1;1;0;0;0;0;0;1;2
11;7;7200308.0;2020;12;22;5;3;5;3;2;1;1;0;0;0;0;0;1;2
11;1;1100103.0;2020;12;18;7;3;5;3;2;0;1;0;0;0;0;0;1;2
11;10;10100312.0;2020;12;13;2;3;5;2;0;0;1;0;0;0;1;1;1;2
11;8;8200833.0;2020;12;14;3;3;0;6;0;0;0;0;0;0;1;0;1;2
11;12;12200310.0;2020;12;20;4;3;5;2;2;0;1;0;0;0;0;0;1;2
11;5;5100313.0;2020;12;7;4;2;6;4;1;0;0;1;0;0;1;1;1;2
11;3;3100102.0;2020;12;12;7;2;5;2;0;1;1;0;0;0;0;1;1;2
11;9;9200715.0;2020;12;19;7;3;5;3;2;0;1;0;0;0;1;0;1;2
11;7;7400823.0;2020;12;8;2;3;5;3;0;0;1;0;0;0;0;1;1;2
11;11;11100205.0;2020;12;15;3;3;8;1;0;0;1;0;0;0;0;0;1;2
11;12;12400619.0;2020;12;18;4;3;2;2;2;1;1;0;0;0;0;0;1;2
11;8;8100314.0;2020;12;11;4;3;5;2;0;1;1;0;0;0;0;0;1;2
11;8;8401245.0;2020;12;12;7;3;5;7;0;0;1;0;0;0;1;0;1;2
11;4;4300619.0;2020;12;11;7;3;2;6;0;0;1;0;0;0;0;0;1;2
11;12;12200515.0;2020;12;12;2;3;6;7;0;0;1;1;0;0;0;0;1;2
11;5;5300737.0;2020;12;17;4;3;2;6;2;0;1;0;0;0;0;0;1;2
11;1;1100310.0;2020;12;6;6;3;5;2;2;0;1;0;0;0;1;1;1;2
11;8;8401243.0;2020;12;11;7;3;2;6;0;0;1;0;0;0;0;1;1;2
11;2;2300315.0;2020;12;9;4;3;5;3;0;1;0;0;1;0;0;1;1;2
11;10;10400836.0;2020;12;16;5;3;1;5;2;0;1;0;0;0;0;0;1;2
11;5;5200632.0;2020;12;17;7;3;5;2;2;1;0;0;0;0;1;0;1;2
11;11;11300721.0;2020;12;11;2;3;2;6;0;0;1;0;0;0;0;1;1;2
11;8;8200726.0;2020;12;9;3;3;6;3;1;0;1;1;0;0;0;0;1;2
11;5;5100101.0;2020;12;13;4;3;8;1;0;0;1;1;0;0;0;0;1;2
11;10;10100206.0;2020;12;21;4;2;5;3;2;0;1;0;0;0;1;0;1;2
11;3;3501037.0;2020;12;17;7;3;2;6;1;0;1;0;0;0;0;0;1;2
11;2;3601453.0;2020;12;14;7;2;6;7;0;0;1;1;0;0;0;0;1;2
11;4;4501042.0;2020;12;14;1;3;2;6;0;0;1;0;0;0;0;0;1;2
11;9;9401635.0;2020;12;16;4;2;5;2;0;0;1;0;1;0;0;0;1;2
11;4;4501152.0;2020;12;15;5;3;5;2;1;1;1;0;0;0;0;0;1;2
11;7;7200307.0;2020;12;15;6;3;5;3;1;1;1;0;0;0;0;0;1;2
11;1;1200519.0;2020;12;1;4;2;9;1;2;0;1;0;0;0;0;0;1;2
11;1;1100102.0;2020;12;17;4;3;5;2;2;1;1;0;0;0;0;0;1;2
11;5;5100315.0;2020;12;16;6;3;5;3;2;0;1;0;0;0;1;1;1;2
11;4;4200311.0;2020;12;15;6;3;5;3;0;0;1;0;1;0;0;0;1;2
11;2;2200208.0;2020;12;19;4;3;0;2;2;1;1;0;0;0;0;0;1;2
11;1;1100207.0;2020;12;19;5;3;5;2;2;1;1;0;0;0;0;0;1;2
11;12;12400618.0;2020;12;11;7;3;5;3;0;0;1;0;0;0;0;0;1;2
11;3;3601451.0;2020;12;10;2;3;0;1;0;0;0;0;1;0;0;1;1;2
11;9;9300923.0;2020;12;18;3;3;0;3;2;1;1;0;0;0;0;0;1;2
11;2;2400522.0;2020;12;0;3;2;0;1;2;1;0;0;0;0;0;0;1;2
11;7;7601339.0;2020;12;7;4;3;6;2;1;0;1;1;0;0;0;0;1;2
11;3;3601245.0;2020;12;15;4;2;5;2;1;1;1;0;0;0;0;1;1;2
11;12;12500926.0;2020;12;12;7;3;6;2;0;0;1;1;0;0;0;1;1;2
11;10;10100206.0;2020;12;13;3;2;2;3;0;0;1;0;1;0;0;0;1;2
11;5;5400942.0;2020;12;16;1;3;8;1;2;0;0;0;1;0;0;0;1;2
11;5;5100208.0;2020;12;14;4;2;3;6;0;0;1;0;0;0;0;0;1;2
11;3;3601245.0;2020;12;13;5;3;6;7;0;0;1;1;0;0;0;0;1;2
11;4;4200308.0;2020;12;15;3;2;2;6;0;0;0;0;1;1;0;0;1;2
11;3;3601244.0;2020;12;14;6;3;5;3;0;0;1;0;0;0;0;0;1;2
11;5;5300736.0;2020;12;20;3;3;5;3;2;0;1;0;0;0;0;1;1;2
11;10;10200524.0;2020;12;11;4;3;6;4;0;0;1;1;0;0;0;0;1;2
11;11;11501341.0;2020;12;16;5;3;0;3;2;0;1;0;0;0;1;0;1;2
11;12;12100204.0;2020;12;11;7;3;6;4;0;0;1;1;0;0;0;0;1;2
11;5;5200629.0;2020;12;13;1;3;2;6;1;0;1;0;0;0;0;0;1;2
11;6;6100206.0;2020;12;17;2;3;0;6;2;0;0;0;0;0;1;1;1;2
11;6;6400737.0;2020;12;13;4;2;6;7;0;0;1;1;0;0;0;0;1;2
11;7;7501031.0;2020;12;19;1;3;9;1;2;0;1;0;0;0;0;0;1;2
11;6;6200423.0;2020;12;14;3;3;3;6;0;0;1;0;0;0;0;0;1;2
11;6;6200315.0;2020;12;6;4;3;5;2;2;1;0;0;0;0;0;0;1;2
11;8;8401241.0;2020;12;19;1;3;5;3;2;0;1;0;0;0;0;0;1;2
11;2;2400522.0;2020;12;18;1;3;0;1;2;0;0;0;1;0;0;0;1;2
11;6;6100205.0;2020;12;13;5;3;5;3;0;0;1;0;0;0;0;0;1;2
11;3;3200204.0;2020;12;15;1;3;0;1;0;0;0;0;1;0;0;1;1;2
11;4;4200206.0;2020;12;12;1;2;0;1;0;1;0;0;0;0;0;0;1;2
11;8;8401139.0;2020;12;13;5;3;5;3;0;0;1;0;0;0;0;0;1;2
11;3;3400723.0;2020;12;11;1;3;1;5;0;1;1;0;0;0;0;0;1;2
11;8;8300935.0;2020;12;11;7;2;5;2;0;0;1;0;0;0;0;1;1;2
11;9;9301228.0;2020;12;14;3;2;5;2;0;1;1;0;0;0;0;1;1;2
11;8;8100104.0;2020;12;11;4;3;2;6;0;0;1;0;0;0;1;1;1;2
11;7;7100103.0;2020;12;19;7;3;1;7;2;0;1;0;0;0;0;1;1;2
11;3;3100103.0;2020;12;16;7;2;4;6;2;0;1;0;0;0;0;1;1;2
11;2;2300316.0;2020;12;14;4;3;2;6;0;0;1;0;0;0;0;1;1;2
11;2;2200209.0;2020;12;17;7;3;0;2;2;0;1;0;1;0;0;1;1;2
11;9;9200510.0;2020;12;11;7;2;5;3;0;1;1;0;0;0;0;0;1;2
11;4;4400834.0;2020;12;8;3;3;0;1;0;1;0;0;0;0;0;1;1;2
11;8;8100314.0;2020;12;16;4;3;5;7;1;0;1;0;1;0;0;1;1;2
11;3;3400619.0;2020;12;21;6;3;2;6;2;0;1;0;0;0;1;0;1;2
11;12;12601133.0;2020;12;13;6;3;5;3;0;0;1;0;0;0;0;1;1;2
11;7;7501134.0;2020;12;11;3;3;2;6;0;0;1;0;0;0;0;1;1;2
11;9;9100304.0;2020;12;17;4;3;5;3;2;0;1;0;0;0;0;1;1;2
11;7;7501029.0;2020;12;13;6;3;5;3;0;0;1;0;0;0;0;1;1;2
11;4;4100101.0;2020;12;20;5;3;6;7;2;0;1;0;0;0;1;1;1;2
11;1;1200628.0;2020;12;14;5;2;5;3;0;0;1;0;1;0;0;0;1;2
11;2;2200210.0;2020;12;23;5;3;6;2;2;0;1;1;0;0;0;1;1;2
11;1;1401049.0;2020;12;15;5;3;5;2;1;0;1;0;0;0;0;1;1;2
11;6;6200421.0;2020;12;19;5;2;6;4;2;0;1;1;0;0;0;1;1;2
11;6;6100102.0;2020;12;14;5;3;2;6;1;0;1;0;0;0;0;1;1;2
11;6;6200422.0;2020;12;12;4;2;0;7;0;0;1;0;0;0;1;0;1;2
11;9;9200510.0;2020;12;11;5;3;2;6;0;1;1;0;0;0;0;1;1;2
11;2;2200210.0;2020;12;11;5;3;5;3;0;0;1;0;0;0;0;1;1;2
11;8;8200730.0;2020;12;10;5;3;6;7;0;0;1;1;0;0;0;0;1;2
11;5;5300736.0;2020;12;9;5;3;5;2;1;0;1;0;0;0;0;1;1;2
11;8;8401242.0;2020;12;11;4;3;5;3;0;0;1;0;0;0;0;1;1;2
11;1;1400942.0;2020;12;6;5;3;2;6;2;0;1;0;0;0;1;1;1;2
11;12;12200515.0;2020;12;14;4;3;1;5;0;0;1;0;0;0;1;1;1;2
11;7;7200307.0;2020;12;8;3;2;0;1;0;1;0;0;0;0;0;1;1;2
11;8;8401244.0;2020;12;17;4;3;6;2;2;0;1;1;0;0;0;1;1;2
11;2;2200213.0;2020;12;18;2;3;2;3;2;1;1;0;0;0;0;1;1;2
11;4;4300416.0;2020;12;9;4;3;1;5;0;1;1;0;0;0;0;0;1;2
11;9;9100305.0;2020;12;9;3;3;6;2;0;0;1;1;0;0;0;1;1;2
11;4;4300622.0;2020;12;17;4;2;6;4;2;0;0;1;0;0;1;1;1;2
11;8;8100312.0;2020;12;17;2;3;2;7;2;1;1;0;0;0;0;1;1;2
11;9;9200510.0;2020;12;14;4;3;5;3;0;1;1;0;0;0;0;0;1;2
11;6;6200317.0;2020;12;8;3;3;0;1;0;1;0;0;0;0;0;2;1;2
11;4;4300518.0;2020;12;16;4;3;5;3;2;1;1;0;0;0;0;1;1;2
11;11;11401135.0;2020;12;9;3;2;0;1;0;1;0;0;0;0;0;2;1;2
11;12;12200309.0;2020;12;17;4;3;0;7;2;1;0;0;0;0;0;1;1;2
11;2;2200207.0;2020;12;17;4;3;1;5;2;1;1;0;0;0;0;1;1;2
11;10;10100209.0;2020;12;19;5;3;4;6;2;0;1;0;0;0;0;1;1;2
11;4;4300517.0;2020;12;12;4;3;1;5;0;0;1;0;1;0;0;0;1;2
11;9;9502042.0;2020;12;9;3;3;1;1;0;1;1;0;0;0;0;2;1;2
11;8;8301037.0;2020;12;12;4;3;6;7;0;0;0;1;0;0;1;0;1;2
11;9;9501941.0;2020;12;13;4;3;5;3;0;0;1;0;0;0;0;0;1;2
11;4;4100101.0;2020;12;13;5;3;0;5;0;0;1;0;1;0;0;1;1;2
11;1;1401045.0;2020;12;20;4;3;6;4;2;0;1;1;0;0;0;1;1;2
11;6;6100101.0;2020;12;8;3;3;0;1;0;1;0;0;0;0;0;2;1;2
11;3;3400723.0;2020;12;11;4;3;2;6;0;0;1;0;0;0;1;0;1;2
11;11;11300722.0;2020;12;14;2;3;2;6;0;0;1;0;0;0;0;0;1;2
11;5;5100315.0;2020;12;11;4;2;5;2;0;1;1;0;0;0;0;0;1;2
11;7;7300517.0;2020;12;19;4;3;6;2;2;0;1;1;0;0;0;1;1;2
11;8;8100415.0;2020;12;0;5;2;1;5;2;0;1;0;0;0;1;1;1;2
11;3;3400724.0;2020;12;11;4;3;0;3;0;1;0;0;1;0;0;0;1;2
11;6;6100102.0;2020;12;19;4;3;5;3;2;1;1;0;0;0;0;1;1;2
11;9;9401635.0;2020;12;10;2;3;3;6;0;1;1;0;0;0;0;1;1;2
11;9;9100203.0;2020;12;15;4;2;6;7;0;0;1;1;0;0;0;0;1;2
11;3;3300514.0;2020;12;8;3;3;5;2;0;1;1;0;0;0;0;1;1;2
11;7;7601238.0;2020;12;1;3;3;0;7;2;0;1;0;0;0;0;1;1;2
11;1;1401045.0;2020;12;9;4;3;3;6;0;1;0;0;0;0;0;0;1;2
11;1;1200623.0;2020;12;19;2;3;6;2;2;0;1;1;0;0;0;1;1;2
11;8;8200624.0;2020;12;17;4;3;6;4;2;0;1;1;0;0;0;1;1;2
11;11;11300620.0;2020;12;18;4;3;6;2;2;0;1;1;0;0;0;1;1;2
11;2;2200211.0;2020;12;17;4;3;6;4;2;0;1;1;0;0;0;1;1;2
11;7;7400720.0;2020;12;18;5;3;5;2;2;0;1;0;0;0;0;0;1;2
11;11;11300617.0;2020;12;17;4;3;2;6;2;0;1;0;0;0;0;1;1;2
11;7;7100102.0;2020;12;22;3;3;0;2;2;0;1;0;1;0;0;0;1;2
11;7;7100101.0;2020;12;17;4;3;5;2;2;0;1;0;0;0;0;1;1;2
11;9;9200717.0;2020;12;13;4;3;5;3;0;0;1;0;1;0;0;0;1;2
11;2;2400625.0;2020;12;16;3;2;7;7;2;0;0;0;1;0;0;1;1;2
11;1;1400937.0;2020;12;12;5;3;5;3;0;0;1;0;0;0;0;0;1;2
11;10;10100102.0;2020;12;13;3;3;3;2;0;0;1;0;0;0;0;1;1;2
11;4;4200310.0;2020;12;14;3;3;5;2;0;1;1;0;0;0;0;0;1;2
11;5;5100316.0;2020;12;11;3;3;2;6;0;0;1;0;0;0;0;1;1;2
11;12;12601134.0;2020;12;16;4;3;6;4;2;0;1;1;0;0;0;0;1;2
11;9;9100306.0;2020;12;11;3;3;2;2;0;0;1;0;0;0;1;1;1;2
11;8;8100520.0;2020;12;18;3;3;6;2;2;0;1;1;0;0;0;1;1;2
11;2;2100101.0;2020;12;10;3;3;5;3;0;0;1;0;1;0;0;1;1;2