LAND;BEZ;LOR_ab_2021;UJAHR;UMONAT;USTUNDE;UWOCHENTAG;UKATEGORIE;UART;UTYP1;ULICHTVERH;IstRad;IstPKW;IstFuss;IstKrad;IstGkfz;IstSonstige;USTRZUSTAND;LOCKDOWN;COVID
11;9;9501838.0;2020;12;17;2;3;0;7;2;0;1;0;0;0;0;1;1;2
11;1;1100312.0;2020;12;16;4;3;5;3;2;1;1;0;0;0;0;1;1;2
11;10;10400837.0;2020;12;13;2;3;0;1;0;1;0;0;0;0;0;0;1;2
11;1;1300836.0;2020;12;11;4;2;5;3;0;1;1;0;0;0;0;1;1;2
11;1;1401045.0;2020;12;9;3;3;2;6;0;0;1;0;0;0;0;1;1;2
11;9;9100409.0;2020;12;1;2;3;9;1;2;0;1;0;0;0;0;1;1;2
11;6;6300527.0;2020;12;17;4;3;5;2;2;1;0;0;0;0;1;0;1;2
11;6;6400844.0;2020;12;8;3;2;6;2;2;0;1;1;0;0;0;1;1;2
11;8;8401241.0;2020;12;2;3;3;0;1;2;0;0;0;1;0;0;1;1;2
11;3;3300516.0;2020;12;19;3;3;6;4;2;0;1;1;0;0;0;1;1;2
11;1;1100206.0;2020;12;22;5;3;1;5;2;1;0;0;0;0;1;1;1;2
11;11;11300620.0;2020;12;19;3;2;2;6;2;0;1;0;0;0;0;1;1;2
11;4;4501041.0;2020;12;11;3;3;2;6;0;1;1;0;0;0;0;1;1;2
11;6;6200317.0;2020;12;17;3;3;0;6;2;0;1;0;1;0;0;0;1;2
11;3;3300413.0;2020;12;9;5;3;5;2;0;1;1;0;0;0;0;1;1;2
11;7;7100205.0;2020;12;17;3;3;5;3;2;0;1;0;0;0;0;1;1;2
11;3;3501038.0;2020;12;13;5;3;5;3;0;1;1;0;0;0;0;0;1;2
11;3;3200308.0;2020;12;17;3;3;6;2;2;0;1;1;0;0;0;1;1;2
11;10;10200422.0;2020;12;16;3;2;0;7;2;0;1;0;0;0;0;1;1;2
11;7;7400823.0;2020;12;11;4;3;5;2;0;0;1;0;0;0;1;1;1;2
11;1;3701556.0;2020;12;16;3;3;2;6;2;0;1;0;0;0;0;1;1;2
11;2;2100106.0;2020;12;16;3;3;6;4;2;0;1;1;0;0;0;1;1;2
11;2;2200209.0;2020;12;3;1;3;5;2;2;0;1;0;0;0;0;0;1;2
11;7;7400823.0;2020;12;7;4;3;6;2;1;0;1;1;0;0;0;1;1;2
11;12;12400722.0;2020;12;17;3;3;5;3;2;0;1;0;0;0;0;1;1;2
11;1;1100313.0;2020;12;14;3;3;5;3;0;0;1;0;0;0;1;0;1;2
11;1;1100207.0;2020;12;16;3;3;6;2;2;0;1;1;0;0;0;1;1;2
11;1;1300732.0;2020;12;14;4;3;2;2;0;0;1;0;0;1;0;0;1;2
11;12;12301203.0;2019;1;13;6;3;5;3;0;1;1;0;0;0;0;1;0;0
11;3;3040818.0;2019;1;9;5;3;5;3;0;1;1;0;0;0;0;0;0;0
11;12;12103115.0;2019;3;21;6;3;0;1;2;1;0;0;0;0;0;0;0;0
11;6;6040703.0;2019;1;7;6;2;6;4;1;0;1;1;0;0;0;1;0;0
11;7;7030303.0;2019;2;15;3;3;2;6;0;0;1;0;0;0;0;0;0;0
11;5;5020629.0;2019;1;7;5;3;2;6;2;0;1;0;0;0;0;1;0;0
11;5;5020524.0;2019;1;8;3;3;6;6;0;0;1;1;0;0;0;0;0;0
11;2;2050602.0;2019;1;7;5;3;6;2;0;0;1;1;0;0;0;1;0;0
11;5;5020524.0;2019;2;18;1;3;5;2;2;0;1;0;0;0;0;0;0;0
11;7;7050502.0;2019;1;17;5;3;3;2;2;0;1;0;0;0;1;0;0;0
11;7;7040402.0;2019;1;18;5;3;2;6;2;0;1;0;0;0;1;0;0;0
11;4;4051551.0;2019;1;16;5;2;0;1;2;0;0;0;1;0;0;0;0;0
11;4;4010101.0;2019;2;12;6;3;2;6;0;0;0;0;0;1;1;0;0;0
11;1;1011204.0;2019;3;13;5;3;2;6;0;0;1;0;0;0;0;0;0;0
11;4;4041133.0;2019;1;17;4;3;2;6;2;0;1;0;0;0;0;1;0;0
11;1;1011202.0;2019;1;12;4;3;2;6;0;0;1;0;0;0;0;1;0;0
11;3;3020209.0;2019;1;13;4;3;5;3;0;0;1;0;0;1;0;0;0;0
11;12;12103219.0;2019;1;17;4;3;6;2;2;0;1;1;0;0;0;1;0;0
11;9;9020601.0;2019;1;6;4;3;3;6;2;0;1;0;1;0;0;1;0;0
11;1;1033203.0;2019;2;6;7;2;5;2;2;0;1;0;1;0;0;0;0;0
11;9;9010302.0;2019;1;5;4;3;3;6;2;0;1;0;0;1;0;1;0;0
11;1;1011202.0;2019;1;11;1;3;5;3;0;1;0;0;0;0;0;1;0;0
11;2;2050602.0;2019;1;8;4;3;5;3;1;1;1;0;0;0;0;1;0;0
11;12;12301203.0;2019;2;15;6;3;5;3;0;0;1;0;0;0;1;0;0;0
11;3;3061429.0;2019;1;7;4;3;6;4;2;0;1;1;0;0;0;1;0;0
11;4;4010103.0;2019;1;7;4;3;2;6;2;0;1;0;0;0;0;1;0;0
11;6;6040703.0;2019;1;7;4;2;6;2;2;0;1;1;0;0;0;1;0;0
11;6;6030605.0;2019;2;18;3;3;2;6;2;0;1;0;0;0;0;0;0;0
11;6;6040702.0;2019;1;9;3;3;2;6;0;0;1;0;0;0;0;1;0;0
11;7;7050501.0;2019;2;10;7;3;2;6;0;0;1;0;0;0;0;0;0;0
11;1;1011105.0;2019;1;19;3;3;2;6;2;0;1;0;0;0;0;1;0;0
11;2;2050802.0;2019;1;19;3;3;2;6;2;1;0;0;0;0;0;1;0;0
11;7;7050502.0;2019;1;17;3;3;5;3;2;0;1;0;0;0;0;1;0;0
11;10;10010309.0;2019;2;10;4;2;5;3;0;1;1;0;0;0;0;0;0;0
11;4;4041239.0;2019;3;14;4;3;2;6;0;0;1;0;0;0;0;0;0;0
11;3;3051017.0;2019;1;12;3;3;4;1;0;0;1;0;0;0;0;1;0;0
11;7;7040401.0;2019;1;19;2;3;6;4;2;0;0;1;0;0;1;1;0;0
11;6;6040701.0;2019;1;17;4;2;0;1;2;0;0;0;1;0;0;1;0;0
11;7;7050501.0;2019;1;12;1;3;6;2;0;0;1;1;0;0;0;0;0;0
11;4;4041134.0;2019;2;5;6;3;0;1;1;0;0;0;1;0;0;1;0;0
11;2;2050602.0;2019;1;11;7;3;5;2;0;0;1;0;0;0;0;0;0;0
11;1;1011202.0;2019;1;11;1;3;5;3;0;1;0;0;0;0;0;1;0;0
11;12;12103218.0;2019;1;7;6;3;2;2;1;0;1;0;0;0;0;1;0;0
11;9;9010302.0;2019;1;19;6;3;2;6;2;0;1;0;0;0;0;0;0;0
11;7;7070701.0;2019;2;12;6;3;5;2;0;1;1;0;0;0;0;0;0;0
11;3;3040818.0;2019;1;18;6;3;5;3;2;1;1;0;0;0;0;1;0;0
11;3;3040513.0;2019;1;20;4;3;5;3;2;1;0;0;0;0;1;0;0;0
11;7;7020203.0;2019;1;18;6;3;1;5;2;1;1;0;0;0;0;1;0;0
11;6;6010101.0;2019;1;18;5;3;5;2;2;1;1;0;0;0;0;0;0;0
11;4;4030417.0;2019;2;2;7;2;0;1;2;0;1;0;0;0;0;1;0;0
11;1;1011303.0;2019;3;17;7;3;2;7;1;1;1;0;0;0;0;0;0;0
11;10;10010206.0;2019;1;18;4;3;2;6;2;0;1;0;0;0;0;1;0;0
11;1;1022202.0;2019;2;16;5;3;0;6;0;1;1;0;0;0;0;0;0;0
11;7;7030303.0;2019;1;13;4;3;5;3;0;0;1;0;0;1;0;0;0;0
11;3;3061126.0;2019;1;14;2;3;0;2;1;1;1;0;0;0;0;0;0;0
11;10;10040933.0;2019;3;16;3;3;5;2;0;0;1;0;0;0;0;0;0;0
11;8;8020619.0;2019;1;3;4;3;3;6;2;0;1;0;0;1;0;1;0;0
11;2;2010101.0;2019;1;4;3;3;2;6;2;0;1;0;0;0;0;1;0;0
11;6;6010209.0;2019;1;11;3;2;5;2;0;0;1;0;0;0;0;1;0;0
11;4;4020314.0;2019;1;5;3;3;9;1;2;0;1;0;0;0;0;1;0;0
11;1;1011303.0;2019;2;10;4;1;5;2;0;1;0;0;0;1;0;0;0;0
11;2;2020202.0;2019;1;2;3;3;2;6;2;0;1;0;0;0;0;1;0;0
11;7;7040403.0;2019;1;21;7;3;2;6;2;0;1;0;0;0;0;1;0;0
11;7;7050502.0;2019;1;14;6;3;5;2;0;1;1;0;0;0;0;0;0;0
11;9;9010102.0;2019;1;2;3;3;2;4;2;0;1;1;0;0;0;1;0;0
11;3;3071633.0;2019;2;18;5;3;2;6;2;0;1;0;0;0;0;0;0;0
11;3;3061429.0;2019;2;15;6;3;6;2;0;0;1;1;0;0;0;0;0;0
11;4;4030623.0;2019;3;12;6;3;5;2;0;0;0;0;1;0;1;0;0;0
11;2;2050602.0;2019;2;20;4;3;2;6;2;1;0;0;0;0;0;0;0;0
11;7;7040405.0;2019;1;23;7;2;9;1;2;0;1;0;0;0;0;1;0;0
11;7;7040403.0;2019;2;6;2;3;2;6;0;0;1;0;0;0;1;0;0;0
11;1;1044201.0;2019;2;16;2;3;5;7;0;0;1;0;0;0;0;0;0;0
11;3;3061131.0;2019;2;18;4;3;6;4;1;1;0;1;0;0;0;0;0;0
11;4;4041133.0;2019;1;13;6;3;2;6;0;0;1;0;0;0;0;0;0;0
11;3;3071633.0;2019;2;19;3;3;1;5;2;1;1;0;0;0;0;0;0;0
11;1;1011201.0;2019;3;14;7;3;4;6;0;1;1;0;0;0;0;1;0;0
11;6;6040701.0;2019;1;19;5;2;6;4;2;0;1;1;0;0;0;1;0;0
11;2;2040703.0;2019;2;13;5;3;5;3;0;1;0;0;0;0;0;0;0;0
11;7;7030303.0;2019;2;16;3;3;2;6;0;0;1;0;0;0;0;0;0;0
11;3;3061429.0;2019;1;12;3;3;5;2;0;1;0;0;0;1;0;0;0;0
11;1;1011202.0;2019;2;22;7;3;2;6;2;0;1;0;0;0;0;0;0;0
11;7;7030303.0;2019;2;8;5;2;6;2;0;0;1;1;0;0;0;0;0;0
11;1;1011303.0;2019;3;22;5;3;2;2;2;1;0;0;0;0;1;0;0;0
11;4;4020310.0;2019;1;7;4;3;3;6;1;0;1;0;0;0;0;1;0;0
11;3;3050925.0;2019;2;14;7;3;5;3;0;1;1;0;0;0;0;0;0;0
11;2;2020203.0;2019;3;7;6;3;1;1;0;0;1;0;0;0;0;0;0;0
11;6;6040703.0;2019;1;12;4;2;2;6;0;0;1;0;0;0;0;1;0;0
11;4;4010102.0;2019;2;18;1;3;2;6;2;0;1;0;0;0;0;0;0;0
11;7;7070701.0;2019;1;7;2;3;2;6;2;0;1;0;0;0;0;1;0;0
11;4;4020311.0;2019;2;14;7;3;3;6;0;0;1;0;0;0;1;0;0;0
11;4;4030622.0;2019;2;19;4;3;2;6;2;0;1;0;0;0;0;0;0;0
11;4;4020313.0;2019;3;12;4;3;2;6;0;0;1;0;0;0;0;0;0;0
11;1;1011303.0;2019;1;12;3;3;3;6;0;1;1;0;0;0;0;0;0;0
11;4;4030622.0;2019;2;9;5;3;5;7;0;0;1;0;1;0;0;0;0;0
11;4;4030622.0;2019;1;6;7;3;5;2;1;0;1;0;0;0;1;0;0;0
11;12;12214125.0;2019;1;10;6;3;2;6;0;0;1;0;0;0;1;1;0;0
11;3;3040818.0;2019;2;12;6;2;5;2;0;0;1;0;0;0;1;0;0;0
11;3;3061126.0;2019;1;0;1;3;3;6;2;0;1;0;0;0;0;1;0;0
11;3;3061228.0;2019;2;17;6;3;3;6;1;1;1;0;0;0;0;0;0;0
11;4;4030416.0;2019;2;10;2;3;2;6;0;0;1;0;0;1;0;0;0;0
11;4;4020314.0;2019;3;8;2;3;3;6;0;0;1;0;0;1;0;0;0;0
11;1;1011102.0;2019;1;10;3;3;5;2;0;0;1;0;0;0;0;1;0;0
11;12;12103115.0;2019;2;11;4;3;2;2;0;0;1;0;0;0;0;0;0;0
11;1;1011303.0;2019;1;6;5;3;6;2;2;0;1;1;0;0;0;1;0;0
11;12;12103117.0;2019;2;16;5;3;2;6;0;0;1;0;0;0;0;0;0;0
11;12;12103219.0;2019;1;17;5;3;3;6;2;0;1;0;0;0;0;0;0;0
11;3;3061332.0;2019;3;23;6;3;5;2;2;0;1;0;0;0;0;0;0;0
11;1;1011303.0;2019;2;18;4;3;2;2;2;1;1;0;0;0;0;0;0;0
11;3;3071639.0;2019;2;18;6;3;1;5;2;1;0;0;0;0;1;0;0;0
11;6;6040701.0;2019;3;12;7;3;1;1;0;0;1;0;0;0;0;0;0;0
11;2;2050801.0;2019;2;15;4;3;3;6;0;1;1;0;0;0;0;0;0;0
11;4;4010101.0;2019;1;11;2;3;3;6;0;0;1;0;0;0;0;0;0;0
11;3;3051017.0;2019;2;15;3;3;5;3;0;1;1;0;0;0;0;0;0;0
11;7;7020203.0;2019;2;15;3;3;2;6;0;0;1;0;0;0;0;0;0;0
11;12;12224230.0;2019;3;14;6;3;0;7;0;0;1;0;0;0;0;0;0;0
11;2;2050802.0;2019;1;16;5;3;5;2;0;1;1;0;0;0;0;0;0;0
11;2;2050602.0;2019;2;15;5;3;6;7;0;1;0;1;0;0;0;0;0;0
11;4;4020313.0;2019;2;9;2;3;5;7;0;1;1;0;0;0;0;0;0;0
11;6;6030503.0;2019;1;19;3;3;0;6;2;0;0;0;1;0;1;1;0;0
11;4;4010101.0;2019;2;14;7;3;2;6;0;0;1;0;0;0;0;0;0;0
11;3;3071638.0;2019;1;8;3;3;3;6;0;0;1;0;0;1;0;0;0;0
11;7;7030303.0;2019;2;15;2;3;2;6;0;0;1;0;0;0;1;0;0;0
11;7;7070701.0;2019;2;7;6;3;3;6;1;0;1;0;0;0;0;1;0;0
11;1;1011303.0;2019;3;7;5;3;0;5;0;1;1;0;0;0;0;1;0;0
11;3;3040818.0;2019;1;14;4;3;1;5;0;1;1;0;0;0;0;0;0;0
11;3;3061126.0;2019;2;15;7;3;5;2;0;1;1;0;0;0;0;0;0;0
11;3;3061429.0;2019;1;15;2;2;6;4;0;0;1;1;0;0;0;0;0;0
11;1;1044203.0;2019;2;15;6;3;1;5;0;0;1;0;0;0;0;0;0;0
11;3;3020209.0;2019;2;17;4;3;5;7;2;1;0;0;0;0;1;0;0;0
11;4;4020310.0;2019;3;9;3;2;2;6;0;0;1;0;0;1;0;0;0;0
11;3;3020209.0;2019;1;17;3;3;5;3;1;1;1;0;0;0;0;1;0;0
11;3;3061131.0;2019;2;15;4;3;4;6;0;1;0;0;0;0;0;0;0;0
11;4;4020208.0;2019;3;10;4;3;0;6;0;1;1;0;0;0;0;1;0;0
11;7;7060601.0;2019;1;12;4;2;5;3;0;0;1;0;0;0;1;0;0;0
11;8;8020619.0;2019;2;18;6;3;3;6;1;0;1;0;0;1;0;0;0;0
11;6;6010209.0;2019;1;2;1;3;9;1;2;0;1;0;0;0;0;2;0;0
11;3;3061332.0;2019;1;21;5;2;0;5;2;0;1;0;1;0;0;1;0;0
11;3;3020209.0;2019;2;11;6;3;5;3;0;1;1;0;0;0;0;0;0;0
11;2;2020203.0;2019;2;19;1;3;2;6;2;0;1;0;0;0;0;1;0;0
11;3;3061434.0;2019;3;17;1;3;2;6;0;0;1;0;0;0;0;0;0;0
11;4;4030623.0;2019;1;16;2;3;2;6;0;0;1;0;0;0;0;0;0;0
11;6;6030503.0;2019;2;16;4;3;2;6;0;0;1;0;0;0;0;0;0;0
11;7;7050502.0;2019;1;19;5;3;2;6;2;0;1;0;0;0;0;1;0;0
11;5;5020629.0;2019;2;18;5;3;2;6;2;0;1;0;0;0;0;1;0;0
11;12;12301204.0;2019;1;21;7;3;3;6;2;0;1;0;1;0;0;0;0;0
11;7;7020202.0;2019;1;18;5;2;6;4;2;0;1;1;0;0;0;1;0;0
11;9;9020601.0;2019;2;18;5;3;5;2;2;1;1;0;0;0;0;0;0;0
11;3;3061429.0;2019;2;5;6;3;6;2;2;0;1;1;0;0;0;0;0;0
11;1;1011105.0;2019;3;22;7;3;2;2;2;0;1;0;0;0;0;0;0;0
11;1;1044102.0;2019;2;6;4;2;5;3;1;0;1;0;0;0;1;0;0;0
11;1;1011303.0;2019;1;2;1;2;6;4;2;0;1;1;0;0;0;1;0;0
11;1;1011201.0;2019;2;11;2;3;3;6;0;1;0;0;0;1;0;0;0;0
11;4;4051551.0;2019;2;23;2;3;3;6;2;0;1;0;0;0;0;0;0;0
11;10;10040933.0;2019;3;11;6;3;5;3;0;1;1;0;0;0;0;1;0;0
11;1;1011105.0;2019;1;14;4;3;2;6;0;0;1;0;0;0;0;0;0;0
11;7;7040403.0;2019;2;18;4;3;6;7;1;1;0;1;0;0;0;0;0;0
11;4;4041134.0;2019;3;10;7;3;2;6;0;0;1;0;0;0;0;1;0;0
11;2;2050602.0;2019;1;7;5;3;1;5;0;0;1;1;0;0;0;0;0;0
11;6;6010102.0;2019;2;14;5;3;2;6;0;0;1;0;0;0;0;0;0;0
11;4;4020208.0;2019;2;14;3;3;5;3;0;0;1;0;0;0;0;0;0;0
11;4;4010101.0;2019;1;13;3;3;2;6;0;0;1;0;0;1;0;0;0;0
11;7;7020203.0;2019;2;18;1;3;2;6;2;0;1;0;0;0;0;0;0;0
11;12;12231101.0;2019;2;11;5;3;2;2;0;0;1;0;0;0;0;0;0;0
11;9;9010401.0;2019;3;6;5;3;2;6;0;0;0;0;0;1;0;1;0;0
11;7;7060601.0;2019;1;13;4;3;2;6;0;0;1;0;0;0;0;0;0;0
11;7;7030303.0;2019;2;14;7;3;0;1;0;0;0;0;1;0;0;0;0;0
11;1;1033203.0;2019;1;16;1;3;2;6;2;0;1;0;0;0;0;0;0;0
11;2;2050602.0;2019;2;15;6;2;0;1;0;1;0;0;0;0;0;0;0;0
11;3;3061434.0;2019;2;8;1;3;0;7;0;0;1;0;0;0;0;0;0;0
11;10;10040933.0;2019;1;14;2;3;2;6;0;0;1;0;0;0;0;1;0;0
11;3;3061126.0;2019;2;10;7;2;9;1;0;0;1;0;0;0;0;0;0;0
11;6;6030503.0;2019;2;8;4;3;2;6;0;0;1;0;0;1;0;0;0;0
11;2;2050602.0;2019;3;13;4;3;5;2;0;1;1;0;0;0;0;0;0;0
11;7;7040405.0;2019;1;16;4;3;2;6;1;0;1;0;0;0;0;0;0;0
11;1;1011102.0;2019;2;16;6;3;3;6;0;0;1;0;1;0;0;0;0;0
11;10;10010309.0;2019;1;10;7;1;6;4;0;0;1;1;0;0;0;1;0;0
11;4;4041134.0;2019;1;22;5;3;9;1;2;0;1;0;0;0;0;1;0;0
11;12;12301203.0;2019;2;14;6;3;5;3;0;1;1;0;0;0;0;0;0;0
11;2;2050602.0;2019;2;19;6;3;5;7;2;0;1;0;0;0;0;0;0;0
11;1;1011303.0;2019;3;12;7;3;0;6;0;0;1;0;0;0;1;0;0;0
11;7;7050502.0;2019;2;13;2;3;5;7;0;0;0;0;0;0;1;0;0;0
11;1;1044201.0;2019;3;13;2;3;2;6;0;0;1;0;0;0;0;0;0;0
11;7;7050502.0;2019;1;11;3;3;5;3;0;0;0;0;1;0;1;1;0;0
11;12;12103218.0;2019;2;8;4;3;5;2;0;1;0;0;0;0;1;0;0;0
11;4;4020311.0;2019;1;21;7;3;3;6;2;0;1;0;0;0;0;0;0;0
11;1;1011105.0;2019;1;15;5;3;3;6;0;0;1;0;0;0;0;0;0;0
11;3;3061131.0;2019;2;17;5;3;2;2;1;1;1;0;0;0;0;0;0;0
11;2;2050602.0;2019;2;14;6;3;5;3;0;1;1;0;0;0;0;0;0;0
11;1;1044203.0;2019;3;13;6;3;1;5;0;1;1;0;0;0;0;0;0;0
11;1;1011204.0;2019;2;19;4;2;6;4;2;0;1;1;0;0;0;0;0;0
11;4;4020314.0;2019;1;13;5;3;3;6;0;0;1;0;0;1;0;0;0;0
11;4;4020310.0;2019;2;6;2;3;2;6;1;0;1;0;0;0;0;1;0;0
11;4;4041134.0;2019;2;6;5;3;3;6;1;0;1;0;0;1;0;0;0;0
11;7;7050501.0;2019;1;20;2;3;6;2;2;0;1;1;0;0;0;1;0;0
11;2;2040703.0;2019;2;23;4;3;6;4;2;0;0;1;0;0;1;0;0;0
11;4;4010102.0;2019;1;15;4;3;2;6;0;0;1;0;0;0;0;1;0;0
11;9;9010202.0;2019;1;15;5;3;5;3;0;1;1;0;0;0;0;0;0;0
11;2;2010101.0;2019;2;15;3;3;3;6;0;1;1;0;0;0;0;0;0;0
11;12;12214125.0;2019;3;20;7;2;8;1;2;0;1;0;0;0;0;1;0;0
11;2;2050602.0;2019;1;16;5;2;6;4;1;0;1;1;0;0;0;0;0;0
11;3;3040513.0;2019;2;14;5;3;2;2;0;1;1;0;0;0;0;0;0;0
11;9;9010202.0;2019;2;16;3;3;6;4;0;0;1;1;0;0;0;0;0;0
11;2;2050602.0;2019;1;11;3;2;5;3;0;1;1;0;0;0;0;1;0;0
11;7;7050502.0;2019;1;11;3;2;6;4;0;0;1;1;0;0;0;0;0;0
11;6;6040701.0;2019;2;23;7;2;5;2;2;1;1;0;0;0;0;0;0;0
11;10;10010308.0;2019;2;8;5;3;2;6;0;0;1;0;0;0;0;0;0;0
11;10;10040933.0;2019;3;7;4;3;0;2;0;1;0;0;0;0;1;0;0;0
11;2;2020202.0;2019;1;17;3;3;6;4;1;1;0;1;0;0;0;1;0;0
11;9;9010201.0;2019;2;11;2;3;6;4;0;0;1;1;0;0;0;1;0;0
11;7;7040405.0;2019;3;20;5;2;3;6;2;0;1;0;0;0;1;0;0;0
11;4;4051655.0;2019;1;15;4;3;2;6;0;0;1;0;0;1;0;0;0;0
11;7;7020202.0;2019;2;14;1;3;5;2;0;1;1;0;0;0;0;0;0;0
11;1;1011105.0;2019;1;17;2;3;2;6;2;0;1;0;0;0;0;0;0;0
11;7;7070701.0;2019;1;17;2;3;2;6;1;0;1;0;0;0;0;0;0;0
11;3;3071639.0;2019;2;8;6;2;5;2;0;1;0;0;0;0;0;0;0;0
11;1;1011303.0;2019;1;17;2;3;2;7;2;1;1;0;0;0;1;1;0;0
11;4;4030622.0;2019;2;18;4;3;5;2;2;1;1;0;0;0;0;0;0;0
11;5;5020524.0;2019;3;12;4;2;2;6;0;0;1;0;0;1;0;0;0;0
11;4;4041134.0;2019;1;9;2;3;2;6;0;0;1;0;0;0;0;1;0;0
11;7;7020202.0;2019;1;17;3;3;2;6;1;0;1;0;0;0;0;0;0;0
11;1;1011303.0;2019;2;22;5;3;5;3;2;1;1;0;0;0;0;1;0;0
11;7;7040403.0;2019;1;16;1;3;8;1;2;0;1;0;0;0;0;1;0;0
11;3;3061429.0;2019;1;23;7;3;2;6;2;0;1;0;0;0;0;0;0;0
11;1;1044102.0;2019;1;5;1;3;5;3;2;0;1;0;0;0;0;1;0;0
11;4;4041134.0;2019;1;8;1;2;9;1;0;0;1;0;0;0;0;1;0;0
11;4;4020310.0;2019;1;10;4;2;3;6;0;0;1;0;0;1;1;1;0;0
11;7;7030303.0;2019;2;13;7;3;0;1;0;0;0;0;1;0;0;0;0;0
11;4;4020208.0;2019;1;19;7;3;5;2;2;1;1;0;0;0;0;1;0;0
11;12;12103117.0;2019;1;13;1;3;2;4;0;0;1;1;0;0;0;0;0;0
11;3;3061332.0;2019;1;19;7;3;6;2;2;0;1;1;0;0;0;1;0;0
11;2;2010101.0;2019;1;16;5;3;5;2;1;1;1;0;0;0;0;0;0;0
11;7;7050501.0;2019;2;9;6;3;5;2;0;1;1;0;0;0;0;0;0;0
11;7;7020203.0;2019;1;18;7;3;2;6;2;0;1;0;0;0;0;1;0;0
11;3;3050925.0;2019;2;16;1;2;6;4;1;0;1;1;0;0;0;0;0;0
11;7;7050506.0;2019;3;10;2;3;5;2;0;0;1;0;0;1;0;0;0;0
11;12;12231101.0;2019;1;17;2;3;2;6;2;0;1;0;0;0;0;1;0;0
11;4;4030417.0;2019;2;16;4;3;2;6;0;0;1;0;0;0;0;0;0;0
11;3;3061435.0;2019;1;17;5;3;4;6;1;1;0;0;0;0;0;0;0;0
11;10;10040933.0;2019;2;7;5;3;5;3;1;1;1;0;0;0;0;0;0;0
11;2;2050602.0;2019;1;8;4;3;5;3;1;0;1;0;0;0;0;1;0;0
11;4;4020313.0;2019;2;12;6;2;5;3;0;0;1;0;0;1;0;0;0;0
11;12;12301205.0;2019;2;17;6;3;6;4;2;0;1;1;0;0;0;0;0;0
11;4;4041133.0;2019;3;18;7;3;2;6;2;0;1;0;0;0;1;0;0;0
11;4;4020311.0;2019;2;15;4;3;3;6;0;0;1;0;0;0;0;0;0;0
11;12;12304314.0;2019;1;2;1;3;9;1;2;0;1;0;0;0;0;1;0;0
11;12;12214125.0;2019;2;13;3;3;2;6;0;0;1;0;0;0;1;0;0;0
11;3;3030716.0;2019;1;15;7;3;5;3;1;1;1;0;0;0;0;1;0;0
11;2;2050602.0;2019;2;7;2;3;0;2;0;1;1;0;0;0;0;0;0;0
11;12;12103115.0;2019;3;8;6;3;6;7;0;1;0;1;0;0;0;0;0;0
11;12;12103218.0;2019;1;15;4;3;2;6;0;0;1;0;0;0;0;0;0;0
11;3;3061332.0;2019;2;7;2;3;5;3;0;1;1;0;0;0;0;0;0;0
11;3;3040513.0;2019;1;16;6;3;0;6;2;0;1;0;0;0;1;1;0;0
11;4;4051551.0;2019;1;17;3;3;2;6;0;0;1;0;0;0;0;0;0;0
11;7;7010104.0;2019;10;16;3;2;6;4;0;0;1;1;0;0;0;1;0;0
11;1;1011105.0;2019;6;18;5;3;2;6;0;0;1;0;0;0;0;0;0;0
11;11;11030721.0;2019;9;7;2;3;9;1;0;0;1;0;0;0;0;0;0;0
11;4;4041133.0;2019;12;23;5;3;8;1;2;0;1;0;0;0;0;1;0;0
11;7;7040403.0;2019;6;1;7;3;5;3;2;1;1;0;0;0;0;0;0;0
11;1;1044201.0;2019;5;17;4;3;2;7;0;0;1;0;0;0;0;0;0;0
11;4;4010103.0;2019;11;2;1;3;9;1;2;0;1;0;0;0;0;1;0;0
11;3;3061228.0;2019;6;8;6;3;6;4;0;1;0;1;0;0;0;0;0;0
11;7;7020202.0;2019;11;14;5;2;5;2;0;1;1;0;0;0;0;0;0;0
11;2;2050602.0;2019;8;16;5;3;4;6;0;1;0;0;0;0;1;0;0;0
11;6;6040701.0;2019;5;13;4;2;0;7;0;0;1;0;0;0;0;0;0;0
11;4;4020313.0;2019;10;8;1;2;1;1;0;0;1;0;0;0;0;0;0;0
11;4;4030623.0;2019;9;16;2;3;5;2;0;0;1;0;1;0;0;0;0;0
11;4;4020313.0;2019;6;14;6;2;6;7;0;0;1;1;0;0;0;0;0;0
11;2;2020201.0;2019;8;16;5;3;3;6;0;0;0;0;0;0;1;0;0;0
11;4;4030417.0;2019;5;13;4;3;2;6;0;0;1;0;0;0;0;0;0;0
11;7;7040405.0;2019;6;16;7;3;5;3;0;0;1;0;0;0;0;0;0;0
11;7;7050502.0;2019;9;10;2;2;5;2;0;0;1;0;1;0;0;0;0;0
11;6;6030605.0;2019;12;16;1;3;5;3;2;0;1;0;0;0;0;1;0;0
11;5;5020524.0;2019;6;13;6;3;2;6;0;0;0;0;1;1;0;0;0;0
11;6;6040703.0;2019;8;15;5;3;0;3;0;1;1;0;0;0;0;0;0;0
11;3;3061429.0;2019;11;16;2;3;5;2;0;0;1;0;0;0;0;0;0;0
11;4;4030417.0;2019;8;16;5;3;0;3;0;1;1;0;0;0;0;0;0;0
11;4;4030623.0;2019;5;12;4;3;2;6;0;0;1;0;1;0;0;0;0;0
11;11;11030721.0;2019;10;13;1;3;3;6;0;0;1;0;1;0;0;0;0;0
11;7;7010104.0;2019;9;17;7;3;3;6;0;0;1;0;0;0;0;0;0;0
11;12;12214125.0;2019;6;14;6;3;2;6;0;0;1;0;0;0;1;0;0;0
11;2;2050602.0;2019;8;14;5;3;0;1;0;1;1;0;0;0;0;0;0;0