LAND;BEZ;LOR_ab_2021;UJAHR;UMONAT;USTUNDE;UWOCHENTAG;UKATEGORIE;UART;UTYP1;ULICHTVERH;IstRad;IstPKW;IstFuss;IstKrad;IstGkfz;IstSonstige;USTRZUSTAND;LOCKDOWN;COVID
11;7;7030303.0;2019;4;17;3;3;5;2;0;0;1;0;1;0;0;0;0;0
11;12;12301205.0;2019;10;9;6;3;5;3;0;0;1;0;1;0;0;0;0;0
11;7;7010104.0;2019;9;12;7;3;5;3;0;0;1;0;1;0;0;0;0;0
11;1;1044203.0;2019;5;17;3;3;6;4;0;1;1;1;0;0;0;0;0;0
11;3;3040614.0;2019;7;13;5;3;2;6;0;0;1;0;0;0;0;0;0;0
11;7;7050501.0;2019;4;12;2;3;5;2;0;0;1;0;0;0;0;0;0;0
11;5;5040935.0;2019;6;12;7;3;4;6;0;1;0;0;0;0;0;0;0;0
11;2;2020203.0;2019;9;11;7;3;2;6;0;0;1;0;0;0;0;0;0;0
11;7;7040403.0;2019;12;3;1;3;5;3;2;0;1;0;0;0;0;1;0;0
11;3;3061332.0;2019;5;11;3;2;0;2;0;0;1;0;1;0;0;0;0;0
11;7;7020202.0;2019;7;8;5;3;2;2;0;1;1;0;0;0;0;0;0;0
11;12;12103219.0;2019;11;0;1;2;1;1;2;0;1;0;0;0;0;1;0;0
11;2;2050602.0;2019;7;6;5;3;5;2;0;0;1;0;0;0;0;0;0;0
11;12;12103219.0;2019;4;22;2;3;0;3;2;0;1;0;1;0;0;0;0;0
11;7;7050502.0;2019;10;13;7;3;5;3;0;1;1;0;0;0;0;0;0;0
11;4;4030417.0;2019;9;20;6;3;0;1;2;1;1;0;0;0;0;0;0;0
11;7;7060604.0;2019;5;10;2;2;0;7;0;1;0;0;0;0;0;0;0;0
11;12;12103115.0;2019;7;17;4;3;1;5;0;1;1;0;0;0;0;0;0;0
11;1;1011303.0;2019;4;18;2;3;0;5;0;1;0;0;0;0;1;0;0;0
11;5;5020629.0;2019;11;17;3;1;6;4;1;0;1;1;0;0;1;1;0;0
11;1;1011303.0;2019;6;11;3;3;5;2;0;1;1;0;0;0;0;0;0;0
11;6;6040703.0;2019;9;6;6;3;3;6;0;0;1;0;0;0;0;0;0;0
11;4;4020310.0;2019;12;18;6;2;2;6;2;0;1;0;0;0;0;1;0;0
11;2;2050601.0;2019;7;15;4;3;0;1;0;1;0;0;0;0;0;0;0;0
11;9;9020601.0;2019;10;13;3;3;2;6;0;0;1;0;0;0;0;0;0;0
11;4;4020314.0;2019;9;13;6;3;3;6;0;0;1;0;0;0;1;0;0;0
11;12;12214125.0;2019;6;15;7;3;2;6;0;0;1;0;0;0;0;0;0;0
11;12;4010101.0;2019;9;13;6;3;0;6;0;0;0;0;0;0;1;0;0;0
11;12;12103219.0;2019;12;13;2;3;3;6;0;0;1;0;0;1;0;0;0;0
11;2;2020203.0;2019;5;9;2;3;3;6;0;1;1;0;0;0;0;0;0;0
11;3;3020307.0;2019;7;19;4;2;2;7;0;0;1;0;0;0;0;0;0;0
11;5;5020524.0;2019;4;15;2;3;0;7;0;0;1;0;0;0;1;0;0;0
11;7;7050502.0;2019;11;12;2;3;0;6;0;0;1;0;1;0;0;1;0;0
11;7;7050501.0;2019;7;7;4;3;2;6;0;0;1;0;0;0;1;0;0;0
11;4;4030417.0;2019;4;8;2;3;5;2;0;1;1;0;0;0;0;0;0;0
11;7;7040403.0;2019;10;17;1;3;0;7;0;1;1;0;0;0;0;0;0;0
11;12;12103115.0;2019;9;12;6;3;6;7;0;0;0;1;0;1;0;0;0;0
11;4;4030623.0;2019;5;15;1;3;6;4;0;1;0;1;0;0;0;0;0;0
11;4;4051551.0;2019;7;15;4;3;2;6;0;0;1;0;0;1;0;0;0;0
11;2;2050602.0;2019;4;8;2;3;5;3;0;1;1;0;0;0;0;0;0;0
11;3;3020209.0;2019;11;22;3;3;0;3;2;1;1;0;0;0;0;1;0;0
11;3;3061131.0;2019;6;7;4;2;5;3;0;1;0;0;0;0;0;0;0;0
11;4;4041133.0;2019;9;12;6;3;2;6;0;0;1;0;0;0;0;0;0;0
11;2;2050802.0;2019;12;13;7;3;1;5;0;1;1;0;0;0;1;0;0;0
11;9;9010201.0;2019;7;16;4;3;5;2;0;0;1;0;0;0;0;0;0;0
11;12;12103115.0;2019;10;9;4;3;3;6;0;0;1;0;0;0;0;0;0;0
11;7;7060601.0;2019;9;15;6;3;8;7;0;0;1;0;0;0;0;0;0;0
11;7;7040401.0;2019;7;14;4;3;3;6;0;0;1;0;1;0;1;0;0;0
11;12;12302212.0;2019;4;0;1;3;5;2;2;1;1;0;0;0;0;0;0;0
11;4;4030417.0;2019;10;0;3;3;5;2;2;0;1;0;0;0;0;0;0;0
11;4;4020314.0;2019;6;13;2;3;2;6;0;0;1;0;0;1;0;0;0;0
11;11;11030721.0;2019;9;20;5;3;5;2;2;1;1;0;0;0;0;0;0;0
11;10;10010204.0;2019;5;2;1;3;6;4;2;0;0;1;0;0;1;0;0;0
11;10;10030726.0;2019;7;19;4;3;2;6;0;0;1;0;0;0;0;0;0;0
11;4;4041239.0;2019;4;13;7;3;2;6;0;0;1;0;0;0;0;0;0;0
11;5;5040936.0;2019;11;7;5;2;4;6;1;1;0;0;0;0;0;0;0;0
11;4;4010101.0;2019;5;17;1;3;2;6;0;0;1;0;0;0;0;0;0;0
11;4;4030417.0;2019;12;16;3;3;5;2;2;1;1;0;0;0;0;1;0;0
11;2;2040503.0;2019;7;20;3;3;2;6;0;0;1;0;0;0;1;0;0;0
11;4;4030417.0;2019;4;1;7;3;5;3;2;0;1;0;0;0;0;0;0;0
11;2;2050602.0;2019;10;8;5;2;0;2;0;1;1;0;0;0;0;1;0;0
11;3;3061126.0;2019;9;6;5;3;5;2;1;1;0;0;0;1;0;0;0;0
11;3;3061332.0;2019;7;18;3;3;1;5;0;1;1;0;0;0;1;0;0;0
11;2;2050602.0;2019;4;0;7;3;6;4;2;0;1;1;0;0;0;0;0;0
11;4;4041342.0;2019;9;17;2;3;8;1;0;0;1;0;0;0;0;1;0;0
11;2;2040503.0;2019;6;5;4;3;2;6;0;0;1;0;0;0;0;0;0;0
11;4;4030417.0;2019;9;11;5;3;5;2;0;1;1;0;0;0;0;0;0;0
11;1;1011304.0;2019;12;17;6;3;2;6;2;1;0;0;0;0;0;0;0;0
11;4;4020313.0;2019;5;0;1;3;0;1;2;1;0;0;0;0;0;0;0;0
11;12;12103218.0;2019;7;16;3;3;5;3;0;1;1;0;0;0;0;0;0;0
11;2;2050602.0;2019;4;11;7;2;5;3;0;0;1;0;0;0;1;0;0;0
11;2;2050602.0;2019;11;9;6;3;6;7;0;1;0;1;0;0;0;0;0;0
11;1;1011105.0;2019;9;6;5;3;5;2;0;1;1;0;0;0;0;1;0;0
11;3;3061332.0;2019;11;16;3;3;2;2;2;0;1;0;0;0;0;0;0;0
11;12;12301203.0;2019;7;14;3;3;5;3;0;0;1;0;0;0;0;0;0;0
11;3;3040818.0;2019;4;15;6;3;5;2;0;0;1;0;0;0;1;0;0;0
11;1;1011102.0;2019;10;17;5;3;6;4;0;1;0;1;0;0;0;0;0;0
11;9;9010102.0;2019;9;16;4;3;6;7;0;0;0;1;0;0;1;0;0;0
11;1;1044102.0;2019;5;11;7;3;5;3;0;0;1;0;1;0;0;0;0;0
11;12;12103219.0;2019;7;14;3;3;6;4;0;1;0;1;0;0;0;0;0;0
11;10;10010309.0;2019;4;9;6;3;1;6;0;0;1;0;0;0;1;0;0;0
11;12;12301203.0;2019;6;11;6;3;2;6;0;0;1;0;0;0;1;0;0;0
11;7;7040405.0;2019;9;10;4;3;2;6;0;0;1;0;0;0;0;0;0;0
11;6;6040701.0;2019;12;17;6;3;0;2;2;1;1;0;0;0;0;0;0;0
11;3;3040818.0;2019;5;11;7;3;6;6;0;1;0;1;0;0;0;0;0;0
11;3;3050925.0;2019;7;12;3;3;3;6;0;1;1;0;0;0;0;0;0;0
11;12;12103218.0;2019;11;0;7;3;3;2;2;0;1;0;0;0;0;1;0;0
11;1;1011202.0;2019;7;7;3;2;6;4;0;0;0;1;0;1;0;0;0;0
11;9;9010202.0;2019;4;12;6;3;2;2;0;0;1;0;0;0;0;0;0;0
11;3;3010104.0;2019;10;7;6;3;0;7;0;0;1;0;0;0;1;0;0;0
11;2;2050602.0;2019;9;9;4;3;1;5;0;0;1;0;1;0;0;0;0;0
11;1;1044203.0;2019;5;3;7;3;2;6;2;1;1;0;0;0;0;0;0;0
11;9;9020601.0;2019;7;10;3;3;0;1;0;1;0;0;0;0;0;0;0;0
11;3;3071639.0;2019;4;23;6;3;1;5;2;1;1;0;0;0;1;0;0;0
11;3;3061332.0;2019;11;14;2;3;1;5;0;1;1;0;0;0;0;1;0;0
11;12;12304314.0;2019;6;6;3;3;2;6;0;0;1;0;0;0;0;0;0;0
11;12;12103219.0;2019;9;14;4;3;5;2;0;1;1;0;0;0;0;1;0;0
11;3;3071639.0;2019;12;15;6;3;1;5;1;1;1;0;0;0;1;1;0;0
11;1;1044102.0;2019;7;16;3;3;0;4;0;1;0;1;0;0;0;0;0;0
11;3;3040818.0;2019;4;16;6;3;5;3;0;1;1;0;0;0;0;0;0;0
11;1;1011204.0;2019;10;11;2;3;3;6;0;0;1;0;1;0;0;0;0;0
11;6;6010209.0;2019;9;14;3;2;0;1;0;0;0;0;1;0;0;0;0;0
11;4;4020310.0;2019;7;10;3;3;2;6;0;0;1;0;0;0;0;0;0;0
11;3;3050923.0;2019;4;7;6;3;2;6;0;0;1;0;0;0;0;0;0;0
11;1;1044102.0;2019;10;20;7;3;5;3;2;1;0;0;0;0;1;0;0;0
11;2;2050602.0;2019;6;7;7;3;5;2;0;0;1;0;0;0;0;0;0;0
11;6;6040701.0;2019;9;17;3;3;5;2;0;1;1;0;0;0;0;0;0;0
11;2;2020202.0;2019;5;14;7;2;6;4;0;0;1;1;0;0;0;0;0;0
11;10;10010204.0;2019;4;9;5;2;5;3;0;0;1;0;0;0;1;0;0;0
11;9;9010102.0;2019;11;16;3;2;4;6;1;1;0;0;0;0;0;0;0;0
11;3;3061126.0;2019;5;23;6;3;5;3;2;1;1;0;0;0;0;0;0;0
11;7;7020203.0;2019;12;3;1;3;3;6;2;0;1;0;0;0;0;0;0;0
11;3;3020209.0;2019;7;8;3;3;2;6;0;0;1;0;0;1;0;0;0;0
11;7;7030303.0;2019;4;8;5;3;2;6;0;0;1;0;0;0;0;0;0;0
11;7;7020203.0;2019;10;17;3;2;1;5;1;1;1;0;0;0;0;0;0;0
11;12;12214125.0;2019;9;17;3;3;9;1;0;0;1;0;0;0;0;0;0;0
11;3;3061332.0;2019;7;8;3;3;1;5;0;1;1;0;0;0;0;0;0;0
11;12;12103218.0;2019;4;17;5;2;6;2;0;0;1;1;0;0;0;0;0;0
11;7;7030303.0;2019;9;14;7;3;2;6;0;0;1;0;0;0;0;0;0;0
11;7;7040405.0;2019;6;7;3;2;0;1;0;0;0;0;1;0;0;0;0;0
11;3;3020209.0;2019;9;9;3;3;5;2;0;1;0;0;1;0;0;0;0;0
11;7;7040402.0;2019;12;15;4;3;2;6;1;0;0;0;1;0;1;0;0;0
11;2;2040503.0;2019;5;19;6;2;6;4;0;0;1;1;0;0;0;0;0;0
11;2;2050602.0;2019;7;8;3;3;2;6;0;0;1;0;0;0;0;0;0;0
11;2;2050602.0;2019;7;19;3;3;3;6;0;0;1;0;0;0;0;0;0;0
11;7;7050502.0;2019;4;17;5;3;6;4;0;0;1;1;0;0;0;0;0;0
11;4;4041137.0;2019;10;16;1;3;0;1;0;0;1;0;0;0;0;0;0;0
11;3;3040513.0;2019;6;17;1;3;1;5;0;1;1;0;0;0;0;0;0;0
11;2;2050802.0;2019;9;9;3;3;5;2;0;1;1;0;0;0;0;0;0;0
11;12;12214527.0;2019;5;11;6;3;2;6;0;0;1;0;0;0;0;0;0;0
11;1;1011104.0;2019;4;10;4;3;3;6;0;0;1;0;0;0;0;0;0;0
11;4;4020314.0;2019;11;18;4;3;2;6;2;0;1;0;0;0;0;0;0;0
11;3;3020209.0;2019;5;7;6;2;6;4;0;0;1;1;0;0;0;0;0;0
11;11;11030721.0;2019;12;18;2;2;6;4;2;0;1;1;0;0;0;1;0;0
11;12;12103219.0;2019;7;16;2;3;5;2;0;1;1;0;0;0;0;1;0;0
11;1;1022202.0;2019;4;13;4;3;3;6;0;0;0;0;1;0;1;0;0;0
11;12;12103218.0;2019;10;9;4;3;0;2;0;0;0;0;1;1;0;0;0;0
11;2;2020202.0;2019;9;16;3;3;1;5;0;0;1;0;0;0;1;0;0;0
11;3;3020307.0;2019;7;16;2;3;2;7;0;0;0;0;1;1;0;1;0;0
11;12;12301205.0;2019;4;11;4;3;0;6;0;1;0;1;0;0;0;0;0;0
11;4;4020208.0;2019;9;6;1;2;0;1;1;1;0;0;0;0;0;1;0;0
11;3;3061429.0;2019;6;7;3;2;5;2;0;1;1;0;0;0;0;0;0;0
11;7;7040401.0;2019;9;10;2;3;6;7;0;0;0;1;1;0;0;0;0;0
11;1;1011201.0;2019;12;8;6;3;3;6;0;0;1;0;0;0;1;0;0;0
11;10;10030726.0;2019;5;8;6;2;2;6;0;0;1;0;0;0;0;0;0;0
11;2;2020202.0;2019;7;14;2;3;6;4;0;1;0;1;0;0;0;0;0;0
11;3;3061126.0;2019;4;10;4;3;5;3;0;1;1;0;0;0;0;0;0;0
11;4;4041134.0;2019;11;21;5;3;5;3;2;0;1;0;0;0;0;1;0;0
11;4;4020313.0;2019;9;20;2;3;5;2;2;0;1;0;1;0;0;0;0;0
11;7;7040403.0;2019;11;16;2;3;2;6;2;0;1;0;0;0;0;0;0;0
11;7;7050502.0;2019;7;19;2;3;2;6;0;0;1;0;0;1;0;0;0;0
11;1;1011303.0;2019;4;14;4;3;0;4;0;0;0;1;0;0;1;0;0;0
11;3;3050923.0;2019;10;16;4;3;2;6;0;0;1;0;0;0;0;1;0;0
11;2;2020202.0;2019;9;19;2;3;3;6;1;0;1;0;1;0;0;0;0;0
11;7;7060601.0;2019;5;13;6;2;0;3;0;0;1;0;0;0;1;0;0;0
11;11;11030721.0;2019;7;15;2;3;0;2;0;1;1;0;0;0;0;1;0;0
11;1;1011202.0;2019;4;8;4;2;1;5;0;1;1;0;0;0;0;0;0;0
11;9;9020601.0;2019;6;15;5;3;2;6;0;0;1;0;0;0;0;0;0;0
11;1;1011102.0;2019;9;18;2;3;6;4;0;1;0;1;0;0;0;0;0;0
11;1;1011303.0;2019;12;21;5;3;5;7;2;0;1;0;0;0;0;1;0;0
11;3;3061332.0;2019;5;13;6;3;0;7;0;1;1;0;0;0;0;0;0;0
11;7;7040406.0;2019;7;13;2;3;0;1;0;0;1;0;0;0;0;0;0;0
11;3;3020209.0;2019;11;17;6;3;0;6;2;0;1;0;0;0;1;0;0;0
11;4;4010101.0;2019;7;0;2;3;3;6;2;0;1;0;0;0;0;0;0;0
11;10;11041023.0;2019;9;9;6;2;2;6;0;0;1;0;0;1;0;1;0;0
11;9;9010102.0;2019;4;21;4;3;5;3;2;1;0;0;0;0;0;0;0;0
11;7;7040402.0;2019;10;17;5;3;2;6;0;0;1;0;0;0;0;1;0;0
11;6;6030501.0;2019;9;18;2;3;5;3;0;1;1;0;0;0;0;0;0;0
11;7;7040402.0;2019;5;15;6;3;2;6;0;0;1;0;0;0;0;0;0;0
11;2;2040703.0;2019;7;17;1;3;3;7;0;0;1;0;1;0;0;0;0;0
11;12;12103219.0;2019;4;15;4;3;5;7;0;0;1;0;1;0;0;0;0;0
11;4;4051656.0;2019;11;6;2;3;2;6;2;0;1;0;0;0;0;1;0;0
11;7;7050501.0;2019;6;15;7;3;2;6;0;0;1;0;0;0;0;0;0;0
11;1;1033203.0;2019;9;17;2;3;5;2;0;1;1;0;0;0;0;0;0;0
11;7;7050502.0;2019;12;9;5;3;0;6;0;0;1;0;1;0;0;0;0;0
11;1;1011102.0;2019;7;13;1;3;0;7;0;1;0;0;0;0;0;0;0;0
11;3;3071633.0;2019;4;8;4;3;0;6;0;1;0;0;0;0;0;0;0;0
11;4;4010101.0;2019;10;18;1;3;2;6;2;0;1;0;0;0;0;0;0;0
11;7;7040402.0;2019;9;9;2;3;2;6;0;0;1;0;0;0;0;0;0;0
11;12;12103218.0;2019;7;0;1;3;2;7;2;0;1;0;0;0;1;1;0;0
11;2;2050803.0;2019;4;6;4;2;1;1;0;0;1;0;0;1;1;0;0;0
11;3;3061429.0;2019;10;0;6;3;0;1;2;0;0;0;0;0;1;0;0;0
11;3;3010102.0;2019;6;14;6;3;2;6;0;0;1;0;0;0;0;0;0;0
11;2;2050602.0;2019;9;8;2;3;2;6;0;0;1;0;0;1;0;0;0;0
11;1;1011102.0;2019;5;16;6;3;5;2;0;0;1;0;0;0;1;0;0;0
11;4;4030623.0;2019;4;17;3;3;5;2;0;1;1;0;0;0;0;0;0;0
11;1;1011202.0;2019;11;5;2;3;8;1;0;1;0;0;0;0;0;0;0;0
11;7;7030303.0;2019;5;17;6;3;2;6;0;0;1;0;1;0;0;0;0;0
11;4;4030417.0;2019;11;5;7;3;0;3;2;0;1;0;0;0;1;0;0;0
11;2;3061435.0;2019;7;23;7;3;2;6;2;0;1;0;1;0;0;1;0;0
11;1;1022202.0;2019;4;8;3;3;2;6;0;0;1;0;0;0;0;0;0;0
11;9;9010101.0;2019;10;17;2;3;3;6;2;0;1;0;1;0;0;0;0;0
11;4;4030622.0;2019;9;11;2;3;2;7;0;0;1;0;1;0;0;0;0;0
11;11;11030721.0;2019;7;22;7;3;5;2;2;1;1;0;0;0;0;1;0;0
11;8;8020619.0;2019;4;10;3;3;3;6;0;0;1;0;0;1;0;0;0;0
11;1;1011202.0;2019;6;17;2;3;5;3;0;1;1;0;0;0;0;0;0;0
11;7;7050501.0;2019;9;11;2;3;5;2;0;0;1;0;0;1;0;0;0;0
11;3;3020307.0;2019;12;4;3;3;8;1;2;0;0;0;0;0;1;1;0;0
11;7;7040403.0;2019;5;13;5;3;2;6;0;0;1;0;0;0;0;0;0;0
11;4;4030417.0;2019;7;19;7;3;6;4;0;1;0;1;0;0;0;0;0;0
11;12;12103218.0;2019;4;11;3;3;2;6;0;0;1;0;0;0;0;0;0;0
11;1;1011204.0;2019;11;10;3;3;3;6;0;0;1;0;0;0;0;1;0;0
11;12;12302212.0;2019;11;18;7;3;2;2;2;0;1;0;0;0;0;0;0;0
11;9;9010401.0;2019;7;18;7;3;2;6;0;0;1;0;0;0;0;0;0;0
11;3;3061126.0;2019;4;19;3;2;5;2;1;1;1;0;0;0;0;0;0;0
11;4;4020313.0;2019;10;11;3;2;5;2;0;1;1;0;0;0;0;0;0;0
11;3;3061434.0;2019;9;8;2;3;6;7;0;1;0;1;0;0;0;0;0;0
11;3;3071639.0;2019;5;11;5;2;2;6;0;0;1;0;0;0;0;0;0;0
11;2;2050602.0;2019;7;15;7;2;0;1;0;1;0;0;0;0;0;0;0;0
11;11;11030721.0;2019;4;11;3;2;2;6;0;0;1;0;0;0;0;0;0;0
11;11;11041022.0;2019;11;18;5;2;2;6;2;0;1;0;0;0;1;1;0;0
11;3;3061434.0;2019;6;8;5;3;5;3;0;1;1;0;0;0;0;0;0;0
11;4;4030622.0;2019;9;8;2;3;6;4;0;0;1;1;0;0;0;0;0;0
11;12;12302212.0;2019;12;8;3;2;6;2;0;0;1;1;0;0;0;0;0;0
11;12;12103219.0;2019;7;13;7;3;2;2;0;0;1;0;0;0;0;0;0;0
11;3;3061131.0;2019;10;18;5;3;3;6;2;0;1;0;0;0;0;0;0;0
11;7;7020203.0;2019;7;9;7;3;1;5;0;1;0;0;0;1;0;0;0;0
11;1;1033203.0;2019;9;8;6;3;5;3;0;1;1;0;0;0;0;0;0;0
11;4;4041133.0;2019;4;7;3;2;2;6;0;0;1;0;1;0;0;0;0;0
11;1;1011202.0;2019;4;16;3;3;1;5;0;1;1;0;0;0;0;0;0;0
11;11;11030721.0;2019;11;4;4;2;6;4;2;0;0;1;1;0;0;1;0;0
11;4;4051656.0;2019;11;23;1;3;3;6;2;0;1;0;0;0;0;0;0;0
11;2;2050803.0;2019;7;16;6;3;5;3;0;1;0;0;0;0;0;0;0;0
11;2;2050602.0;2019;4;14;3;3;2;2;0;1;1;0;0;0;0;0;0;0
11;7;7030303.0;2019;10;17;4;3;2;6;0;0;1;0;0;0;1;1;0;0
11;4;4020208.0;2019;9;1;1;2;1;5;2;1;1;0;0;0;0;0;0;0
11;3;3040818.0;2019;5;19;5;3;1;3;0;1;1;0;0;0;1;0;0;0
11;4;4020314.0;2019;7;17;6;2;3;6;0;0;0;0;1;0;1;0;0;0
11;7;7030303.0;2019;4;14;3;3;0;6;0;0;1;0;1;0;0;0;0;0
11;2;2050602.0;2019;6;15;5;3;2;6;0;0;1;0;0;0;0;0;0;0
11;7;7050501.0;2019;9;6;1;3;9;1;0;0;1;0;0;0;0;0;0;0
11;2;2050602.0;2019;12;13;3;3;5;2;0;1;1;0;0;0;0;0;0;0
11;4;4030417.0;2019;5;18;5;3;5;2;0;1;1;0;0;0;0;0;0;0
11;2;2050602.0;2019;7;9;6;3;5;3;0;1;1;0;0;0;0;0;0;0
11;7;7060601.0;2019;10;17;5;3;5;3;2;0;1;0;1;0;0;0;0;0
11;12;12103115.0;2019;7;19;5;3;1;1;0;1;1;0;0;0;0;0;0;0
11;2;2020202.0;2019;9;0;6;3;5;3;2;1;1;0;0;0;0;0;0;0
11;3;3050923.0;2019;4;14;3;3;2;6;0;0;1;0;0;0;1;0;0;0
11;3;3040818.0;2019;10;18;4;3;3;6;1;0;1;0;1;0;0;1;0;0
11;2;2050602.0;2019;8;22;7;2;6;7;2;0;1;1;0;0;0;0;0;0
11;2;2040503.0;2019;5;17;5;3;5;2;0;1;1;0;0;0;0;0;0;0
11;1;1011102.0;2019;7;13;5;3;0;7;0;1;0;0;0;0;0;0;0;0
11;2;2050601.0;2019;4;20;2;3;5;5;1;1;1;0;0;0;0;0;0;0
11;2;2050803.0;2019;11;10;1;3;0;7;0;0;0;0;0;0;1;1;0;0
11;12;12103219.0;2019;6;21;7;3;0;6;1;0;1;0;1;0;0;0;0;0
11;3;3061126.0;2019;12;13;5;3;0;7;0;0;1;0;0;0;0;0;0;0
11;1;1011303.0;2019;7;9;5;3;6;4;0;0;0;1;0;0;1;0;0;0
11;1;1044102.0;2019;4;17;2;2;5;3;0;1;1;0;0;0;0;0;0;0
11;12;12231101.0;2019;10;11;7;3;2;6;0;0;1;0;0;0;1;0;0;0
11;7;7040403.0;2019;8;19;7;3;5;7;2;0;1;0;0;0;0;0;0;0
11;6;6010209.0;2019;7;11;5;3;5;2;0;0;1;0;0;0;0;0;0;0
11;2;2020202.0;2019;4;17;2;3;5;2;0;1;1;0;0;0;0;0;0;0
11;6;6030503.0;2019;10;14;4;3;2;6;0;0;1;0;0;0;0;0;0;0
11;4;4030622.0;2019;6;17;5;3;2;2;0;1;1;0;0;0;0;0;0;0
11;2;2050602.0;2019;8;20;7;3;5;3;2;0;1;0;0;0;0;0;0;0
11;10;10030726.0;2019;12;11;6;3;5;2;0;1;1;0;0;0;0;0;0;0
11;3;3020209.0;2019;5;7;5;3;3;6;0;0;1;0;1;0;0;0;0;0
11;4;4010101.0;2019;4;9;2;2;3;6;0;0;1;0;0;0;0;0;0;0
11;7;7050502.0;2019;11;11;1;3;5;3;0;0;1;0;0;0;0;0;0;0
11;1;1011303.0;2019;5;11;5;3;5;3;0;0;1;0;1;0;0;0;0;0
11;4;4030623.0;2019;11;14;6;3;3;6;0;0;1;0;0;0;0;0;0;0
11;6;6010209.0;2019;7;10;5;2;0;1;0;0;1;0;1;0;0;0;0;0
11;1;1044201.0;2019;4;15;2;3;2;6;0;0;1;0;0;0;0;0;0;0
11;12;12103117.0;2019;10;20;2;2;3;6;2;0;1;0;1;0;0;0;0;0
11;6;6030605.0;2019;8;17;7;2;2;6;0;0;1;0;1;0;0;0;0;0
11;8;9010302.0;2019;5;15;5;2;0;1;0;0;1;0;0;0;0;0;0;0
11;4;4041134.0;2019;7;11;5;3;3;6;0;0;1;0;0;0;0;0;0;0
11;3;3020209.0;2019;4;16;2;3;5;3;0;0;0;0;1;0;1;0;0;0
11;1;1033203.0;2019;6;21;1;3;2;6;1;0;1;0;0;0;0;0;0;0
11;4;4020311.0;2019;8;13;7;2;2;6;0;0;1;0;0;0;0;0;0;0
11;3;3061228.0;2019;12;5;2;3;5;2;2;1;1;0;0;0;0;0;0;0
11;7;7040403.0;2019;5;7;5;3;2;6;0;0;1;0;0;0;0;0;0;0
11;2;2020203.0;2019;7;16;4;3;2;6;0;0;1;0;0;0;0;0;0;0
11;7;7050502.0;2019;4;16;2;3;5;2;0;0;1;0;1;0;0;0;0;0
11;4;4020314.0;2019;11;5;2;3;2;6;2;0;1;0;0;0;0;1;0;0
11;1;1044201.0;2019;7;23;4;2;5;2;2;0;1;0;0;0;0;0;0;0
11;7;7070701.0;2019;4;14;1;3;2;6;0;0;1;0;0;0;0;0;0;0
11;4;4041239.0;2019;10;6;2;3;2;6;2;0;1;0;0;0;0;0;0;0
11;10;10010308.0;2019;8;23;6;2;0;7;2;1;0;0;0;0;0;0;0;0
11;7;7040405.0;2019;5;7;5;2;3;6;0;0;1;0;1;0;1;0;0;0
11;7;7010104.0;2019;7;21;4;3;5;2;1;0;1;0;1;0;0;0;0;0
11;3;3061126.0;2019;4;14;1;3;6;4;0;1;0;1;0;0;0;0;0;0
11;9;9010302.0;2019;11;8;4;3;3;6;0;0;1;0;0;1;0;1;0;0
11;1;1011104.0;2019;6;13;4;3;5;2;0;0;1;0;1;0;0;0;0;0
11;7;7030303.0;2019;8;18;6;3;2;6;0;0;1;0;0;0;0;0;0;0
11;4;4030417.0;2019;12;11;2;3;3;6;0;0;1;0;0;0;0;0;0;0
11;7;7030303.0;2019;7;17;4;3;2;6;0;0;1;0;1;0;0;0;0;0
11;10;10040933.0;2019;10;14;4;3;2;6;0;0;1;0;0;0;0;0;0;0
11;1;1011104.0;2019;8;17;6;3;4;6;0;1;0;0;0;0;1;0;0;0
11;7;7020203.0;2019;7;19;3;3;1;5;0;1;1;0;0;0;0;0;0;0
11;4;4020314.0;2019;4;11;1;3;3;6;0;0;1;0;0;0;0;0;0;0
11;1;1011303.0;2019;10;14;3;3;6;4;0;1;0;1;0;0;0;1;0;0
11;3;3050925.0;2019;8;9;6;3;2;6;0;0;0;0;0;1;1;0;0;0
11;12;12301205.0;2019;5;17;4;3;2;6;0;0;1;0;0;0;0;1;0;0
11;1;1011303.0;2019;7;17;3;3;5;2;0;1;1;0;0;0;0;0;0;0
11;2;2050803.0;2019;4;18;1;3;0;1;0;0;0;0;1;0;0;0;0;0
11;7;7060603.0;2019;11;7;6;3;2;7;1;0;1;0;0;0;0;0;0;0
11;7;7040403.0;2019;5;17;4;3;2;6;0;0;1;0;0;0;0;0;0;0
11;7;7040401.0;2019;12;17;3;3;1;5;2;0;1;0;0;0;0;1;0;0
11;12;12103117.0;2019;7;17;3;3;0;2;0;1;1;0;0;0;0;0;0;0
11;4;4030621.0;2019;4;18;1;3;0;4;0;1;0;1;0;0;0;0;0;0
11;12;12214125.0;2019;10;7;6;3;2;6;1;0;1;0;1;0;0;0;0;0
11;1;1044102.0;2019;8;14;6;3;3;6;0;1;1;0;0;0;1;0;0;0
11;12;12214125.0;2019;7;10;3;3;2;6;0;0;1;0;0;0;0;0;0;0
11;4;4041133.0;2019;4;18;1;3;2;6;0;0;1;0;0;0;0;0;0;0
11;3;3061332.0;2019;10;11;3;3;6;4;0;0;0;1;0;0;1;1;0;0
11;7;7040403.0;2019;6;22;4;3;2;6;2;0;1;0;0;0;0;0;0;0
11;11;11030721.0;2019;8;12;6;3;5;2;0;1;1;0;0;0;0;0;0;0