LAND;BEZ;LOR_ab_2021;UJAHR;UMONAT;USTUNDE;UWOCHENTAG;UKATEGORIE;UART;UTYP1;ULICHTVERH;IstRad;IstPKW;IstFuss;IstKrad;IstGkfz;IstSonstige;USTRZUSTAND;LOCKDOWN;COVID
11;1;1011306.0;2019;1;9;3;3;1;5;0;1;1;0;0;0;0;0;0;0
11;4;4030623.0;2019;1;21;2;3;5;3;2;0;1;0;0;0;0;0;0;0
11;7;7030303.0;2019;1;11;2;3;5;2;0;1;1;0;0;0;0;1;0;0
11;6;6030606.0;2019;1;18;5;3;1;5;2;1;1;0;0;0;0;0;0;0
11;5;5030832.0;2019;1;20;2;3;6;7;2;0;1;1;0;0;0;1;0;0
11;3;3010102.0;2019;1;17;2;3;2;6;1;1;0;0;0;0;1;1;0;0
11;10;10040931.0;2019;1;20;2;2;5;3;2;0;1;0;0;0;0;1;0;0
11;8;8010301.0;2019;1;18;2;2;6;2;2;0;1;1;0;0;0;1;0;0
11;7;8020726.0;2019;1;17;2;3;6;2;2;0;1;1;0;0;0;1;0;0
11;6;6010209.0;2019;1;17;2;2;6;4;2;0;1;1;0;0;0;1;0;0
11;6;6030610.0;2019;1;17;2;3;2;2;2;0;1;0;0;0;0;1;0;0
11;7;7050502.0;2019;1;16;2;2;5;3;1;0;1;0;1;0;0;1;0;0
11;7;7010104.0;2019;1;8;2;3;0;1;0;1;0;0;0;0;0;2;0;0
11;8;8020625.0;2019;1;15;2;3;5;3;1;1;1;0;0;0;0;1;0;0
11;4;4010102.0;2019;1;8;2;3;2;6;0;0;1;0;0;0;0;1;0;0
11;5;5010101.0;2019;1;15;2;2;5;3;0;0;1;0;0;0;0;1;0;0
11;8;8041035.0;2019;1;16;5;3;5;3;1;1;1;0;0;0;0;0;0;0
11;6;6040805.0;2019;1;9;2;3;1;1;0;0;1;0;0;0;1;2;0;0
11;10;10020412.0;2019;1;20;2;3;5;3;2;0;1;0;0;0;0;1;0;0
11;6;6020303.0;2019;1;15;2;3;5;2;0;0;1;0;1;0;0;0;0;0
11;9;9020502.0;2019;1;13;2;3;5;3;0;1;1;0;0;0;0;1;0;0
11;6;6040804.0;2019;1;8;2;3;0;1;0;1;0;0;0;0;0;2;0;0
11;8;8041037.0;2019;1;8;5;3;3;6;0;0;1;0;0;1;0;0;0;0
11;1;1033203.0;2019;1;13;2;3;2;6;0;0;1;0;0;0;1;0;0;0
11;4;4020314.0;2019;1;8;2;3;0;1;0;1;0;0;0;0;0;2;0;0
11;4;4030415.0;2019;1;6;2;2;6;2;2;0;1;1;0;0;0;1;0;0
11;6;6020302.0;2019;2;13;6;3;2;6;0;0;1;0;0;0;0;0;0;0
11;9;9020702.0;2019;1;6;2;2;6;2;2;0;1;1;0;0;0;1;0;0
11;1;1044103.0;2019;1;19;2;3;6;2;2;0;1;1;0;0;0;0;0;0
11;10;10040933.0;2019;1;13;2;3;5;2;0;0;1;0;0;0;0;0;0;0
11;4;4051549.0;2019;1;9;4;3;5;2;0;0;1;0;0;0;0;0;0;0
11;5;5030833.0;2019;1;6;2;2;5;3;2;1;1;0;0;0;0;1;0;0
11;10;10010309.0;2019;1;19;2;2;6;4;2;0;1;1;0;0;0;1;0;0
11;10;10030727.0;2019;1;12;2;2;5;2;0;0;1;0;1;0;0;0;0;0
11;8;8010510.0;2019;1;5;2;3;5;7;2;1;0;0;0;0;1;1;0;0
11;4;4030725.0;2019;1;19;2;3;5;3;2;0;1;0;0;0;0;1;0;0
11;4;4010101.0;2019;1;9;5;3;0;2;0;1;1;0;0;0;0;1;0;0
11;1;1044101.0;2019;1;5;2;3;6;2;2;0;1;1;0;0;0;1;0;0
11;12;12103218.0;2019;1;19;2;3;6;2;2;0;1;1;0;0;0;1;0;0
11;4;4030929.0;2019;1;14;4;3;5;7;0;0;1;0;0;0;1;1;0;0
11;1;1044101.0;2019;1;10;2;3;1;5;0;0;1;0;0;0;0;1;0;0
11;11;11040925.0;2019;1;18;2;3;2;2;2;0;1;0;0;0;0;1;0;0
11;3;3040818.0;2019;1;10;2;3;5;3;0;1;1;0;0;0;0;1;0;0
11;8;8010211.0;2019;1;22;4;3;5;7;2;0;1;0;0;0;1;0;0;0
11;6;6030504.0;2019;1;10;2;3;0;3;0;1;1;0;0;0;0;2;0;0
11;6;6010206.0;2019;1;18;2;2;6;2;2;0;1;1;0;0;0;1;0;0
11;5;5030832.0;2019;1;9;2;3;0;5;0;1;1;0;0;0;0;2;0;0
11;7;7050501.0;2019;1;9;2;3;2;2;0;0;1;0;0;0;0;1;0;0
11;1;1033202.0;2019;1;18;2;2;5;3;2;1;1;0;0;0;0;1;0;0
11;12;12231102.0;2019;1;8;2;3;0;1;0;1;0;0;0;0;0;2;0;0
11;7;7030301.0;2019;1;13;5;3;1;5;0;1;1;0;0;0;0;0;0;0
11;9;9051801.0;2019;1;9;2;2;0;1;0;1;0;0;0;0;0;2;0;0
11;4;4030726.0;2019;1;11;2;3;6;2;0;0;0;1;0;0;1;0;0;0
11;1;1022203.0;2019;1;2;1;3;1;7;2;0;1;0;0;0;0;1;0;0
11;1;1011302.0;2019;1;11;1;3;6;7;0;0;1;1;0;0;0;1;0;0
11;5;5010101.0;2019;1;19;1;3;6;2;2;0;1;1;0;0;0;1;0;0
11;5;5030730.0;2019;1;19;1;3;2;6;2;0;1;0;0;0;0;1;0;0
11;5;5010314.0;2019;1;20;1;3;6;4;2;0;1;1;0;0;0;0;0;0
11;8;8010212.0;2019;1;11;1;3;5;3;0;0;1;0;0;0;0;1;0;0
11;4;4030726.0;2019;1;8;1;2;1;1;0;0;1;0;0;0;0;1;0;0
11;1;1044201.0;2019;1;4;1;3;5;3;2;0;1;0;0;0;1;0;0;0
11;8;8010301.0;2019;1;18;1;3;2;6;2;0;1;0;0;0;0;1;0;0
11;4;4030620.0;2019;1;18;1;2;6;2;2;0;1;1;0;0;0;1;0;0
11;3;3020307.0;2019;1;5;5;3;0;6;2;0;1;0;0;0;1;1;0;0
11;1;1011102.0;2019;1;18;1;3;2;6;2;0;1;0;0;0;0;1;0;0
11;7;7050505.0;2019;1;18;1;2;6;4;2;0;1;1;0;0;0;1;0;0
11;5;5010103.0;2019;1;17;1;3;5;3;2;0;1;0;0;0;0;1;0;0
11;6;6030504.0;2019;1;16;1;3;5;2;2;1;1;0;0;0;0;1;0;0
11;6;6030608.0;2019;1;15;1;3;4;6;0;1;1;0;0;0;0;1;0;0
11;12;12214528.0;2019;1;21;7;3;4;6;2;0;1;0;0;0;0;1;0;0
11;4;4051446.0;2019;1;22;7;2;6;4;2;0;1;1;0;0;0;1;0;0
11;7;7070701.0;2019;1;14;7;2;0;7;0;0;1;0;0;0;0;1;0;0
11;11;11010310.0;2019;1;13;7;3;6;4;0;0;0;1;0;0;1;2;0;0
11;1;1011305.0;2019;1;15;5;3;5;7;0;1;0;0;0;0;1;0;0;0
11;12;12103117.0;2019;1;13;7;3;5;3;0;0;1;0;0;0;0;1;0;0
11;8;8020727.0;2019;1;12;7;3;6;4;0;0;1;1;0;0;0;1;0;0
11;9;9010202.0;2019;1;11;7;2;4;6;0;0;1;0;0;0;0;1;0;0
11;1;1011302.0;2019;1;19;5;3;1;5;2;1;1;0;0;0;0;0;0;0
11;3;3040818.0;2019;1;11;7;3;5;3;0;0;1;0;0;0;0;1;0;0
11;7;7050503.0;2019;1;10;7;2;1;5;0;0;1;0;0;0;0;1;0;0
11;1;1044201.0;2019;1;8;7;3;2;6;0;0;1;0;0;0;0;1;0;0
11;5;5010208.0;2019;1;22;7;3;6;7;2;0;1;1;0;0;0;1;0;0
11;2;2040703.0;2019;1;21;7;3;5;7;2;0;1;0;0;0;0;1;0;0
11;4;4030726.0;2019;1;20;7;3;6;7;2;0;1;1;0;0;0;1;0;0
11;8;8010117.0;2019;2;22;6;3;4;5;2;1;0;0;0;0;1;0;0;0
11;6;6040810.0;2019;1;20;7;3;6;2;2;0;1;1;0;0;0;1;0;0
11;4;4031032.0;2019;1;17;7;3;0;3;1;1;1;0;0;0;0;1;0;0
11;3;3010104.0;2019;1;4;7;3;9;1;2;0;1;0;0;0;0;2;0;0
11;2;2020202.0;2019;1;12;4;3;5;3;0;1;1;0;0;0;0;0;0;0
11;9;9010402.0;2019;1;18;7;3;6;2;2;0;1;1;0;0;0;1;0;0
11;3;3040614.0;2019;1;17;7;3;5;3;1;0;1;0;0;0;0;1;0;0
11;1;1011204.0;2019;1;17;7;3;5;2;1;0;1;0;0;0;0;1;0;0
11;7;7040403.0;2019;1;17;7;2;5;3;1;1;1;0;0;0;0;1;0;0
11;6;6020304.0;2019;1;0;7;3;1;5;2;0;0;0;1;1;0;1;0;0
11;4;4030931.0;2019;1;12;5;3;5;3;0;0;1;0;0;0;0;0;0;0
11;9;9041501.0;2019;1;17;7;3;6;4;1;0;1;1;0;0;0;1;0;0
11;4;4010101.0;2019;1;16;7;3;2;2;1;0;1;0;0;0;0;1;0;0
11;10;10010308.0;2019;1;13;5;3;2;6;0;0;1;0;0;0;0;0;0;0
11;7;7030301.0;2019;1;16;7;3;3;6;1;1;0;0;0;0;1;1;0;0
11;1;1011103.0;2019;1;18;6;3;2;6;2;0;1;0;0;0;0;1;0;0
11;7;7030303.0;2019;1;20;4;3;2;6;2;0;1;0;0;0;0;0;0;0
11;8;8010303.0;2019;1;22;6;3;5;2;2;1;1;0;0;0;0;1;0;0
11;3;3020307.0;2019;1;21;6;2;0;7;2;0;1;0;0;0;1;0;0;0
11;10;10010203.0;2019;1;12;6;3;9;1;0;0;1;0;0;0;0;2;0;0
11;8;8010117.0;2019;1;19;6;3;0;5;2;1;1;0;0;0;0;1;0;0
11;6;6040809.0;2019;1;7;6;3;0;1;1;1;0;0;0;0;0;1;0;0
11;1;2040701.0;2019;1;7;6;2;5;2;1;1;1;0;0;0;0;1;0;0
11;6;6020302.0;2019;1;6;5;3;2;6;2;0;1;0;0;0;1;0;0;0
11;1;1011102.0;2019;1;8;6;3;2;6;0;0;1;0;0;0;0;2;0;0
11;1;1011306.0;2019;1;10;6;3;6;2;0;0;0;1;0;0;1;1;0;0
11;4;4020313.0;2019;1;11;6;3;5;2;0;0;1;0;0;0;1;0;0;0
11;7;7040401.0;2019;1;11;6;3;2;7;0;0;1;0;0;0;0;1;0;0
11;11;11051229.0;2019;1;13;6;3;6;4;0;0;1;1;0;0;0;1;0;0
11;11;11051229.0;2019;1;13;6;2;2;2;0;1;0;0;0;1;0;0;0;0
11;9;9041401.0;2019;1;14;6;3;5;3;0;0;1;0;0;0;0;0;0;0
11;12;12301204.0;2019;1;6;6;3;5;2;1;0;1;0;0;0;0;1;0;0
11;2;2050801.0;2019;1;18;6;3;5;2;2;0;1;0;1;0;0;1;0;0
11;9;9051702.0;2019;1;10;6;3;0;7;0;0;1;0;0;0;0;1;0;0
11;8;8030831.0;2019;1;18;6;2;6;4;2;0;1;1;0;0;0;1;0;0
11;9;9020701.0;2019;1;17;6;3;5;2;2;0;1;0;0;0;0;1;0;0
11;7;7040405.0;2019;1;18;5;3;6;2;2;0;1;1;0;0;0;0;0;0
11;4;4051448.0;2019;1;16;6;3;5;3;1;0;1;0;0;0;0;0;0;0
11;4;4030828.0;2019;1;19;5;3;3;6;2;1;1;0;0;0;0;0;0;0
11;11;11030619.0;2019;1;18;5;3;2;6;2;0;1;0;0;0;0;0;0;0
11;8;8020619.0;2019;1;17;5;2;5;3;2;0;1;0;0;0;1;0;0;0
11;6;6040703.0;2019;1;16;5;3;5;3;2;1;1;0;0;0;0;0;0;0
11;10;10010102.0;2019;1;15;5;2;6;4;0;0;1;1;0;0;0;0;0;0
11;6;6040701.0;2019;2;15;6;3;5;3;0;0;1;0;0;0;0;0;0;0
11;10;10010204.0;2019;1;15;5;3;5;3;0;0;1;0;0;1;0;0;0;0
11;8;8010118.0;2019;1;14;5;3;6;7;0;1;0;1;0;0;0;0;0;0
11;9;9020701.0;2019;1;9;5;3;6;4;0;0;1;1;0;0;0;0;0;0
11;9;9030901.0;2019;1;7;5;3;1;5;0;0;1;0;0;0;0;0;0;0
11;7;7020204.0;2019;1;12;4;3;2;6;0;0;1;0;0;0;0;0;0;0
11;5;5020522.0;2019;1;15;4;2;6;4;0;0;1;1;0;0;0;0;0;0
11;8;8041037.0;2019;1;16;4;3;5;2;2;0;1;0;0;0;0;0;0;0
11;9;9010101.0;2019;1;17;5;3;2;2;1;0;1;0;0;0;0;0;0;0
11;1;1011203.0;2019;1;15;4;3;5;2;0;1;1;0;0;0;0;0;0;0
11;7;7010104.0;2019;1;15;4;3;2;6;0;0;0;0;1;0;0;0;0;0
11;3;3050925.0;2019;1;15;4;3;1;5;0;1;1;0;0;0;0;0;0;0
11;3;3061126.0;2019;1;14;4;3;1;5;0;0;1;0;0;0;0;0;0;0
11;4;4030726.0;2019;1;12;4;2;5;2;0;0;1;0;1;0;0;0;0;0
11;3;3030716.0;2019;1;7;5;3;2;6;0;0;1;0;0;0;0;0;0;0
11;9;9010401.0;2019;1;6;4;3;2;6;2;0;1;0;0;0;0;1;0;0
11;9;9010401.0;2019;1;6;4;3;0;6;2;0;1;0;0;0;1;0;0;0
11;2;2040701.0;2019;1;22;4;3;5;3;2;0;1;0;0;0;0;0;0;0
11;3;3020307.0;2019;1;7;4;3;6;4;0;0;1;1;0;0;0;0;0;0
11;4;4051448.0;2019;1;7;4;3;3;6;0;1;1;0;0;0;0;0;0;0
11;1;1011301.0;2019;1;8;4;3;2;6;0;1;1;0;0;0;0;1;0;0
11;9;9010301.0;2019;1;17;4;3;5;2;2;1;1;0;0;0;0;0;0;0
11;4;4030415.0;2019;1;8;4;3;2;6;0;0;1;0;0;0;0;0;0;0
11;4;4030519.0;2019;1;8;4;3;5;2;0;1;1;0;0;0;0;0;0;0
11;5;5010208.0;2019;1;9;4;3;6;2;0;0;1;1;0;0;0;0;0;0
11;7;7070701.0;2019;1;11;4;2;6;2;0;0;1;1;0;0;0;0;0;0
11;12;12302108.0;2019;1;6;4;3;2;6;2;0;1;0;0;0;0;0;0;0
11;8;8010301.0;2019;1;9;5;3;0;3;0;0;1;0;1;0;0;0;0;0
11;6;6030610.0;2019;1;19;4;2;5;3;2;0;1;0;0;0;0;2;0;0
11;2;2020204.0;2019;1;18;4;3;5;2;2;1;1;0;0;0;0;0;0;0
11;4;4030623.0;2019;1;14;4;3;6;4;0;1;0;1;0;0;0;0;0;0
11;4;4051550.0;2019;1;12;4;3;6;4;0;0;1;1;0;0;0;0;0;0
11;8;8010301.0;2019;1;18;4;3;2;6;2;0;1;0;0;0;0;0;0;0
11;6;6010209.0;2019;1;18;4;3;5;3;2;1;1;0;0;0;0;0;0;0
11;3;3040818.0;2019;1;12;4;2;5;3;0;1;1;0;0;0;0;0;0;0
11;2;2020206.0;2019;1;4;4;2;8;1;2;0;1;0;0;0;0;0;0;0
11;4;4030931.0;2019;1;17;4;3;6;4;2;1;0;1;0;0;0;0;0;0
11;7;7040405.0;2019;1;17;4;3;5;2;2;1;1;0;0;0;0;0;0;0
11;2;2040503.0;2019;1;17;4;3;2;6;2;0;1;0;0;0;0;0;0;0
11;2;2030302.0;2019;1;13;4;3;1;5;0;1;0;0;0;0;1;0;0;0
11;6;6020409.0;2019;1;13;5;3;5;2;0;1;1;0;0;0;0;0;0;0
11;8;8020622.0;2019;1;7;3;3;2;6;0;0;1;0;0;0;0;0;0;0
11;3;3061126.0;2019;1;10;3;2;5;7;0;0;1;0;0;0;1;0;0;0
11;1;1033201.0;2019;1;16;3;3;6;4;0;1;0;1;0;0;0;0;0;0
11;4;4030623.0;2019;1;13;4;2;5;3;0;1;1;0;0;0;0;0;0;0
11;11;11020515.0;2019;1;14;3;3;5;3;0;0;1;0;0;0;0;0;0;0
11;3;3061429.0;2019;1;14;3;3;5;2;0;1;1;0;0;0;0;0;0;0
11;6;6040810.0;2019;1;13;3;3;2;2;0;0;1;0;0;1;0;0;0;0
11;6;6010208.0;2019;1;13;3;3;2;2;0;1;1;0;0;0;0;0;0;0
11;8;8020621.0;2019;1;13;3;3;4;6;0;0;1;0;0;0;0;0;0;0
11;10;10040933.0;2019;1;12;3;3;5;2;0;0;1;0;0;0;1;0;0;0
11;12;12302110.0;2019;1;18;5;2;6;2;2;0;1;1;0;0;0;0;0;0
11;3;3040512.0;2019;1;12;3;2;5;3;0;1;1;0;0;0;0;0;0;0
11;8;8020619.0;2019;1;12;3;3;6;7;0;0;1;1;0;0;0;0;0;0
11;8;8041036.0;2019;1;18;3;3;6;4;1;0;1;1;0;0;0;0;0;0
11;8;8010405.0;2019;1;10;3;3;5;3;0;0;1;0;0;0;1;0;0;0
11;8;8030829.0;2019;1;18;5;2;6;2;1;0;1;1;0;0;0;0;0;0
11;11;11030720.0;2019;1;9;3;3;2;6;0;0;1;0;0;0;1;0;0;0
11;4;4030930.0;2019;1;9;3;2;3;3;0;0;1;0;0;0;1;0;0;0
11;3;3071537.0;2019;1;22;3;2;5;2;2;1;1;0;0;0;0;0;0;0
11;4;4020310.0;2019;1;20;3;3;5;2;2;0;1;0;0;0;0;0;0;0
11;12;12214527.0;2019;1;19;3;3;6;7;2;0;1;1;0;0;0;0;0;0
11;6;6040810.0;2019;1;8;3;3;2;2;0;1;1;0;0;0;0;0;0;0
11;2;2010104.0;2019;1;18;3;3;6;4;1;1;0;1;0;0;0;0;0;0
11;10;10010310.0;2019;1;20;2;3;2;6;2;0;1;0;0;0;0;1;0;0
11;10;10020413.0;2019;1;16;5;3;6;4;0;0;1;1;0;0;0;0;0;0
11;9;9010301.0;2019;1;19;2;3;5;3;2;0;1;0;0;0;0;0;0;0
11;1;1044202.0;2019;1;18;2;3;2;6;2;0;1;0;0;0;0;0;0;0
11;4;4030620.0;2019;1;17;2;2;6;2;2;0;1;1;0;0;0;0;0;0
11;11;11041023.0;2019;1;17;2;2;6;4;2;0;1;1;0;0;0;0;0;0
11;9;9020501.0;2019;1;17;2;3;2;6;2;0;1;0;0;0;0;1;0;0
11;4;4031032.0;2019;1;14;2;3;2;3;0;0;1;0;0;0;0;0;0;0
11;7;7040403.0;2019;1;7;2;3;2;6;0;0;1;0;0;0;0;1;0;0
11;7;7040406.0;2019;1;7;2;3;5;2;0;1;1;0;0;0;0;0;0;0
11;3;3040512.0;2019;1;7;2;3;3;6;2;0;1;0;0;1;0;0;0;0
11;12;12302110.0;2019;2;12;6;3;5;2;0;1;0;0;0;1;0;0;0;0
11;6;6040804.0;2019;1;6;2;3;6;2;2;0;1;1;0;0;0;1;0;0
11;9;9030901.0;2019;1;5;2;3;5;2;2;0;1;0;0;0;0;0;0;0
11;8;8020728.0;2019;1;17;2;3;2;2;1;0;1;0;1;0;0;0;0;0
11;1;1011401.0;2019;1;13;4;3;6;4;0;0;0;1;0;0;1;0;0;0
11;9;9052001.0;2019;1;17;2;2;6;2;1;0;1;1;0;0;0;0;0;0
11;7;7020204.0;2019;1;15;2;3;6;4;0;1;0;1;0;0;0;0;0;0
11;10;10040829.0;2019;1;15;2;3;2;2;0;0;1;0;0;0;0;0;0;0
11;4;4020313.0;2019;1;13;2;3;2;2;0;0;1;0;0;0;0;0;0;0
11;8;8020622.0;2019;1;13;2;3;0;3;0;0;1;0;0;0;1;0;0;0
11;2;2030301.0;2019;1;9;5;3;3;6;0;0;1;0;0;0;1;0;0;0
11;2;2020206.0;2019;1;12;2;3;6;7;0;0;1;1;0;0;0;0;0;0
11;8;8020619.0;2019;1;11;2;3;2;6;0;0;1;0;0;0;0;0;0;0
11;4;4030827.0;2019;1;8;5;3;0;2;0;1;1;0;0;0;0;0;0;0
11;1;1011301.0;2019;1;11;2;3;6;4;0;0;1;1;0;0;0;0;0;0
11;6;6040810.0;2019;1;10;2;3;5;3;0;1;1;0;0;0;0;0;0;0
11;1;1022103.0;2019;1;9;2;3;2;6;0;0;1;0;0;0;0;0;0;0
11;1;1011303.0;2019;1;21;4;3;2;6;2;0;1;0;0;0;0;0;0;0
11;5;5020415.0;2019;1;8;2;3;6;4;0;0;1;1;0;0;0;0;0;0
11;4;4030416.0;2019;1;10;2;3;0;1;0;0;0;0;1;0;0;2;0;0
11;1;1033102.0;2019;1;15;1;3;1;5;0;1;1;0;0;0;1;1;0;0
11;1;1033203.0;2019;1;23;1;2;5;3;2;1;1;0;0;0;0;0;0;0
11;6;6010210.0;2019;1;17;1;3;6;2;2;0;1;1;0;0;0;0;0;0
11;4;4010101.0;2019;1;17;1;3;5;2;2;0;1;0;0;0;0;1;0;0
11;4;4030622.0;2019;1;10;5;3;5;2;0;0;1;0;0;0;0;0;0;0
11;1;1033202.0;2019;1;15;1;3;2;1;0;1;1;0;0;0;0;0;0;0
11;8;8030831.0;2019;1;14;1;3;5;2;0;0;1;0;0;0;0;1;0;0
11;12;12103117.0;2019;1;1;1;2;1;1;2;0;1;0;0;0;1;1;0;0
11;1;1044102.0;2019;2;15;3;3;5;3;0;0;1;0;0;0;0;0;0;0
11;12;12214424.0;2019;2;13;3;3;3;6;0;1;1;0;0;0;0;0;0;0
11;1;1022104.0;2019;2;14;3;3;5;3;0;1;1;0;0;0;0;0;0;0
11;3;3061228.0;2019;2;17;5;3;5;3;2;1;1;0;0;0;0;0;0;0
11;9;9051701.0;2019;2;14;3;2;2;7;0;0;1;0;0;0;0;0;0;0
11;9;9041301.0;2019;2;15;3;2;6;4;0;0;1;1;0;0;0;0;0;0
11;6;6010206.0;2019;2;14;3;3;5;2;0;1;1;1;0;0;0;0;0;0
11;4;4020310.0;2019;2;14;5;2;5;2;0;0;1;0;0;0;0;0;0;0
11;4;4031032.0;2019;2;14;3;3;6;7;0;0;1;1;0;0;0;0;0;0
11;5;5020521.0;2019;2;11;3;3;2;2;0;0;1;0;0;0;0;0;0;0
11;5;5010209.0;2019;2;11;3;2;5;3;0;0;1;0;0;0;0;0;0;0
11;6;6020306.0;2019;2;7;3;3;3;6;0;1;0;0;0;0;1;0;0;0
11;2;2020204.0;2019;2;17;3;3;8;1;2;0;1;0;0;0;0;0;0;0
11;4;4031032.0;2019;2;18;3;3;2;6;2;0;1;0;0;0;0;0;0;0
11;8;8030831.0;2019;2;20;3;3;5;3;2;1;1;0;0;0;0;0;0;0
11;8;8010117.0;2019;2;17;3;3;2;6;2;1;1;0;0;0;0;0;0;0
11;1;1011305.0;2019;2;17;3;3;1;5;2;1;1;0;0;0;0;0;0;0
11;2;2030302.0;2019;2;13;5;2;6;4;0;1;0;1;0;0;0;0;0;0
11;7;7050501.0;2019;2;17;3;3;1;7;2;0;1;0;0;0;1;0;0;0
11;2;2020206.0;2019;2;15;5;3;3;6;0;1;1;0;0;0;0;0;0;0
11;8;8041037.0;2019;2;16;3;3;6;4;1;0;1;1;0;0;0;0;0;0
11;1;1033203.0;2019;2;16;3;3;6;4;0;0;0;1;1;0;0;0;0;0
11;12;12301203.0;2019;2;16;3;3;5;2;0;0;1;0;0;0;0;0;0;0
11;5;5030731.0;2019;2;13;5;3;2;6;0;0;1;0;0;0;0;0;0;0
11;5;5020523.0;2019;2;15;3;3;5;3;0;1;1;0;0;0;0;0;0;0
11;4;4051446.0;2019;2;17;3;2;5;2;2;1;1;0;0;0;0;0;0;0
11;12;12214125.0;2019;2;10;3;3;2;2;0;1;0;0;0;0;0;0;0;0
11;1;1011303.0;2019;2;14;6;3;5;2;0;1;0;0;0;0;1;0;0;0
11;6;6020303.0;2019;2;10;3;3;3;6;0;0;1;0;0;0;1;0;0;0
11;5;5020626.0;2019;2;7;3;3;2;7;0;0;1;0;0;0;0;0;0;0
11;1;1011101.0;2019;2;13;5;3;2;6;0;0;1;0;0;0;0;0;0;0
11;2;2040701.0;2019;2;7;3;3;5;3;1;1;1;0;0;0;0;0;0;0
11;2;2030402.0;2019;2;17;2;3;2;6;2;0;1;0;0;0;0;0;0;0
11;2;2030402.0;2019;2;17;2;3;2;6;2;0;1;0;0;0;0;0;0;0
11;11;11030721.0;2019;2;9;5;3;4;6;0;0;1;0;0;0;0;0;0;0
11;4;4030931.0;2019;2;15;2;3;2;6;0;0;1;0;0;0;0;0;0;0
11;3;3020209.0;2019;2;9;2;3;5;2;0;0;1;0;0;1;0;1;0;0
11;9;9020802.0;2019;2;8;2;3;2;2;0;0;1;0;0;0;0;1;0;0
11;1;1011302.0;2019;2;9;5;3;5;2;0;1;1;0;0;0;0;0;0;0
11;9;9031202.0;2019;2;11;2;3;2;6;0;0;1;0;0;0;0;1;0;0
11;1;1022205.0;2019;2;21;2;3;6;7;2;0;1;1;0;0;0;0;0;0
11;4;4041241.0;2019;2;14;6;3;0;1;0;1;0;0;0;0;0;0;0;0
11;9;9031101.0;2019;2;21;2;3;6;7;2;0;0;1;0;0;1;0;0;0
11;5;5020419.0;2019;2;5;2;3;3;6;2;1;0;0;0;0;1;1;0;0
11;10;10010204.0;2019;2;11;5;3;5;3;0;0;1;0;0;0;0;0;0;0
11;12;12103219.0;2019;2;7;2;3;6;2;0;0;1;1;0;0;0;1;0;0
11;8;8010406.0;2019;2;5;2;2;5;3;2;0;0;0;1;0;1;1;0;0
11;8;8010404.0;2019;2;11;5;3;2;6;0;0;1;0;0;0;1;0;0;0
11;5;5020626.0;2019;2;19;2;3;6;2;2;0;1;1;0;0;0;0;0;0
11;1;1022207.0;2019;2;7;2;2;6;7;1;1;0;1;0;0;0;1;0;0
11;8;8020727.0;2019;2;18;2;3;6;2;1;0;1;1;0;0;0;0;0;0
11;1;1011202.0;2019;2;19;5;3;0;2;2;1;0;0;0;0;1;0;0;0
11;7;7010101.0;2019;2;16;2;3;6;7;0;1;0;1;0;0;0;0;0;0
11;11;11020514.0;2019;2;16;2;2;5;3;0;1;1;0;0;0;0;0;0;0
11;8;8020622.0;2019;2;15;2;3;6;4;0;0;1;1;0;0;0;0;0;0
11;4;4051445.0;2019;2;7;5;3;5;2;0;1;1;0;0;0;0;1;0;0
11;9;9031101.0;2019;2;15;2;2;0;1;0;1;1;0;0;0;0;0;0;0
11;1;1033201.0;2019;2;14;2;3;2;6;0;0;1;0;0;0;0;1;0;0
11;10;10040932.0;2019;2;12;2;3;2;6;0;0;1;0;1;0;0;0;0;0
11;6;6030609.0;2019;2;7;5;3;5;3;0;0;1;0;0;0;0;0;0;0
11;4;4020313.0;2019;2;12;2;3;6;2;0;0;1;1;0;0;0;1;0;0
11;3;3061332.0;2019;2;8;2;3;5;7;0;0;1;0;0;0;1;1;0;0
11;12;12304313.0;2019;2;8;2;3;5;7;0;0;1;0;0;0;1;1;0;0
11;8;8020619.0;2019;2;7;5;3;5;2;0;0;1;0;0;0;1;1;0;0
11;9;9010202.0;2019;2;18;2;3;6;4;1;0;1;1;0;0;0;0;0;0
11;8;8010301.0;2019;2;16;1;3;2;2;2;0;1;0;0;0;0;1;0;0
11;9;9020702.0;2019;2;21;1;3;2;7;2;0;1;0;1;0;0;1;0;0
11;12;12301203.0;2019;2;16;5;3;5;2;0;1;1;0;0;0;0;0;0;0
11;10;10020413.0;2019;2;15;1;3;5;2;0;0;1;0;0;0;0;1;0;0
11;5;5010314.0;2019;2;1;1;3;8;1;1;0;1;0;0;0;0;1;0;0
11;2;2030301.0;2019;2;18;1;2;2;6;2;1;1;0;0;0;0;1;0;0
11;8;8041040.0;2019;2;7;5;3;0;3;0;0;1;0;1;0;0;0;0;0
11;4;4031032.0;2019;2;19;1;2;6;2;2;0;1;1;0;0;0;1;0;0
11;6;6020409.0;2019;2;18;1;2;8;1;2;0;1;0;0;0;1;1;0;0
11;1;1044202.0;2019;2;9;1;3;2;6;0;0;1;0;0;0;0;1;0;0
11;2;2010102.0;2019;2;2;1;3;5;3;2;0;1;0;0;0;1;0;0;0
11;11;11020412.0;2019;2;10;6;3;5;2;0;1;1;0;0;0;0;0;0;0
11;2;2030302.0;2019;2;3;7;3;0;1;2;1;0;0;0;0;0;0;0;0
11;1;1044101.0;2019;2;1;7;2;8;1;2;0;1;0;0;0;0;0;0;0