LAND;BEZ;LOR_ab_2021;UJAHR;UMONAT;USTUNDE;UWOCHENTAG;UKATEGORIE;UART;UTYP1;ULICHTVERH;IstRad;IstPKW;IstFuss;IstKrad;IstGkfz;IstSonstige;USTRZUSTAND;LOCKDOWN;COVID
11;12;12302110.0;2019;2;23;7;3;0;3;2;0;1;0;1;0;0;1;0;0
11;8;8030831.0;2019;2;23;7;3;2;6;2;0;1;0;0;0;1;1;0;0
11;8;8010404.0;2019;2;21;7;3;6;4;2;0;1;1;0;0;0;0;0;0
11;10;10010102.0;2019;2;14;5;3;6;4;0;0;1;1;0;0;0;0;0;0
11;1;1022206.0;2019;2;14;7;3;0;7;0;0;1;0;0;0;1;0;0;0
11;11;11010309.0;2019;2;20;7;3;5;2;2;0;1;0;0;0;0;1;0;0
11;9;9051901.0;2019;2;18;7;3;2;6;2;0;1;0;0;0;0;1;0;0
11;6;6010205.0;2019;2;5;5;3;3;6;2;0;1;0;0;0;0;0;0;0
11;1;1011305.0;2019;2;17;7;3;9;1;2;0;0;0;0;0;1;0;0;0
11;4;4010102.0;2019;2;15;7;3;5;2;0;0;1;0;0;0;0;0;0;0
11;4;4010102.0;2019;2;15;7;3;5;2;0;0;1;0;0;0;0;0;0;0
11;1;1033203.0;2019;2;11;6;2;6;2;0;0;0;1;0;1;0;0;0;0
11;4;4051655.0;2019;2;14;7;3;3;6;0;1;1;0;0;0;0;0;0;0
11;5;5030731.0;2019;2;14;7;3;0;2;0;1;1;0;0;0;0;0;0;0
11;8;8040933.0;2019;2;9;5;3;0;1;0;1;0;0;0;0;0;1;0;0
11;7;7040403.0;2019;2;20;7;2;5;3;2;0;1;0;0;0;0;1;0;0
11;5;5010313.0;2019;2;20;7;2;6;4;2;0;1;1;0;0;0;1;0;0
11;4;4051448.0;2019;2;13;7;3;2;6;0;0;1;0;0;0;1;0;0;0
11;1;1044202.0;2019;2;14;4;3;5;2;0;1;1;0;0;0;0;0;0;0
11;3;3061126.0;2019;2;13;7;3;5;3;0;0;1;0;0;0;0;0;0;0
11;9;9051901.0;2019;2;13;7;3;2;6;0;0;1;0;0;0;0;0;0;0
11;1;1022104.0;2019;2;12;7;3;5;2;0;1;1;0;0;0;0;1;0;0
11;2;2050802.0;2019;2;7;4;3;2;2;0;1;1;0;0;0;0;0;0;0
11;7;7050503.0;2019;2;12;7;2;5;2;0;1;1;0;0;0;0;0;0;0
11;9;9020501.0;2019;2;12;7;3;2;6;0;0;1;0;0;0;0;0;0;0
11;3;3050919.0;2019;2;14;7;3;5;3;0;1;0;0;0;0;1;0;0;0
11;6;6020411.0;2019;2;18;5;2;0;3;1;0;0;0;0;0;1;0;0;0
11;4;4030931.0;2019;2;10;6;3;1;5;0;0;1;0;0;1;0;0;0;0
11;10;10010102.0;2019;2;12;6;3;5;3;0;0;1;0;0;0;0;0;0;0
11;4;4020311.0;2019;2;13;4;3;5;3;0;0;1;0;0;0;0;0;0;0
11;11;11010206.0;2019;2;9;6;2;5;3;0;0;1;0;0;0;0;0;0;0
11;11;11030619.0;2019;2;14;6;3;0;7;0;0;0;0;0;0;1;0;0;0
11;11;11020412.0;2019;2;15;4;3;5;3;0;0;1;0;0;0;0;1;0;0
11;2;2050802.0;2019;2;23;6;3;6;7;2;0;1;1;0;0;0;0;0;0
11;4;4041134.0;2019;2;9;6;3;0;6;0;0;1;0;0;0;0;0;0;0
11;10;10010309.0;2019;2;5;6;3;6;4;2;0;1;1;0;0;0;0;0;0
11;11;11030720.0;2019;2;15;4;2;3;6;0;0;1;0;1;0;0;1;0;0
11;4;4030931.0;2019;2;15;6;2;5;2;0;0;1;0;1;0;0;0;0;0
11;6;6010206.0;2019;2;17;6;3;5;2;1;0;1;0;0;0;0;0;0;0
11;1;1011202.0;2019;2;18;6;3;6;4;1;0;1;1;0;0;0;0;0;0
11;1;1044201.0;2019;2;21;5;2;5;2;2;1;0;0;0;1;0;0;0;0
11;6;6040809.0;2019;2;2;6;2;5;3;2;0;1;0;0;0;0;1;0;0
11;11;11010207.0;2019;2;5;6;3;5;3;2;0;1;0;0;0;0;0;0;0
11;3;3040512.0;2019;2;5;6;3;2;6;2;0;1;0;0;0;0;0;0;0
11;1;1044103.0;2019;2;15;4;3;5;3;0;0;1;0;1;0;0;1;0;0
11;3;3061430.0;2019;2;8;6;3;2;6;0;0;1;0;0;0;1;0;0;0
11;4;4030929.0;2019;2;9;6;2;1;5;0;1;0;0;0;0;1;1;0;0
11;3;3020307.0;2019;2;11;6;3;0;2;0;0;1;0;0;0;1;0;0;0
11;8;8010213.0;2019;2;11;6;3;5;3;0;0;1;0;0;0;0;0;0;0
11;9;9041601.0;2019;2;11;6;3;4;2;0;0;1;0;0;0;0;0;0;0
11;2;2040701.0;2019;2;16;5;3;5;2;0;1;1;0;0;0;0;0;0;0
11;3;3020307.0;2019;2;13;6;2;6;4;0;0;1;1;0;0;0;0;0;0
11;5;5030730.0;2019;2;14;6;3;2;6;0;0;1;0;0;0;0;0;0;0
11;2;2020206.0;2019;2;14;6;3;2;6;0;0;1;0;0;0;0;0;0;0
11;12;12224230.0;2019;2;14;6;3;5;3;0;0;1;0;0;0;0;0;0;0
11;1;1011402.0;2019;2;20;5;3;6;7;2;1;0;1;0;0;0;0;0;0
11;7;7020202.0;2019;2;15;6;3;1;5;0;1;1;0;0;0;0;0;0;0
11;6;6020410.0;2019;2;5;6;2;9;1;1;0;1;0;0;0;0;1;0;0
11;12;12304314.0;2019;2;20;5;2;9;1;2;0;1;0;0;0;0;1;0;0
11;10;10020412.0;2019;2;15;4;3;2;6;0;0;1;0;0;0;1;0;0;0
11;1;1011306.0;2019;2;5;5;3;5;3;2;0;1;0;1;0;0;0;0;0
11;3;3010102.0;2019;2;10;5;3;5;2;0;0;1;0;0;0;0;0;0;0
11;6;6030503.0;2019;2;10;5;3;2;2;0;0;1;0;0;0;0;0;0;0
11;9;9031101.0;2019;2;11;5;3;2;7;0;0;1;0;0;0;1;0;0;0
11;8;8010214.0;2019;2;13;5;3;5;3;0;0;1;0;0;0;0;0;0;0
11;5;5030730.0;2019;2;15;5;3;5;7;0;0;1;0;0;0;1;1;0;0
11;7;7040403.0;2019;2;14;5;3;5;2;0;1;1;0;0;0;0;0;0;0
11;7;7040401.0;2019;2;17;5;3;3;6;2;0;1;0;0;0;0;0;0;0
11;3;3061430.0;2019;2;18;5;3;2;2;2;0;1;0;0;0;0;0;0;0
11;10;10040828.0;2019;2;20;5;3;5;3;2;0;1;0;0;0;0;0;0;0
11;9;9010302.0;2019;2;16;4;3;2;6;0;0;1;0;0;0;1;0;0;0
11;7;7040403.0;2019;2;20;5;3;2;6;2;0;1;0;0;0;0;0;0;0
11;5;5030730.0;2019;2;21;5;3;2;6;2;0;1;0;0;1;0;0;0;0
11;9;9010301.0;2019;2;21;5;3;5;3;2;0;1;0;0;0;0;0;0;0
11;4;4030519.0;2019;2;16;4;2;5;7;0;0;1;0;1;0;0;0;0;0
11;4;5030833.0;2019;2;18;5;2;2;6;1;0;1;0;1;0;0;1;0;0
11;1;1033102.0;2019;2;23;5;3;5;2;2;0;1;0;0;0;0;0;0;0
11;6;6020306.0;2019;2;16;5;3;5;3;0;0;1;0;0;0;0;1;0;0
11;5;5020627.0;2019;2;11;5;3;2;6;0;0;1;0;0;0;0;0;0;0
11;1;1011305.0;2019;2;14;6;3;2;6;0;1;1;0;0;0;0;0;0;0
11;11;11010102.0;2019;2;17;5;3;0;7;2;0;0;0;0;1;0;1;0;0
11;8;8030831.0;2019;2;20;5;3;6;7;2;0;1;1;0;0;0;0;0;0
11;1;1011303.0;2019;2;16;4;3;0;4;1;0;0;1;0;0;1;1;0;0
11;12;12214424.0;2019;2;11;4;3;2;6;0;0;1;0;0;0;0;0;0;0
11;12;12214421.0;2019;2;10;4;3;2;6;0;0;1;0;0;0;0;0;0;0
11;8;8020728.0;2019;2;16;4;2;5;2;0;0;1;0;1;0;0;0;0;0
11;3;3030406.0;2019;2;12;4;3;5;3;0;0;1;0;0;0;0;1;0;0
11;2;2040701.0;2019;2;22;4;3;6;4;2;1;0;1;0;0;0;0;0;0
11;3;3050920.0;2019;2;15;4;3;2;2;0;0;1;0;0;0;0;0;0;0
11;12;12302107.0;2019;2;15;4;3;6;7;0;0;1;1;0;0;0;0;0;0
11;6;6030605.0;2019;2;16;5;3;5;3;0;0;1;0;0;0;0;0;0;0
11;11;11020515.0;2019;2;15;4;2;5;3;0;1;1;0;0;0;0;0;0;0
11;10;10020413.0;2019;2;14;4;3;5;3;0;0;1;0;0;0;0;0;0;0
11;5;5030731.0;2019;2;12;4;3;1;5;0;0;1;0;0;1;0;0;0;0
11;1;1022103.0;2019;2;13;6;3;2;2;0;0;1;0;0;0;1;0;0;0
11;3;3030715.0;2019;2;14;4;3;2;7;0;0;1;0;0;0;0;0;0;0
11;1;1044101.0;2019;2;14;4;2;5;2;0;0;1;0;0;0;0;0;0;0
11;9;9010401.0;2019;2;11;4;3;9;1;0;0;1;0;0;0;0;0;0;0
11;1;1011302.0;2019;2;13;4;3;6;7;0;0;1;1;0;0;0;0;0;0
11;7;7040405.0;2019;2;13;4;3;6;4;0;0;1;1;0;0;0;0;0;0
11;3;3061126.0;2019;2;20;4;3;6;2;2;0;1;1;0;0;0;1;0;0
11;11;11040925.0;2019;2;11;4;3;1;5;0;1;0;0;0;1;1;0;0;0
11;7;7060604.0;2019;2;10;4;3;5;3;0;0;1;0;0;0;1;1;0;0
11;12;12301203.0;2019;2;9;4;2;9;1;0;0;1;0;0;0;0;1;0;0
11;6;6030607.0;2019;2;19;5;3;2;6;2;0;1;0;0;0;0;0;0;0
11;3;3050923.0;2019;2;9;4;3;5;3;0;0;1;0;0;0;0;0;0;0
11;8;8010404.0;2019;2;8;4;3;9;1;0;1;0;0;0;0;0;0;0;0
11;12;12214126.0;2019;2;7;4;3;0;5;0;0;1;0;0;1;0;0;0;0
11;1;1044203.0;2019;2;5;4;3;6;4;2;0;1;1;0;0;0;1;0;0
11;12;12224230.0;2019;2;7;4;2;5;2;0;1;1;0;0;0;0;0;0;0
11;2;2040702.0;2019;2;19;4;3;1;5;2;1;1;0;0;0;0;0;0;0
11;1;1011304.0;2019;2;19;4;3;0;6;1;0;1;0;0;0;1;0;0;0
11;4;4030621.0;2019;2;18;4;3;0;1;2;1;0;0;0;0;0;0;0;0
11;5;5020625.0;2019;2;16;4;3;0;2;0;0;0;0;0;0;1;0;0;0
11;10;10040933.0;2019;2;6;4;3;5;2;2;0;1;0;0;0;1;1;0;0
11;6;6040807.0;2019;2;8;3;3;5;3;0;1;1;0;0;0;0;1;0;0
11;2;2030401.0;2019;2;15;3;3;5;3;0;0;1;0;0;0;0;0;0;0
11;2;2040703.0;2019;2;11;3;3;5;2;0;0;1;0;0;0;0;0;0;0
11;3;3030405.0;2019;2;16;5;3;5;3;1;0;1;0;0;0;0;1;0;0
11;7;7040404.0;2019;2;10;3;3;5;2;0;1;1;0;0;0;0;1;0;0
11;2;2050803.0;2019;2;5;3;2;5;3;2;0;1;0;0;0;0;0;0;0
11;6;6010103.0;2019;2;11;3;3;5;3;0;0;1;0;1;0;0;1;0;0
11;1;1011402.0;2019;2;20;4;2;5;3;2;0;1;0;0;0;0;1;0;0
11;2;2010103.0;2019;2;12;3;3;6;4;0;0;1;1;0;0;0;1;0;0
11;1;1011302.0;2019;2;15;3;3;2;6;0;0;1;0;0;0;0;0;0;0
11;4;4030930.0;2019;2;7;3;3;5;3;0;0;1;0;0;0;0;1;0;0
11;2;2010103.0;2019;2;17;3;3;6;7;2;0;1;1;0;0;0;0;0;0
11;9;9020801.0;2019;2;20;3;3;2;6;2;0;1;0;0;0;0;1;0;0
11;12;12214423.0;2019;2;22;3;3;6;2;2;0;1;1;0;0;0;0;0;0
11;1;1011301.0;2019;2;6;4;3;6;2;1;0;1;1;0;0;0;1;0;0
11;1;1011301.0;2019;2;22;3;3;5;2;2;0;1;0;0;0;0;0;0;0
11;7;7010104.0;2019;2;22;3;3;0;2;2;0;1;0;1;0;0;0;0;0
11;12;12301203.0;2019;2;21;3;3;5;2;2;0;1;0;0;0;0;0;0;0
11;4;4030417.0;2019;2;11;3;2;5;2;0;1;1;0;0;0;0;1;0;0
11;10;10040932.0;2019;2;15;5;3;5;2;0;1;1;0;0;0;0;0;0;0
11;8;8010301.0;2019;2;17;3;2;5;2;2;0;1;0;1;0;0;1;0;0
11;4;4010102.0;2019;2;11;3;2;4;6;0;0;1;0;0;0;1;0;0;0
11;7;7040405.0;2019;2;13;3;2;2;6;0;0;1;0;0;0;0;1;0;0
11;6;6020409.0;2019;2;18;4;3;2;6;2;0;1;0;0;0;0;1;0;0
11;5;5030730.0;2019;2;17;3;3;1;6;2;0;1;0;0;0;0;1;0;0
11;5;5010314.0;2019;2;12;3;2;1;5;0;1;1;0;0;0;0;1;0;0
11;8;8010303.0;2019;2;21;3;3;0;1;2;1;0;0;0;0;0;1;0;0
11;4;4051549.0;2019;2;10;6;3;6;2;0;0;1;1;0;0;0;0;0;0
11;7;7020204.0;2019;2;14;3;3;8;1;0;0;1;0;0;0;0;0;0;0
11;12;12214424.0;2019;2;9;2;3;5;3;0;1;1;0;0;0;0;1;0;0
11;9;9030901.0;2019;2;18;4;2;6;2;2;0;1;1;0;0;0;1;0;0
11;4;4030725.0;2019;2;21;2;3;0;7;2;0;0;0;1;0;0;1;0;0
11;3;3030405.0;2019;2;20;2;3;5;3;2;0;1;0;0;0;0;1;0;0
11;9;9010302.0;2019;2;6;4;3;2;6;1;0;1;0;0;0;0;1;0;0
11;8;8010211.0;2019;2;20;2;3;1;5;2;1;1;0;0;0;0;0;0;0
11;1;1011201.0;2019;2;20;2;3;5;3;2;0;1;0;0;0;0;0;0;0
11;4;4041137.0;2019;2;20;2;3;5;2;2;0;1;0;0;0;0;0;0;0
11;4;4030519.0;2019;2;9;4;3;0;1;0;0;0;0;1;0;0;1;0;0
11;8;8010404.0;2019;2;19;2;3;2;6;2;0;1;0;0;0;0;1;0;0
11;3;3061430.0;2019;2;18;2;3;2;6;2;0;1;0;0;0;0;0;0;0
11;8;8010117.0;2019;2;18;2;2;6;4;2;0;1;1;0;0;0;0;0;0
11;10;10010310.0;2019;2;15;6;2;5;3;0;0;1;0;0;0;1;0;0;0
11;5;5020626.0;2019;2;17;2;2;6;4;2;0;1;1;0;0;0;0;0;0
11;2;2010103.0;2019;2;17;2;2;6;4;2;0;1;1;0;0;0;0;0;0
11;6;6020409.0;2019;2;7;4;3;3;2;0;1;0;0;0;1;0;0;0;0
11;6;6020409.0;2019;2;15;2;3;2;6;0;0;1;0;0;0;1;0;0;0
11;4;4030620.0;2019;2;14;2;3;5;3;0;1;1;0;0;0;0;0;0;0
11;7;7020201.0;2019;2;8;4;3;5;3;0;0;1;0;0;0;0;1;0;0
11;4;4030620.0;2019;2;14;2;3;9;1;0;0;1;0;0;0;0;0;0;0
11;5;5010314.0;2019;2;14;2;3;6;4;0;0;1;1;0;0;0;0;0;0
11;2;2040701.0;2019;2;13;2;3;5;3;0;1;1;0;0;0;0;0;0;0
11;7;7010104.0;2019;2;19;5;3;5;2;2;0;1;0;0;0;1;0;0;0
11;2;2040701.0;2019;2;13;2;3;6;2;0;0;1;1;0;0;0;0;0;0
11;3;3061126.0;2019;2;11;2;3;0;7;0;0;1;0;0;0;1;1;0;0
11;5;5030832.0;2019;2;5;2;3;6;2;2;0;1;1;0;0;0;1;0;0
11;11;11030721.0;2019;2;20;5;3;6;2;2;0;1;1;0;0;0;0;0;0
11;12;12214527.0;2019;2;6;2;3;6;4;1;0;1;1;0;0;0;1;0;0
11;3;3040818.0;2019;2;6;2;3;2;2;2;0;1;0;0;0;1;1;0;0
11;4;4051549.0;2019;2;7;2;3;5;3;0;1;1;0;0;0;0;1;0;0
11;9;9051702.0;2019;2;8;4;3;0;1;0;1;0;0;0;0;0;1;0;0
11;6;6040809.0;2019;2;7;2;3;6;2;0;0;1;1;0;0;0;1;0;0
11;4;4041344.0;2019;2;8;2;3;6;2;0;0;1;1;0;0;0;1;0;0
11;12;12214421.0;2019;2;9;2;3;2;6;0;0;1;0;0;0;0;1;0;0
11;1;1011204.0;2019;2;18;4;3;5;3;2;0;1;0;0;0;0;1;0;0
11;2;2020203.0;2019;2;12;2;3;2;6;0;0;1;0;0;0;0;1;0;0
11;11;11010207.0;2019;2;12;2;3;0;3;0;0;1;0;0;0;1;0;0;0
11;12;12103115.0;2019;2;11;1;3;5;2;0;0;1;0;0;0;0;1;0;0
11;3;3020307.0;2019;2;16;5;2;6;4;0;0;1;1;0;0;0;0;0;0
11;2;2010103.0;2019;2;4;1;3;5;3;2;0;1;0;0;0;0;0;0;0
11;8;8010213.0;2019;2;1;1;3;5;3;2;0;1;0;0;0;0;1;0;0
11;4;4020207.0;2019;2;15;1;3;5;3;0;0;1;0;1;0;0;1;0;0
11;4;4030726.0;2019;2;18;4;3;6;2;2;0;1;1;0;0;0;1;0;0
11;4;4041344.0;2019;2;15;1;3;6;2;0;0;1;1;0;0;0;0;0;0
11;1;1011402.0;2019;2;16;1;3;5;3;1;0;1;0;0;0;0;0;0;0
11;1;1011101.0;2019;2;17;1;3;6;4;1;1;0;1;0;0;0;0;0;0
11;10;10020413.0;2019;2;19;1;3;5;2;2;0;1;0;0;0;0;1;0;0
11;6;6020303.0;2019;2;7;4;3;6;4;0;0;1;1;0;0;0;0;0;0
11;11;11030619.0;2019;2;13;1;3;5;3;0;0;1;0;0;0;0;1;0;0
11;8;8010303.0;2019;2;23;7;3;6;4;2;0;1;1;0;0;0;1;0;0
11;4;4030621.0;2019;2;21;7;3;5;2;2;0;1;0;0;0;0;1;0;0
11;9;9020701.0;2019;2;20;7;3;5;2;2;0;1;0;0;0;0;1;0;0
11;4;4051653.0;2019;2;18;7;2;5;3;2;0;1;0;0;0;0;1;0;0
11;3;3030716.0;2019;2;14;5;3;2;6;0;0;1;0;0;0;1;0;0;0
11;4;4020310.0;2019;2;20;7;3;2;6;2;0;1;0;0;0;0;1;0;0
11;3;3030405.0;2019;2;18;7;3;5;3;2;0;1;0;0;0;0;1;0;0
11;1;1011304.0;2019;2;17;7;3;5;2;2;0;1;0;0;0;0;1;0;0
11;10;10010204.0;2019;2;17;4;2;6;4;1;0;1;1;0;0;0;1;0;0
11;7;7050504.0;2019;2;16;7;3;3;2;2;0;1;0;0;0;1;1;0;0
11;1;1033203.0;2019;2;16;7;3;5;3;1;0;1;0;0;0;0;1;0;0
11;11;11030721.0;2019;2;16;7;3;5;3;1;0;1;0;0;0;0;1;0;0
11;1;1022101.0;2019;2;14;6;3;2;6;0;0;1;0;0;0;0;0;0;0
11;7;7010102.0;2019;2;15;7;3;5;3;0;1;1;0;0;0;0;1;0;0
11;6;6040810.0;2019;2;15;7;3;5;2;0;0;1;0;0;0;0;2;0;0
11;5;5010208.0;2019;2;15;7;3;2;6;0;0;1;0;0;0;0;1;0;0
11;9;9010302.0;2019;2;15;7;3;5;3;0;0;1;0;0;0;0;1;0;0
11;4;4020204.0;2019;2;11;6;3;5;2;0;0;1;0;0;0;0;0;0;0
11;2;2010103.0;2019;2;12;7;3;1;5;0;1;1;0;0;0;0;0;0;0
11;12;12301203.0;2019;2;9;7;3;2;2;0;0;1;0;0;0;0;1;0;0
11;8;8020622.0;2019;2;17;4;3;5;3;1;1;1;0;0;0;0;0;0;0
11;4;7010101.0;2019;2;19;6;3;2;6;2;0;1;0;0;0;0;0;0;0
11;5;5010314.0;2019;2;10;6;3;3;6;0;0;1;0;0;0;0;0;0;0
11;1;1022104.0;2019;2;12;6;3;2;6;0;0;1;0;0;0;0;1;0;0
11;2;2040703.0;2019;2;7;4;3;2;2;0;0;1;0;0;0;0;1;0;0
11;1;1033102.0;2019;2;17;6;3;1;5;1;0;1;0;0;0;0;0;0;0
11;4;4030931.0;2019;2;20;6;3;5;2;2;0;1;0;0;0;1;0;0;0
11;5;5020628.0;2019;2;19;6;3;5;2;2;0;1;0;0;0;0;1;0;0
11;11;11030619.0;2019;2;18;5;3;2;6;2;0;1;0;0;0;0;0;0;0
11;9;9020802.0;2019;2;17;6;3;2;6;2;0;1;0;0;0;0;1;0;0
11;6;6020305.0;2019;2;15;6;3;5;3;0;0;1;0;0;0;0;1;0;0
11;5;5010206.0;2019;2;16;4;2;6;4;1;0;1;1;0;0;0;1;0;0
11;3;3061430.0;2019;2;23;6;2;6;4;2;0;1;1;0;0;0;1;0;0
11;3;3040818.0;2019;2;8;6;3;5;3;0;1;1;0;0;0;0;1;0;0
11;3;3020209.0;2019;2;7;4;3;3;2;0;0;1;0;0;1;0;0;0;0
11;7;7030301.0;2019;2;16;6;3;2;6;1;0;1;0;0;0;0;0;0;0
11;1;1011201.0;2019;2;17;6;3;1;5;1;1;1;0;0;0;0;0;0;0
11;3;3040614.0;2019;2;10;6;3;0;2;0;0;1;0;0;0;1;0;0;0
11;2;2020204.0;2019;2;7;4;3;2;6;0;0;1;0;0;0;1;0;0;0
11;4;4030930.0;2019;2;10;6;3;0;5;0;0;1;0;1;0;0;0;0;0
11;4;4030725.0;2019;2;9;6;2;1;5;0;1;1;0;0;0;1;0;0;0
11;4;4030931.0;2019;2;9;6;3;1;5;0;0;1;0;1;0;0;0;0;0
11;2;2030302.0;2019;2;19;5;3;1;5;2;1;1;0;0;0;0;0;0;0
11;6;6040804.0;2019;2;7;6;3;5;2;1;1;1;0;0;0;0;1;0;0
11;1;1044201.0;2019;2;7;6;3;5;3;1;0;1;0;0;0;0;0;0;0
11;8;8041036.0;2019;2;7;6;3;5;3;1;0;1;0;0;0;0;0;0;0
11;1;2040701.0;2019;2;9;3;3;2;6;0;0;1;0;0;0;0;0;0;0
11;2;2010104.0;2019;2;7;6;3;5;3;1;1;1;0;0;0;0;1;0;0
11;2;2020206.0;2019;2;6;6;3;6;4;2;0;1;1;0;0;0;1;0;0
11;2;2010101.0;2019;2;20;1;3;5;3;2;0;1;0;1;0;0;0;0;0
11;1;1011402.0;2019;2;12;4;3;6;4;0;1;0;1;0;0;0;0;0;0
11;9;9031001.0;2019;2;14;1;3;5;3;0;0;1;0;1;0;0;0;0;0
11;12;12302108.0;2019;2;13;1;3;6;4;0;0;1;1;0;0;0;0;0;0
11;12;12231101.0;2019;2;7;4;3;5;2;0;1;1;0;0;0;0;0;0;0
11;3;3061227.0;2019;2;12;1;3;5;3;0;0;1;0;0;0;0;0;0;0
11;4;4031032.0;2019;2;0;1;3;2;6;2;0;1;0;0;0;0;0;0;0
11;2;2020202.0;2019;2;0;1;3;5;3;2;0;1;0;0;0;0;0;0;0
11;1;1011204.0;2019;2;22;4;3;5;3;2;0;1;0;0;0;0;0;0;0
11;2;2030401.0;2019;2;5;7;3;5;3;1;0;1;0;0;0;0;0;0;0
11;10;10030727.0;2019;2;13;7;3;6;4;0;0;1;1;0;0;0;0;0;0
11;10;10010204.0;2019;2;19;7;2;6;4;2;0;0;1;0;0;1;0;0;0
11;2;2030302.0;2019;2;20;7;3;5;3;2;1;1;0;0;0;0;0;0;0
11;11;11010103.0;2019;2;20;7;3;2;6;2;0;1;0;0;0;0;0;0;0
11;12;12304313.0;2019;2;19;7;3;5;2;2;0;1;0;0;0;0;0;0;0
11;4;4041137.0;2019;2;19;7;3;3;6;2;0;1;0;0;0;0;0;0;0
11;5;5010314.0;2019;2;21;7;2;0;1;2;0;1;0;0;0;0;0;0;0
11;4;4051550.0;2019;2;8;7;3;1;5;0;1;1;0;0;0;0;0;0;0
11;6;6030607.0;2019;2;20;4;3;1;5;2;0;1;0;0;0;0;0;0;0
11;5;5010101.0;2019;2;13;7;3;0;7;0;0;1;0;0;0;0;0;0;0
11;4;4030725.0;2019;2;20;4;3;5;3;2;1;1;0;0;0;0;0;0;0
11;3;3071537.0;2019;2;12;7;3;2;6;0;0;1;0;0;0;0;0;0;0
11;7;7050505.0;2019;2;12;7;2;6;4;0;0;1;1;0;0;0;0;0;0
11;11;11010310.0;2019;2;12;7;3;6;4;0;1;0;1;0;0;0;0;0;0
11;4;4041136.0;2019;2;19;4;3;3;6;2;0;1;0;0;0;0;0;0;0
11;4;4030725.0;2019;2;11;7;3;0;1;0;0;0;0;1;0;0;0;0;0
11;9;9010301.0;2019;2;11;7;3;5;2;0;1;1;0;0;0;0;0;0;0
11;4;4020314.0;2019;2;11;7;3;5;2;0;1;1;0;0;0;0;0;0;0
11;12;12214527.0;2019;2;19;4;2;6;4;2;0;1;1;0;0;0;0;0;0
11;10;10010308.0;2019;2;10;7;3;2;6;0;0;1;0;0;0;0;0;0;0
11;2;2030302.0;2019;2;1;7;3;1;5;2;1;1;0;0;0;0;0;0;0
11;1;1011201.0;2019;2;19;4;3;5;2;2;1;0;0;0;0;1;0;0;0
11;9;9010101.0;2019;2;3;7;2;5;3;2;0;1;0;0;0;0;0;0;0
11;5;5010313.0;2019;2;9;7;3;5;2;0;0;1;0;0;0;0;0;0;0
11;12;12302109.0;2019;2;10;7;3;6;7;0;0;1;1;0;0;0;0;0;0
11;8;8040933.0;2019;2;19;4;3;6;2;2;0;1;1;0;0;0;0;0;0
11;1;1022104.0;2019;2;10;7;3;2;6;0;0;1;0;0;0;0;0;0;0
11;11;11040925.0;2019;2;19;5;2;0;1;2;1;0;0;0;0;0;0;0;0
11;1;1011303.0;2019;2;19;7;3;2;6;2;0;1;0;0;0;0;0;0;0
11;12;12304313.0;2019;2;17;7;3;5;3;1;0;1;0;0;0;1;0;0;0
11;4;4030827.0;2019;2;18;4;3;1;5;1;1;1;0;0;0;0;0;0;0
11;1;1011301.0;2019;2;10;5;3;1;5;0;1;1;0;0;0;0;0;0;0
11;3;3061228.0;2019;2;17;7;3;2;6;2;0;1;0;0;0;0;0;0;0
11;1;1011301.0;2019;2;16;7;3;5;3;0;1;1;0;0;0;0;0;0;0
11;7;7060603.0;2019;2;18;4;3;5;3;2;0;1;0;0;0;0;0;0;0
11;3;3050925.0;2019;2;15;7;3;5;3;0;0;1;0;0;0;0;0;0;0
11;1;1011303.0;2019;2;13;7;3;6;7;0;0;1;1;0;0;0;0;0;0
11;3;3071537.0;2019;2;17;4;3;2;7;1;1;1;0;0;0;0;0;0;0
11;12;12103115.0;2019;2;13;7;2;6;7;0;0;0;1;0;0;1;0;0;0
11;4;4051446.0;2019;2;9;6;3;0;5;0;0;1;0;1;0;0;0;0;0
11;3;3061441.0;2019;2;18;4;3;5;3;1;1;0;0;0;0;0;0;0;0
11;6;6020408.0;2019;2;18;6;3;3;2;2;1;1;0;0;0;0;1;0;0
11;3;3061126.0;2019;2;13;4;3;5;2;0;1;1;0;0;0;0;0;0;0
11;6;6010208.0;2019;2;14;6;3;2;6;0;0;1;0;0;0;0;0;0;0
11;6;6030502.0;2019;2;8;6;3;2;6;0;0;1;0;0;0;1;0;0;0
11;4;4051549.0;2019;2;17;4;3;5;2;0;1;1;0;0;0;0;0;0;0
11;4;4031032.0;2019;2;21;6;3;5;2;2;1;1;0;0;0;0;0;0;0
11;11;11010309.0;2019;2;13;6;3;6;4;0;0;1;1;0;0;0;0;0;0
11;1;1044202.0;2019;2;12;6;3;5;2;0;1;0;0;0;1;0;0;0;0
11;1;1033102.0;2019;2;16;4;3;2;6;1;0;1;0;0;0;1;0;0;0
11;2;2040502.0;2019;2;13;6;3;6;2;0;0;1;1;0;0;0;0;0;0
11;5;5010314.0;2019;2;13;6;3;6;4;0;0;1;1;0;0;0;0;0;0
11;1;1044201.0;2019;2;14;6;3;2;2;0;1;1;0;0;0;0;0;0;0
11;6;6030501.0;2019;2;17;4;3;2;6;2;1;1;0;0;0;0;0;0;0
11;3;3071537.0;2019;2;13;6;3;0;3;0;1;0;0;1;0;0;0;0;0
11;3;3010101.0;2019;2;14;6;3;2;6;0;0;1;0;0;0;0;0;0;0