LAND;BEZ;LOR_ab_2021;UJAHR;UMONAT;USTUNDE;UWOCHENTAG;UKATEGORIE;UART;UTYP1;ULICHTVERH;IstRad;IstPKW;IstFuss;IstKrad;IstGkfz;IstSonstige;USTRZUSTAND;LOCKDOWN;COVID
11;9;9020502.0;2019;9;17;6;3;0;1;1;0;0;0;1;0;0;1;0;0
11;7;7030303.0;2019;10;13;2;3;5;2;0;1;0;0;0;0;1;0;0;0
11;1;1033102.0;2019;10;13;2;3;5;3;0;1;0;0;0;0;1;0;0;0
11;7;7050501.0;2019;9;15;6;3;4;6;0;0;1;0;1;0;0;1;0;0
11;7;7040405.0;2019;9;12;6;3;0;1;0;0;1;0;1;0;0;1;0;0
11;2;2010101.0;2019;10;10;2;3;1;7;0;1;1;0;0;0;0;0;0;0
11;1;1022204.0;2019;10;13;2;3;6;4;0;0;1;1;0;0;0;0;0;0
11;12;12214424.0;2019;9;7;6;3;3;2;0;0;1;0;0;0;0;1;0;0
11;12;12214424.0;2019;10;13;2;2;5;3;0;0;1;0;0;0;0;0;0;0
11;9;9041501.0;2019;9;13;6;3;5;2;0;1;0;0;0;0;1;1;0;0
11;11;11040926.0;2019;10;10;2;3;6;2;0;0;1;1;0;0;0;0;0;0
11;1;1022103.0;2019;10;10;2;3;5;2;0;1;0;0;0;1;0;0;0;0
11;5;5010209.0;2019;9;19;6;3;2;2;0;0;1;0;0;0;0;0;0;0
11;6;6040807.0;2019;10;12;2;3;5;3;0;1;1;0;0;0;0;0;0;0
11;12;12103218.0;2019;10;10;2;3;5;2;0;0;1;0;0;0;1;0;0;0
11;7;7060604.0;2019;9;9;6;3;0;7;0;0;0;0;1;0;1;1;0;0
11;1;1011204.0;2019;10;9;2;3;0;7;0;1;0;0;0;0;0;0;0;0
11;2;2050803.0;2019;9;14;6;3;0;6;0;0;1;0;0;0;1;0;0;0
11;8;8010301.0;2019;10;9;2;3;3;6;0;1;0;0;0;0;1;0;0;0
11;2;2020204.0;2019;10;9;2;3;2;6;0;0;1;0;0;0;0;0;0;0
11;12;12214424.0;2019;9;13;6;3;5;3;0;0;1;0;0;0;0;1;0;0
11;4;4010102.0;2019;9;12;6;3;5;3;0;1;1;0;0;0;0;1;0;0
11;3;3061228.0;2019;10;9;2;3;5;3;0;1;1;0;0;0;0;0;0;0
11;11;11030721.0;2019;9;14;6;3;3;6;0;0;1;0;0;0;0;1;0;0
11;7;7040401.0;2019;10;8;2;3;1;5;0;1;1;0;0;0;0;0;0;0
11;2;2020202.0;2019;10;7;2;3;5;3;0;1;1;0;0;0;0;0;0;0
11;5;5020627.0;2019;9;15;6;3;2;6;0;0;1;0;0;0;0;0;0;0
11;1;1033203.0;2019;9;14;6;3;2;6;0;0;1;0;0;0;0;1;0;0
11;9;9052001.0;2019;10;12;2;3;5;3;0;1;1;0;0;0;0;0;0;0
11;1;1044201.0;2019;10;12;2;3;5;2;0;0;1;0;0;0;0;0;0;0
11;10;10020413.0;2019;9;14;6;3;6;4;0;0;1;1;0;0;0;1;0;0
11;5;5010313.0;2019;10;8;2;3;2;2;0;0;1;0;0;0;0;0;0;0
11;1;1044103.0;2019;9;14;6;3;5;3;0;1;1;0;0;0;0;1;0;0
11;4;4030726.0;2019;10;8;2;3;5;7;0;0;1;0;0;0;0;0;0;0
11;9;9051901.0;2019;9;14;6;3;5;2;0;1;1;0;0;0;0;1;0;0
11;12;12103117.0;2019;10;7;2;3;5;2;0;1;1;0;0;0;0;0;0;0
11;5;5010313.0;2019;9;14;6;3;5;3;0;0;1;0;0;0;0;1;0;0
11;7;7070706.0;2019;10;12;2;3;6;2;0;0;1;1;0;0;0;0;0;0
11;12;12103115.0;2019;10;1;2;2;1;7;2;0;1;0;0;0;0;0;0;0
11;6;6030607.0;2019;9;14;6;3;5;3;0;0;1;0;1;0;0;1;0;0
11;4;4051448.0;2019;9;13;6;3;5;2;0;1;1;0;0;0;0;1;0;0
11;5;5010313.0;2019;10;11;2;3;1;7;0;0;1;0;0;0;0;0;0;0
11;3;3061430.0;2019;10;11;2;2;6;4;0;0;1;1;0;0;0;0;0;0
11;4;4051445.0;2019;9;13;6;3;2;2;0;0;1;0;0;0;1;1;0;0
11;1;1011306.0;2019;10;11;2;3;5;2;0;0;1;0;1;0;0;0;0;0
11;2;2020204.0;2019;9;12;6;3;2;6;0;0;1;0;0;0;1;1;0;0
11;9;9020501.0;2019;10;10;2;2;5;3;0;1;1;0;0;0;0;0;0;0
11;2;2050803.0;2019;10;5;1;3;1;5;2;1;1;0;0;0;1;1;0;0
11;7;7070703.0;2019;9;13;6;3;1;6;0;1;1;0;0;0;0;1;0;0
11;10;10010206.0;2019;10;14;1;3;5;3;0;1;1;0;0;0;0;0;0;0
11;8;8010301.0;2019;9;12;6;3;1;5;0;1;1;0;0;0;0;1;0;0
11;1;1033102.0;2019;10;19;1;3;5;2;2;0;1;0;0;0;0;0;0;0
11;1;1011204.0;2019;9;12;6;3;5;2;0;1;1;0;0;0;0;1;0;0
11;7;7060604.0;2019;9;12;6;2;6;4;0;0;1;1;0;0;0;1;0;0
11;1;1022104.0;2019;10;18;1;2;6;4;1;0;1;1;0;0;0;0;0;0
11;5;5010311.0;2019;10;18;1;3;2;6;1;0;1;0;0;0;0;0;0;0
11;1;1044102.0;2019;9;11;6;3;5;2;0;1;1;0;0;0;0;1;0;0
11;11;11051229.0;2019;10;21;1;3;2;2;2;0;1;0;1;0;0;0;0;0
11;1;1011201.0;2019;9;21;6;2;6;4;2;0;1;1;0;0;0;0;0;0
11;1;1044201.0;2019;10;16;1;3;2;6;0;0;1;0;0;0;0;0;0;0
11;7;7010102.0;2019;9;18;6;3;5;3;1;1;1;0;0;0;0;1;0;0
11;8;8020727.0;2019;10;14;1;3;2;6;0;0;1;0;0;0;0;0;0;0
11;9;9010302.0;2019;9;18;6;3;8;1;1;0;1;0;0;0;0;1;0;0
11;12;12231102.0;2019;10;14;1;3;2;2;0;1;1;0;0;0;0;0;0;0
11;7;7040401.0;2019;10;14;1;3;2;6;0;0;1;0;0;0;0;0;0;0
11;1;1011202.0;2019;9;19;6;3;0;1;2;0;0;0;0;0;1;1;0;0
11;11;11030721.0;2019;9;18;6;3;5;3;1;0;1;0;0;0;0;1;0;0
11;8;8010405.0;2019;10;14;1;3;5;3;0;1;1;0;0;0;0;0;0;0
11;4;4020310.0;2019;9;18;6;3;8;1;1;0;1;0;0;0;0;1;0;0
11;1;1044201.0;2019;10;13;1;3;6;4;0;0;1;1;0;0;0;0;0;0
11;1;1022102.0;2019;9;17;6;3;1;5;0;1;1;0;0;0;0;1;0;0
11;2;2040703.0;2019;10;13;1;3;2;2;0;1;1;0;0;0;0;0;0;0
11;7;7070701.0;2019;9;16;6;3;5;3;0;0;1;0;0;0;0;1;0;0
11;12;12214422.0;2019;10;13;1;3;5;2;0;0;1;0;0;0;0;0;0;0
11;6;6040804.0;2019;10;13;1;3;5;3;0;1;1;0;0;0;0;0;0;0
11;4;4030725.0;2019;9;17;6;3;4;6;0;0;1;0;1;0;0;1;0;0
11;5;5010206.0;2019;10;12;1;3;5;2;0;1;1;0;0;0;0;0;0;0
11;7;7070702.0;2019;9;16;6;3;2;6;0;0;1;0;1;0;0;1;0;0
11;7;7010102.0;2019;10;11;1;3;6;4;0;0;0;1;0;0;1;0;0;0
11;11;11051332.0;2019;9;16;6;3;6;4;0;0;1;1;0;0;0;1;0;0
11;2;2040701.0;2019;10;9;1;3;5;3;0;1;1;0;0;0;0;0;0;0
11;1;1033201.0;2019;9;16;6;3;2;6;0;0;1;0;0;0;0;1;0;0
11;8;8020622.0;2019;10;1;1;2;1;5;2;0;1;0;0;0;1;0;0;0
11;8;8020620.0;2019;9;16;6;3;3;6;0;0;1;0;1;0;0;1;0;0
11;4;4041136.0;2019;9;15;6;3;5;3;0;0;1;0;0;0;1;1;0;0
11;12;12304314.0;2019;10;0;1;2;5;2;2;0;1;0;1;0;0;1;0;0
11;4;4030519.0;2019;9;15;6;3;6;4;0;0;1;1;0;0;0;1;0;0
11;12;12214424.0;2019;10;13;7;3;2;6;0;0;1;0;0;0;0;0;0;0
11;12;12302211.0;2019;10;16;7;3;8;1;0;0;1;0;0;0;0;0;0;0
11;3;3050923.0;2019;9;11;6;3;0;1;0;1;1;1;0;0;0;1;0;0
11;10;10040932.0;2019;9;9;6;3;5;2;0;1;1;0;0;0;0;1;0;0
11;2;2010103.0;2019;10;16;7;3;5;3;0;1;1;0;0;0;0;0;0;0
11;5;5010208.0;2019;9;10;6;3;2;6;0;0;1;0;0;0;1;1;0;0
11;1;1011202.0;2019;10;14;7;3;0;1;0;1;0;0;0;0;0;0;0;0
11;9;9020702.0;2019;9;10;6;3;5;3;0;1;1;0;0;0;0;1;0;0
11;7;7010101.0;2019;10;20;7;3;6;7;2;1;0;1;0;0;0;1;0;0
11;1;1011103.0;2019;9;10;6;3;5;2;0;1;1;0;0;0;0;1;0;0
11;7;7050502.0;2019;10;19;7;3;5;2;2;0;1;0;0;0;0;0;0;0
11;4;4030519.0;2019;10;18;7;3;2;6;1;0;1;0;0;0;0;1;0;0
11;9;9051901.0;2019;10;18;7;3;9;1;0;0;0;0;1;0;0;0;0;0
11;4;4051445.0;2019;9;10;6;3;6;4;0;0;1;1;0;0;0;1;0;0
11;3;3050924.0;2019;10;17;7;3;0;7;0;0;1;0;0;0;1;0;0;0
11;4;4020313.0;2019;9;9;6;2;5;3;0;0;1;0;0;0;0;1;0;0
11;4;4030931.0;2019;10;14;7;3;6;2;0;0;1;1;0;0;0;0;0;0
11;12;12103115.0;2019;9;9;6;3;5;3;0;1;1;0;0;0;0;1;0;0
11;4;4030827.0;2019;10;12;7;3;3;6;0;0;1;0;1;0;0;0;0;0
11;5;5030731.0;2019;10;12;7;3;6;4;0;0;1;1;0;0;0;0;0;0
11;9;9020701.0;2019;9;9;6;2;5;2;0;0;1;0;0;0;0;1;0;0
11;3;3061332.0;2019;9;9;6;3;0;5;0;1;0;0;0;1;0;1;0;0
11;7;7060604.0;2019;10;11;7;3;2;2;0;0;1;0;0;0;0;0;0;0
11;3;3050920.0;2019;10;11;7;3;5;3;0;0;1;0;0;0;0;1;0;0
11;1;1011103.0;2019;9;9;6;3;3;6;0;0;1;0;0;0;0;1;0;0
11;6;6010209.0;2019;10;7;7;3;5;2;1;0;1;0;0;0;0;1;0;0
11;5;5010102.0;2019;9;8;6;3;5;2;0;1;1;0;0;0;0;1;0;0
11;6;6040810.0;2019;10;6;7;3;5;3;2;0;1;0;0;0;0;1;0;0
11;4;4051550.0;2019;10;5;7;3;2;6;2;0;1;0;0;0;0;1;0;0
11;1;1011304.0;2019;10;4;7;3;5;2;2;0;1;0;0;0;0;1;0;0
11;9;9020701.0;2019;9;8;6;3;2;6;0;0;1;0;0;0;0;1;0;0
11;4;4030827.0;2019;10;19;7;3;1;5;2;1;1;0;0;0;0;1;0;0
11;8;8010404.0;2019;9;8;6;3;5;2;0;1;1;0;0;0;0;1;0;0
11;10;10010207.0;2019;10;10;6;3;6;4;0;0;1;1;0;0;0;0;0;0
11;11;11040926.0;2019;10;19;6;3;6;2;2;0;1;1;0;0;0;1;0;0
11;9;9020802.0;2019;9;8;6;3;2;6;0;0;1;0;0;1;0;1;0;0
11;1;1033102.0;2019;10;22;6;3;5;2;2;0;1;0;0;0;0;1;0;0
11;1;1011201.0;2019;9;9;6;3;2;6;0;1;0;0;0;0;0;1;0;0
11;6;6030606.0;2019;10;21;6;3;6;2;2;0;1;1;0;0;0;1;0;0
11;1;1022201.0;2019;9;7;6;3;5;7;0;0;1;0;1;0;0;1;0;0
11;5;5010314.0;2019;10;21;6;3;2;6;2;0;1;0;0;0;0;1;0;0
11;6;6040806.0;2019;10;10;6;3;2;7;0;0;1;0;1;0;0;0;0;0
11;1;1033203.0;2019;9;0;6;3;1;5;2;0;1;0;0;0;0;0;0;0
11;4;4010101.0;2019;9;8;6;2;0;7;0;0;1;0;0;1;0;1;0;0
11;5;5010312.0;2019;10;20;6;3;6;7;2;0;1;1;0;0;0;1;0;0
11;7;7010102.0;2019;10;19;6;3;6;2;2;0;1;1;0;0;0;1;0;0
11;10;10040933.0;2019;9;12;6;2;0;1;0;0;0;0;1;0;0;1;0;0
11;5;5020626.0;2019;10;19;6;3;5;3;2;0;1;0;0;0;0;1;0;0
11;2;2020206.0;2019;9;8;6;3;6;4;0;1;0;1;0;0;0;1;0;0
11;1;1033202.0;2019;10;17;6;3;0;1;0;0;0;0;1;0;0;1;0;0
11;7;7050501.0;2019;9;7;6;3;0;4;0;1;0;1;0;0;0;1;0;0
11;1;1011201.0;2019;10;18;6;3;5;7;0;0;1;0;1;0;0;1;0;0
11;6;6030501.0;2019;9;18;5;3;5;2;0;0;1;0;0;0;0;0;0;0
11;4;4010101.0;2019;10;17;6;3;5;3;1;0;1;0;0;0;0;1;0;0
11;5;5020627.0;2019;10;16;6;3;2;6;0;0;1;0;0;0;0;1;0;0
11;2;2030301.0;2019;9;21;5;3;5;2;2;1;0;0;0;0;1;0;0;0
11;4;4061757.0;2019;9;11;5;3;9;1;0;0;1;0;0;0;0;0;0;0
11;2;2030302.0;2019;10;16;6;3;5;3;0;1;1;0;0;0;0;1;0;0
11;4;4030725.0;2019;9;11;5;3;2;6;0;0;1;0;0;0;0;0;0;0
11;3;3020307.0;2019;10;15;6;3;0;5;0;1;1;0;0;0;0;0;0;0
11;6;6020411.0;2019;9;13;5;2;5;5;0;0;1;0;1;0;0;0;0;0
11;1;1033202.0;2019;10;14;6;3;0;1;0;0;0;0;1;0;0;1;0;0
11;4;4041343.0;2019;9;12;5;2;0;7;0;0;1;0;0;0;1;0;0;0
11;3;3050923.0;2019;10;14;6;3;5;2;0;0;1;0;0;0;0;1;0;0
11;5;5040936.0;2019;9;12;5;2;5;2;0;1;1;0;0;0;0;0;0;0
11;7;7040403.0;2019;10;12;6;3;5;2;0;0;1;0;1;0;0;0;0;0
11;2;2030302.0;2019;10;10;6;3;2;2;0;0;1;0;0;0;0;0;0;0
11;5;5010314.0;2019;9;12;5;2;6;4;0;0;0;1;1;0;0;0;0;0
11;12;12214424.0;2019;10;14;6;3;2;6;0;0;1;0;0;0;0;1;0;0
11;1;1033201.0;2019;9;10;5;3;5;3;0;0;1;0;0;0;1;0;0;0
11;6;6010207.0;2019;10;13;6;3;2;6;0;0;1;0;0;0;0;1;0;0
11;7;7040403.0;2019;10;5;6;2;5;2;2;1;1;0;0;0;0;0;0;0
11;1;1011301.0;2019;9;10;5;3;2;6;0;0;1;0;0;0;0;0;0;0
11;8;8010303.0;2019;10;0;6;3;5;2;2;1;1;0;0;0;0;0;0;0
11;3;3061131.0;2019;9;8;5;3;1;5;0;1;1;0;0;0;0;0;0;0
11;4;4030620.0;2019;10;0;6;3;5;3;2;0;1;0;0;0;0;0;0;0
11;7;7020203.0;2019;9;8;5;3;1;5;0;1;0;0;0;0;1;0;0;0
11;2;2030401.0;2019;10;17;5;3;6;7;0;0;0;1;0;0;1;0;0;0
11;6;6030503.0;2019;9;8;5;3;5;3;0;1;1;0;0;0;0;0;0;0
11;3;3050925.0;2019;10;14;5;3;5;3;0;0;1;0;0;0;0;1;0;0
11;9;9020601.0;2019;10;13;5;2;5;3;0;0;1;0;0;0;0;1;0;0
11;6;6020411.0;2019;9;7;5;3;5;3;0;0;1;0;0;0;0;0;0;0
11;5;5010310.0;2019;9;7;5;3;4;6;0;1;0;0;0;0;0;0;0;0
11;5;5030730.0;2019;10;11;5;2;4;6;0;0;1;0;0;0;0;1;0;0
11;2;2010102.0;2019;9;7;5;2;5;3;0;1;1;0;0;0;0;0;0;0
11;8;8020622.0;2019;10;11;5;3;5;3;0;0;1;0;0;0;0;1;0;0
11;3;3071639.0;2019;9;16;5;3;6;7;0;1;0;1;0;0;0;0;0;0
11;1;1011302.0;2019;10;10;5;2;0;7;0;0;1;0;0;0;0;1;0;0
11;11;11020412.0;2019;9;16;5;3;5;3;0;0;1;0;1;0;0;0;0;0
11;8;8010301.0;2019;10;23;5;3;5;3;2;0;1;0;0;0;0;0;0;0
11;1;1033202.0;2019;10;10;5;3;0;1;0;0;0;0;1;0;0;1;0;0
11;3;3061429.0;2019;9;18;5;3;5;3;1;1;1;0;0;0;0;0;0;0
11;1;1011301.0;2019;10;9;5;3;0;1;0;0;0;0;1;0;0;1;0;0
11;9;9031101.0;2019;9;18;5;3;5;3;2;1;1;0;0;0;0;0;0;0
11;2;2010101.0;2019;10;4;5;2;6;2;2;0;1;1;0;0;0;1;0;0
11;4;4031032.0;2019;9;16;5;3;5;2;0;0;1;0;0;0;0;0;0;0
11;8;8010118.0;2019;10;19;5;3;5;3;2;0;1;0;0;0;1;0;0;0
11;3;3010104.0;2019;9;16;5;3;2;6;0;0;1;0;0;0;0;0;0;0
11;1;1022102.0;2019;10;16;5;3;1;5;0;1;1;0;0;0;0;1;0;0
11;4;4030415.0;2019;10;14;5;3;2;6;0;0;1;0;0;0;0;1;0;0
11;1;1011204.0;2019;9;16;5;3;5;2;0;1;1;0;0;0;0;0;0;0
11;11;11010103.0;2019;10;14;5;3;1;1;0;0;1;0;0;0;0;1;0;0
11;12;12224230.0;2019;9;18;5;3;6;6;1;0;1;1;0;0;0;0;0;0
11;2;2010103.0;2019;10;18;5;2;5;3;2;0;1;0;0;0;1;0;0;0
11;8;8020622.0;2019;9;18;5;3;5;2;0;1;0;0;0;0;1;0;0;0
11;1;1011102.0;2019;10;18;4;2;6;4;1;0;1;1;0;0;0;1;0;0
11;3;3061332.0;2019;9;15;5;3;3;6;0;1;1;0;0;0;0;0;0;0
11;9;9051901.0;2019;10;7;4;3;6;2;0;0;1;1;0;0;0;1;0;0
11;6;6040809.0;2019;10;7;4;3;0;1;2;0;0;0;1;0;0;1;0;0
11;11;11030720.0;2019;9;14;5;3;0;6;0;0;1;0;0;0;1;0;0;0
11;4;4051655.0;2019;9;14;5;3;6;4;0;0;1;1;0;0;0;0;0;0
11;8;8010405.0;2019;10;7;4;3;6;4;2;0;1;1;0;0;0;1;0;0
11;6;6010102.0;2019;10;7;4;3;3;6;0;1;0;0;0;0;1;0;0;0
11;7;7020201.0;2019;9;14;5;3;5;7;0;0;1;0;1;0;0;0;0;0
11;3;3030715.0;2019;10;18;4;3;5;7;0;0;1;0;1;0;0;0;0;0
11;1;1044102.0;2019;9;14;5;3;2;7;0;0;1;0;0;0;0;0;0;0
11;1;1011102.0;2019;10;17;4;2;5;2;0;0;1;0;1;0;0;0;0;0
11;5;5030731.0;2019;10;17;4;3;2;6;0;0;1;0;0;0;0;1;0;0
11;7;7010101.0;2019;9;18;5;3;2;6;1;0;1;0;0;0;0;0;0;0
11;8;8010404.0;2019;10;16;4;3;6;2;0;0;1;1;0;0;0;0;0;0
11;1;1022101.0;2019;10;16;4;3;0;1;0;0;0;0;0;0;1;1;0;0
11;1;1011104.0;2019;9;17;5;2;3;6;0;0;1;0;1;0;0;0;0;0
11;8;8010404.0;2019;10;16;4;3;1;5;0;1;1;0;0;0;0;1;0;0
11;2;7010104.0;2019;9;14;5;3;3;6;0;0;1;0;1;0;0;0;0;0
11;6;6030608.0;2019;10;16;4;3;0;2;0;1;0;0;0;0;1;0;0;0
11;7;7030301.0;2019;10;23;4;2;5;7;2;0;1;0;1;0;0;0;0;0
11;12;12301204.0;2019;9;18;5;3;5;2;0;1;1;0;0;0;0;0;0;0
11;8;8010301.0;2019;10;16;4;3;5;3;0;1;0;0;1;0;0;0;0;0
11;7;7010102.0;2019;9;13;5;3;6;2;0;0;1;1;0;0;0;0;0;0
11;1;1011306.0;2019;10;22;4;3;0;7;2;0;0;1;0;0;1;0;0;0
11;1;1011401.0;2019;9;17;5;3;5;7;0;0;1;0;0;0;0;0;0;0
11;12;12214421.0;2019;10;15;4;3;5;3;0;0;1;0;0;0;1;0;0;0
11;1;1044101.0;2019;10;15;4;3;2;6;0;0;1;0;0;0;0;0;0;0
11;4;4030620.0;2019;9;17;5;3;1;5;0;0;1;0;1;0;0;0;0;0
11;1;1044103.0;2019;9;13;5;3;2;2;0;1;1;0;0;0;0;0;0;0
11;1;1044202.0;2019;10;22;4;3;1;5;2;1;1;0;0;0;0;0;0;0
11;12;12214424.0;2019;10;21;4;3;5;2;2;0;1;0;0;0;0;0;0;0
11;4;4041241.0;2019;9;17;5;3;2;6;0;0;1;0;0;0;0;0;0;0
11;3;3050920.0;2019;10;13;4;2;6;4;0;0;1;1;0;0;0;1;0;0
11;8;8010214.0;2019;9;17;5;3;5;3;0;0;1;0;0;0;0;1;0;0
11;1;2010102.0;2019;10;13;4;3;2;6;0;0;1;0;0;0;1;0;0;0
11;3;3040513.0;2019;10;13;4;3;2;6;0;0;1;0;0;1;0;0;0;0
11;9;9030903.0;2019;9;0;5;3;1;1;2;0;1;0;0;0;0;1;0;0
11;7;7040405.0;2019;10;12;4;2;4;6;0;0;1;0;0;0;0;0;0;0
11;8;8010303.0;2019;10;20;4;3;6;2;2;0;1;1;0;0;0;0;0;0
11;2;2010103.0;2019;9;7;5;3;0;1;0;1;0;0;0;0;0;1;0;0
11;6;6010208.0;2019;10;12;4;3;6;2;0;0;1;1;0;0;0;1;0;0
11;9;9051801.0;2019;9;8;5;2;0;1;0;0;0;0;1;0;0;1;0;0
11;3;3040818.0;2019;10;20;4;3;5;3;2;1;1;0;0;0;0;0;0;0
11;8;8040933.0;2019;10;11;4;2;5;3;0;0;1;0;0;0;0;1;0;0
11;2;2030301.0;2019;9;1;5;2;0;1;2;1;0;0;0;0;0;1;0;0
11;3;3040513.0;2019;9;8;5;3;6;4;0;0;0;1;1;0;0;0;0;0
11;3;3020209.0;2019;10;11;4;3;5;3;0;0;1;0;0;0;0;1;0;0
11;1;1011301.0;2019;10;18;4;3;2;6;2;1;1;0;0;0;0;0;0;0
11;7;7070701.0;2019;9;19;4;3;2;6;1;0;1;0;0;0;0;0;0;0
11;1;1022101.0;2019;10;10;4;3;2;6;0;0;1;0;0;0;0;1;0;0
11;2;2050802.0;2019;9;10;4;3;0;3;0;1;0;0;0;0;0;0;0;0
11;1;1011204.0;2019;9;12;4;3;0;1;0;1;0;0;0;0;0;1;0;0
11;1;1033203.0;2019;10;8;4;3;5;2;0;1;1;0;0;0;0;1;0;0
11;7;7010102.0;2019;10;10;4;3;2;6;0;0;1;0;0;0;0;1;0;0
11;2;2010102.0;2019;9;9;4;3;5;3;0;1;1;0;0;0;0;1;0;0
11;1;1011203.0;2019;10;8;4;3;5;2;0;1;1;0;0;0;0;1;0;0
11;3;3030715.0;2019;9;16;4;3;5;3;0;0;1;0;0;0;0;1;0;0
11;7;7050502.0;2019;10;10;4;3;5;2;0;0;1;0;0;0;0;1;0;0
11;4;4051446.0;2019;9;23;4;3;5;7;2;1;1;0;0;0;0;0;0;0
11;11;11030720.0;2019;10;10;4;2;2;1;0;0;1;0;0;0;1;1;0;0
11;1;1011302.0;2019;9;21;4;3;0;6;2;1;0;1;0;0;0;1;0;0
11;2;2020204.0;2019;10;8;4;3;0;2;0;1;1;0;0;0;0;1;0;0
11;3;3040614.0;2019;9;21;4;3;0;7;2;0;0;0;0;0;1;1;0;0
11;2;2040701.0;2019;10;8;4;2;5;2;0;0;1;0;1;0;0;1;0;0
11;11;11010205.0;2019;9;20;4;3;5;2;2;0;1;0;0;0;0;1;0;0
11;11;11030720.0;2019;10;10;4;2;0;1;0;1;0;0;0;0;0;1;0;0
11;1;1044203.0;2019;9;20;4;3;6;4;2;0;1;1;0;0;0;1;0;0
11;8;8020619.0;2019;10;6;4;3;8;1;2;0;1;0;0;0;0;1;0;0
11;6;6010103.0;2019;10;9;4;3;0;1;0;0;0;0;1;0;0;1;0;0
11;1;1044202.0;2019;9;20;4;3;0;7;2;1;1;0;0;0;0;0;0;0
11;9;9010301.0;2019;10;9;4;3;2;4;0;0;1;1;0;0;0;1;0;0
11;10;10010310.0;2019;9;19;4;3;0;3;2;0;1;0;1;0;0;1;0;0
11;4;4020310.0;2019;10;9;4;2;6;4;0;0;1;1;0;0;0;1;0;0
11;10;10020415.0;2019;10;16;4;3;2;6;0;0;1;0;0;0;1;0;0;0
11;1;1022206.0;2019;9;19;4;2;6;4;2;0;0;1;0;0;1;0;0;0
11;9;9041501.0;2019;10;20;3;3;1;1;2;1;1;0;0;0;0;1;0;0
11;2;2020206.0;2019;9;19;4;3;5;2;2;1;1;0;0;0;0;1;0;0
11;8;8010404.0;2019;10;19;3;3;6;4;2;0;1;1;0;0;0;1;0;0
11;10;10040828.0;2019;9;19;4;3;5;3;2;1;1;0;0;0;0;1;0;0
11;11;11051229.0;2019;10;20;3;3;5;2;2;1;1;0;0;0;0;1;0;0
11;7;7030301.0;2019;9;19;4;3;5;2;2;1;1;0;0;0;0;1;0;0
11;7;7020203.0;2019;10;19;3;3;5;3;2;0;1;0;0;0;0;1;0;0
11;5;5010314.0;2019;10;18;3;3;5;2;0;0;1;0;0;0;0;0;0;0
11;1;1011201.0;2019;9;14;4;3;0;6;0;0;1;0;0;0;1;0;0;0
11;1;1044203.0;2019;9;18;4;3;1;1;1;0;1;0;0;0;0;1;0;0
11;3;3061131.0;2019;10;15;3;3;5;2;0;1;1;0;0;0;0;0;0;0
11;12;1044101.0;2019;9;17;4;2;5;3;0;0;1;0;0;0;1;1;0;0
11;11;11020411.0;2019;10;21;3;3;6;7;2;1;0;1;0;0;0;1;0;0
11;2;2050802.0;2019;9;17;4;3;5;3;0;1;1;0;0;0;0;1;0;0
11;8;8010303.0;2019;10;11;3;3;6;7;0;0;1;1;0;0;0;1;0;0
11;1;1044203.0;2019;10;17;3;3;5;3;0;0;1;0;0;0;1;1;0;0
11;2;2010102.0;2019;9;17;4;3;5;3;0;1;1;0;0;0;0;1;0;0
11;1;1011402.0;2019;9;17;4;3;5;3;0;1;1;0;0;0;0;1;0;0
11;6;6010206.0;2019;10;17;3;3;5;3;1;1;1;0;0;0;0;1;0;0
11;1;1011101.0;2019;10;16;3;3;5;3;0;0;1;0;0;0;1;0;0;0
11;7;7030301.0;2019;9;17;4;3;5;3;0;1;1;0;0;0;0;1;0;0
11;1;1033201.0;2019;10;15;3;3;6;7;0;0;0;1;0;0;1;1;0;0
11;6;6040702.0;2019;9;16;4;3;5;3;0;1;1;0;0;0;0;1;0;0
11;7;7010102.0;2019;10;16;3;3;5;2;0;0;1;0;1;0;0;1;0;0
11;6;6040703.0;2019;10;15;3;3;0;3;0;1;1;0;0;0;0;1;0;0
11;2;2010104.0;2019;9;20;4;2;0;1;2;0;0;0;1;0;0;1;0;0
11;4;4030726.0;2019;10;15;3;3;0;1;0;0;1;0;0;0;1;1;0;0
11;5;5010206.0;2019;9;16;4;3;6;4;0;0;1;1;0;0;0;1;0;0
11;5;5010312.0;2019;10;15;3;3;0;7;0;0;0;0;1;0;0;1;0;0
11;4;4051652.0;2019;9;16;4;3;0;6;0;0;1;0;1;0;0;1;0;0
11;4;4030518.0;2019;10;15;3;2;5;2;0;0;1;0;0;0;0;1;0;0
11;1;1044201.0;2019;9;18;4;3;0;7;1;0;0;0;1;0;0;1;0;0
11;4;4030623.0;2019;10;15;3;3;2;6;0;1;1;0;0;0;0;0;0;0
11;2;2050601.0;2019;10;14;3;2;3;6;0;0;1;0;0;1;0;1;0;0
11;5;5030730.0;2019;9;16;4;3;4;1;0;0;1;0;0;0;0;1;0;0
11;1;1022207.0;2019;9;8;4;3;5;2;0;1;1;0;0;0;0;0;0;0
11;2;2050601.0;2019;10;14;3;3;3;6;0;1;1;0;0;0;0;1;0;0
11;1;1044203.0;2019;10;14;3;3;2;6;0;0;1;0;0;0;1;1;0;0