LAND;BEZ;LOR_ab_2021;UJAHR;UMONAT;USTUNDE;UWOCHENTAG;UKATEGORIE;UART;UTYP1;ULICHTVERH;IstRad;IstPKW;IstFuss;IstKrad;IstGkfz;IstSonstige;USTRZUSTAND;LOCKDOWN;COVID
11;1;1011204.0;2019;9;8;4;3;2;6;0;1;1;0;0;0;0;1;0;0
11;5;5010312.0;2019;10;14;3;3;5;3;0;1;1;0;0;0;0;1;0;0
11;2;2030302.0;2019;9;16;4;3;8;1;0;0;1;1;0;0;0;1;0;0
11;2;2040701.0;2019;10;14;3;3;2;3;0;0;1;0;0;0;0;1;0;0
11;11;11020513.0;2019;9;16;4;3;5;3;0;1;1;0;0;0;0;1;0;0
11;4;4030621.0;2019;10;14;3;3;5;2;0;1;1;0;0;0;0;1;0;0
11;6;6010205.0;2019;9;16;4;3;0;6;0;0;0;0;1;0;0;1;0;0
11;4;4030930.0;2019;10;14;3;3;6;4;0;1;0;1;0;0;0;1;0;0
11;7;7040403.0;2019;9;15;4;3;5;3;1;0;1;0;0;0;0;1;0;0
11;7;7050505.0;2019;10;13;3;3;2;6;0;0;1;0;1;0;0;1;0;0
11;5;5010103.0;2019;9;15;4;3;2;6;0;0;1;0;0;0;0;1;0;0
11;4;4030828.0;2019;10;13;3;3;2;6;0;0;1;0;0;0;0;1;0;0
11;4;4051445.0;2019;10;12;3;3;2;6;0;0;1;0;0;0;0;1;0;0
11;6;6020301.0;2019;9;12;4;3;2;6;0;0;1;0;0;0;1;1;0;0
11;1;1033101.0;2019;10;12;3;3;5;3;0;1;0;0;0;0;1;1;0;0
11;1;1044201.0;2019;9;15;4;3;2;6;0;0;1;0;1;0;0;1;0;0
11;12;12301203.0;2019;10;11;3;3;2;3;0;0;1;0;0;0;1;1;0;0
11;2;2040502.0;2019;9;12;4;3;5;3;0;1;1;0;0;0;0;1;0;0
11;9;9051702.0;2019;10;11;3;3;2;6;0;0;1;0;0;0;0;1;0;0
11;10;10040828.0;2019;9;12;4;3;0;1;0;0;0;0;1;0;0;1;0;0
11;3;3040818.0;2019;10;11;3;3;6;4;0;0;1;1;0;0;0;1;0;0
11;4;4030417.0;2019;10;8;3;2;5;7;0;0;1;0;0;0;0;1;0;0
11;7;7060601.0;2019;9;11;4;3;1;5;0;0;1;0;0;0;0;1;0;0
11;3;3071639.0;2019;9;11;4;3;6;4;0;0;1;1;0;0;0;1;0;0
11;3;3030716.0;2019;10;7;3;3;2;6;0;0;1;0;0;0;1;1;0;0
11;9;9010101.0;2019;10;7;3;2;6;4;0;0;1;1;0;0;0;1;0;0
11;4;4041134.0;2019;9;11;4;3;0;5;0;1;1;0;0;0;0;0;0;0
11;11;11020513.0;2019;10;11;3;3;5;2;0;0;1;0;0;0;1;1;0;0
11;6;6020303.0;2019;9;10;4;3;2;2;0;0;1;0;0;0;0;1;0;0
11;3;3020203.0;2019;10;10;3;3;0;2;0;1;1;0;0;0;0;1;0;0
11;9;9051702.0;2019;10;7;3;3;5;3;0;1;1;0;0;0;0;1;0;0
11;7;7040403.0;2019;9;10;4;3;2;2;0;0;1;0;0;0;0;1;0;0
11;2;2010102.0;2019;10;10;3;3;6;2;0;0;1;1;0;0;0;1;0;0
11;1;1022104.0;2019;10;5;3;3;2;6;2;0;1;0;0;1;0;1;0;0
11;4;4030415.0;2019;9;10;4;3;6;4;0;1;0;1;0;0;0;1;0;0
11;4;4051447.0;2019;10;9;3;3;5;3;0;1;1;0;0;0;0;1;0;0
11;2;2010104.0;2019;10;0;3;3;1;6;2;0;1;0;0;1;1;0;0;0
11;6;6020409.0;2019;9;15;4;2;5;3;0;0;1;0;0;1;0;1;0;0
11;3;3050923.0;2019;10;9;3;3;5;3;0;1;0;0;0;0;0;1;0;0
11;1;1033102.0;2019;9;10;4;3;2;6;0;0;1;0;0;0;0;1;0;0
11;11;11010206.0;2019;9;9;2;3;2;6;0;0;1;0;0;0;0;1;0;0
11;8;8020728.0;2019;9;10;4;3;5;3;0;0;1;0;0;0;0;1;0;0
11;1;1011301.0;2019;9;16;2;2;1;5;0;0;1;0;1;0;0;1;0;0
11;1;1044201.0;2019;9;15;4;3;0;3;0;0;0;0;1;0;1;1;0;0
11;10;10010310.0;2019;9;15;2;3;5;2;0;0;1;0;0;0;0;0;0;0
11;6;6010205.0;2019;9;19;2;3;2;6;1;0;1;0;0;0;0;1;0;0
11;9;9020602.0;2019;9;14;4;3;5;3;0;1;1;0;0;0;0;1;0;0
11;1;1044203.0;2019;9;9;4;3;2;6;0;0;1;0;0;0;0;1;0;0
11;6;6020408.0;2019;9;19;2;3;5;3;2;1;1;0;0;0;0;1;0;0
11;10;10040931.0;2019;9;17;2;3;5;2;0;1;1;0;0;0;0;0;0;0
11;4;4020311.0;2019;9;14;4;3;3;6;0;0;1;0;0;0;0;1;0;0
11;4;4041137.0;2019;9;18;2;3;2;6;0;0;1;0;0;0;0;1;0;0
11;12;12214528.0;2019;9;14;4;3;0;7;0;0;0;0;1;0;0;1;0;0
11;1;1011204.0;2019;9;17;2;3;5;3;2;0;1;0;0;0;0;0;0;0
11;10;10020414.0;2019;9;13;4;3;6;2;0;0;1;1;0;0;0;0;0;0
11;4;4051549.0;2019;9;14;2;3;5;7;0;0;1;0;0;0;0;1;0;0
11;4;4051551.0;2019;9;12;4;3;4;6;0;0;1;0;0;0;0;0;0;0
11;4;4030929.0;2019;10;18;4;3;0;4;1;1;0;1;0;0;0;1;0;0
11;1;1011101.0;2019;10;18;4;3;0;3;1;1;1;0;0;0;0;1;0;0
11;9;9020502.0;2019;10;12;4;3;6;4;0;0;1;1;0;0;0;0;0;0
11;5;5030730.0;2019;10;17;4;3;2;6;0;0;1;0;0;0;1;1;0;0
11;1;1011302.0;2019;10;17;4;3;2;6;0;0;1;0;0;0;0;1;0;0
11;1;1011402.0;2019;10;0;4;2;0;1;2;0;0;0;1;0;0;0;0;0
11;7;7020204.0;2019;10;11;4;3;5;3;0;1;1;0;0;0;0;1;0;0
11;4;4041342.0;2019;10;11;4;2;6;2;0;0;1;1;0;0;0;1;0;0
11;3;3061332.0;2019;10;11;4;3;2;6;0;0;1;0;1;0;0;1;0;0
11;9;9020802.0;2019;10;9;4;3;5;3;0;1;1;0;0;0;0;1;0;0
11;1;1033203.0;2019;10;9;4;3;5;7;0;0;0;0;1;0;1;1;0;0
11;3;3061227.0;2019;10;9;4;3;1;5;0;1;0;0;0;1;0;1;0;0
11;5;5010314.0;2019;10;9;4;3;2;6;0;0;1;0;0;0;1;1;0;0
11;3;3061332.0;2019;10;9;4;3;5;2;0;1;1;0;0;0;0;1;0;0
11;12;12302212.0;2019;10;8;4;3;5;3;0;0;1;0;0;0;0;1;0;0
11;1;1011301.0;2019;10;8;4;3;0;7;0;0;1;0;0;0;1;1;0;0
11;9;9020701.0;2019;10;8;4;3;0;3;0;0;1;0;1;0;0;1;0;0
11;4;4051656.0;2019;10;7;4;3;5;5;0;1;1;0;0;0;0;1;0;0
11;3;3030715.0;2019;10;7;4;3;6;4;1;0;0;1;1;0;0;0;0;0
11;8;8020622.0;2019;10;6;4;3;5;2;2;1;1;0;0;0;0;0;0;0
11;4;4041238.0;2019;10;19;4;1;6;4;2;0;1;1;1;0;0;1;0;0
11;9;9041501.0;2019;10;15;3;3;3;6;0;1;0;0;0;0;0;0;0;0
11;2;2020206.0;2019;10;18;3;3;0;1;1;0;0;0;1;0;0;0;0;0
11;3;3061228.0;2019;10;15;3;2;5;3;0;1;1;0;0;0;0;0;0;0
11;2;2030302.0;2019;10;22;3;3;1;5;2;1;1;0;0;0;1;0;0;0
11;1;1011301.0;2019;10;22;3;3;3;6;2;0;1;0;1;0;0;0;0;0
11;1;1011105.0;2019;10;13;4;3;6;2;0;0;1;1;0;0;0;1;0;0
11;2;2050802.0;2019;10;21;3;3;1;5;2;1;1;0;0;0;0;0;0;0
11;4;4031032.0;2019;10;20;3;3;5;7;2;1;1;0;0;0;0;0;0;0
11;7;7050505.0;2019;10;20;3;3;2;6;2;0;1;0;0;0;0;0;0;0
11;1;1033102.0;2019;10;18;3;3;0;1;1;0;0;0;1;0;0;0;0;0
11;5;5010101.0;2019;10;16;3;3;0;4;0;0;0;1;0;0;1;0;0;0
11;10;10010310.0;2019;10;15;3;3;5;2;0;0;1;0;0;0;1;0;0;0
11;9;9052001.0;2019;10;15;3;3;4;6;0;0;1;0;0;0;0;0;0;0
11;1;1011201.0;2019;10;11;3;2;0;5;0;0;1;0;1;0;1;0;0;0
11;7;7010102.0;2019;10;14;3;3;1;5;0;1;0;0;1;0;0;0;0;0
11;11;11030721.0;2019;10;11;3;2;5;3;0;0;1;1;0;0;0;0;0;0
11;6;6030605.0;2019;10;11;3;3;0;1;0;1;0;0;0;0;0;1;0;0
11;9;9020501.0;2019;10;11;3;3;5;2;0;1;0;0;0;1;0;0;0;0
11;1;1011302.0;2019;10;11;3;3;5;2;0;1;0;0;0;0;0;0;0;0
11;5;5020626.0;2019;10;10;3;3;5;2;0;1;1;0;0;0;0;0;0;0
11;4;4041344.0;2019;10;9;3;3;1;5;0;1;1;0;0;0;0;1;0;0
11;1;1011201.0;2019;10;8;3;3;5;3;0;1;0;1;0;0;0;0;0;0
11;4;4030623.0;2019;10;8;3;3;2;6;0;0;1;0;0;0;0;0;0;0
11;1;1011306.0;2019;10;9;3;3;4;6;0;1;1;0;0;0;0;0;0;0
11;3;3071536.0;2019;10;14;3;3;6;4;0;1;0;1;0;0;0;0;0;0
11;1;1011204.0;2019;10;8;3;3;2;2;0;1;1;0;0;0;0;0;0;0
11;7;7050505.0;2019;10;14;3;3;6;7;0;0;0;1;0;0;1;0;0;0
11;1;1022101.0;2019;10;18;3;3;0;2;1;0;1;0;1;0;0;0;0;0
11;1;1011103.0;2019;10;14;3;3;2;6;0;0;1;0;0;0;0;0;0;0
11;9;9010401.0;2019;10;8;3;3;0;3;0;0;1;0;1;0;0;0;0;0
11;2;2010104.0;2019;10;7;3;2;2;6;0;0;1;0;1;0;0;0;0;0
11;10;10010102.0;2019;10;18;3;3;2;7;1;0;1;0;0;0;0;0;0;0
11;5;5030731.0;2019;10;7;3;3;0;6;0;0;1;0;1;0;0;0;0;0
11;5;5010312.0;2019;10;6;3;3;5;3;1;1;1;0;0;0;0;0;0;0
11;5;5010209.0;2019;10;17;3;3;5;2;0;1;1;0;0;0;0;0;0;0
11;2;2040701.0;2019;10;17;3;3;5;3;0;1;0;0;0;1;0;0;0;0
11;8;8010301.0;2019;10;13;3;3;2;6;0;0;1;0;0;0;0;0;0;0
11;1;1022103.0;2019;10;17;3;3;5;2;0;0;1;0;1;0;0;0;0;0
11;12;12301205.0;2019;10;12;3;3;6;2;0;0;0;1;0;0;1;0;0;0
11;8;8020622.0;2019;10;15;3;3;2;6;0;0;1;0;0;0;0;0;0;0
11;3;3061228.0;2019;10;12;3;3;5;2;0;0;0;0;1;0;1;0;0;0
11;9;9020601.0;2019;10;16;3;3;2;6;0;0;0;0;0;0;1;0;0;0
11;7;7040405.0;2019;10;21;2;2;5;3;2;0;1;0;1;0;0;0;0;0
11;4;4010101.0;2019;10;21;2;3;6;7;2;0;0;1;0;1;0;0;0;0
11;1;1022201.0;2019;10;20;2;3;2;6;2;1;1;0;0;0;0;0;0;0
11;2;2050802.0;2019;10;19;2;3;5;2;2;1;1;0;0;0;0;0;0;0
11;3;3061430.0;2019;10;18;2;3;2;2;1;1;1;0;0;0;0;0;0;0
11;1;1011201.0;2019;10;18;2;3;6;4;1;1;0;1;0;0;0;0;0;0
11;4;4041136.0;2019;10;18;2;3;5;2;1;1;1;0;0;0;0;0;0;0
11;1;1011105.0;2019;10;17;2;3;5;2;0;1;1;0;0;0;0;0;0;0
11;8;8020625.0;2019;10;17;2;2;1;5;0;0;1;0;0;0;0;0;0;0
11;12;12103218.0;2019;10;17;2;3;1;5;1;0;1;0;0;0;0;0;0;0
11;6;6010101.0;2019;10;16;2;2;0;6;0;0;1;0;0;0;1;0;0;0
11;10;10010309.0;2019;10;15;2;3;5;2;0;1;0;0;0;0;1;0;0;0
11;3;3071536.0;2019;10;15;2;3;5;7;0;0;0;0;0;0;1;0;0;0
11;2;2010102.0;2019;10;15;2;2;6;4;0;0;1;1;0;0;0;0;0;0
11;2;2020204.0;2019;10;9;2;3;2;2;0;1;1;0;0;0;0;0;0;0
11;11;11051330.0;2019;10;15;2;3;5;5;0;0;1;0;0;0;0;0;0;0
11;8;8010302.0;2019;10;15;2;3;0;6;0;1;0;0;0;0;1;0;0;0
11;5;5020625.0;2019;10;11;2;2;5;3;0;1;0;0;1;0;0;0;0;0
11;9;9051702.0;2019;10;11;2;3;0;6;0;1;0;0;0;0;1;0;0;0
11;9;9041401.0;2019;10;11;2;2;0;7;0;1;0;0;0;0;0;0;0;0
11;1;1033202.0;2019;10;15;2;3;2;6;0;0;1;0;1;0;0;0;0;0
11;2;2050803.0;2019;10;8;2;3;2;6;0;0;1;0;1;0;0;0;0;0
11;5;5030731.0;2019;10;14;2;3;2;2;0;0;1;0;0;0;0;0;0;0
11;1;1044202.0;2019;10;8;2;3;2;6;0;0;1;0;0;0;0;0;0;0
11;12;12214424.0;2019;10;7;2;3;5;2;0;0;1;0;0;0;0;0;0;0
11;7;7060604.0;2019;10;13;2;3;2;3;0;0;1;0;1;0;0;0;0;0
11;11;11020412.0;2019;10;10;2;2;6;4;0;0;1;1;0;0;0;0;0;0
11;6;6030609.0;2019;10;6;2;3;1;5;1;1;1;0;0;0;0;0;0;0
11;4;4031032.0;2019;10;10;2;3;5;2;0;0;1;0;0;0;0;0;0;0
11;8;8010118.0;2019;10;14;2;3;6;2;0;0;1;1;0;0;0;0;0;0
11;3;3061435.0;2019;10;6;2;3;5;3;2;1;1;0;0;0;0;1;0;0
11;9;9010401.0;2019;10;10;2;3;5;5;0;0;1;0;0;0;0;0;0;0
11;10;10010309.0;2019;10;13;2;2;0;3;0;0;1;0;1;0;0;0;0;0
11;4;4020310.0;2019;10;10;2;3;5;2;0;0;1;0;1;0;0;0;0;0
11;4;4030519.0;2019;10;13;2;3;5;3;0;1;1;0;0;0;0;0;0;0
11;10;10020622.0;2019;10;9;2;3;5;2;0;0;1;0;0;0;0;0;0;0
11;2;2010104.0;2019;10;9;2;3;2;6;0;0;1;0;1;0;0;0;0;0
11;3;3061131.0;2019;10;12;2;2;5;3;0;1;1;0;0;0;0;0;0;0
11;7;7040401.0;2019;10;9;2;3;0;1;0;1;0;0;0;0;0;0;0;0
11;2;2010102.0;2019;10;8;2;3;0;7;0;0;0;0;1;0;0;1;0;0
11;7;7040401.0;2019;10;12;2;3;2;6;0;0;1;0;0;0;0;0;0;0
11;8;8010211.0;2019;10;16;1;3;5;3;0;1;1;0;0;0;0;0;0;0
11;3;3040614.0;2019;10;22;1;2;3;6;2;1;0;0;0;0;1;0;0;0
11;3;3040614.0;2019;10;17;1;3;4;6;0;1;0;0;0;0;0;0;0;0
11;9;9041301.0;2019;10;16;1;3;2;6;0;0;1;0;0;0;0;1;0;0
11;12;12302109.0;2019;10;16;1;3;0;1;0;0;0;0;1;0;0;0;0;0
11;3;3040512.0;2019;10;15;1;3;2;6;0;0;1;0;1;0;0;0;0;0
11;1;1011101.0;2019;10;15;1;2;2;6;0;0;1;0;1;0;0;0;0;0
11;1;1011105.0;2019;10;13;1;3;5;3;0;1;0;0;1;0;0;0;0;0
11;12;12214424.0;2019;10;13;1;3;5;2;0;0;1;0;0;0;1;0;0;0
11;4;4051445.0;2019;10;13;1;3;5;5;0;0;1;0;1;0;0;0;0;0
11;4;4020313.0;2019;10;12;1;3;2;6;0;0;1;0;0;0;0;0;0;0
11;8;8020727.0;2019;10;11;1;3;6;2;0;0;1;1;0;0;0;0;0;0
11;3;3051022.0;2019;10;10;1;3;5;3;0;0;1;0;0;0;0;0;0;0
11;11;11010205.0;2019;10;9;1;3;5;7;0;1;1;0;0;0;0;0;0;0
11;2;2040701.0;2019;10;7;1;3;6;7;0;0;1;1;0;0;0;0;0;0
11;4;4010102.0;2019;10;6;1;3;5;7;2;0;1;0;0;0;0;0;0;0
11;1;1011306.0;2019;10;22;1;3;5;3;2;0;1;0;0;0;0;1;0;0
11;3;3040614.0;2019;10;22;1;2;3;6;2;1;0;0;0;0;1;0;0;0
11;2;2030302.0;2019;10;20;1;3;5;3;2;0;1;0;1;0;0;1;0;0
11;4;4030620.0;2019;10;20;1;3;0;1;2;1;0;0;0;0;0;0;0;0
11;4;4031032.0;2019;10;16;4;3;5;2;0;0;1;0;1;0;0;1;0;0
11;1;1011301.0;2019;10;17;3;3;0;1;1;0;1;0;0;0;1;1;0;0
11;4;4041344.0;2019;10;19;1;3;0;1;2;0;0;0;1;0;0;1;0;0
11;11;2050801.0;2019;10;19;1;3;0;1;2;0;0;0;1;0;0;1;0;0
11;2;2010104.0;2019;10;18;1;3;0;2;2;1;1;0;0;0;0;1;0;0
11;4;4030930.0;2019;10;18;1;3;0;1;1;0;0;0;1;0;0;0;0;0
11;7;7050501.0;2019;10;13;7;3;2;2;0;0;1;0;0;0;0;0;0;0
11;6;6040810.0;2019;10;13;7;3;2;2;0;0;1;0;0;0;0;0;0;0
11;1;1022103.0;2019;10;18;7;3;0;5;1;0;1;0;1;0;0;0;0;0
11;2;2050803.0;2019;10;15;4;2;6;4;0;0;1;1;0;0;0;1;0;0
11;6;6030610.0;2019;10;23;7;2;0;1;2;1;0;0;0;0;0;0;0;0
11;3;3061430.0;2019;10;23;7;2;2;6;2;0;1;0;1;0;0;0;0;0
11;1;1011302.0;2019;10;15;4;3;6;4;0;0;0;1;1;0;0;1;0;0
11;1;1044101.0;2019;10;22;7;2;5;2;1;1;1;0;0;0;0;0;0;0
11;8;8010406.0;2019;10;21;7;3;5;2;2;0;1;0;0;0;1;0;0;0
11;4;4010101.0;2019;10;22;7;3;5;2;2;0;1;0;0;0;1;0;0;0
11;1;1011305.0;2019;10;22;7;3;6;2;2;0;1;1;0;0;0;0;0;0
11;8;8020619.0;2019;10;19;7;3;0;5;2;0;1;0;0;0;1;0;0;0
11;1;1044101.0;2019;10;18;7;3;1;5;2;0;1;0;0;0;1;0;0;0
11;12;12214125.0;2019;10;18;7;3;6;2;2;0;0;1;0;0;1;0;0;0
11;12;12301205.0;2019;10;16;7;2;5;3;0;1;1;0;0;0;0;0;0;0
11;8;8030830.0;2019;10;15;7;3;5;3;0;0;1;0;0;0;0;0;0;0
11;5;5020625.0;2019;10;15;7;2;0;6;0;0;1;0;0;0;1;0;0;0
11;7;7060604.0;2019;10;14;7;3;5;2;0;1;1;0;0;0;0;0;0;0
11;7;7010102.0;2019;10;14;7;3;5;7;0;0;1;0;1;0;0;0;0;0
11;10;10010207.0;2019;10;13;7;3;0;6;0;0;1;0;0;0;1;0;0;0
11;4;4030827.0;2019;10;12;7;3;5;3;0;1;0;0;1;0;0;0;0;0
11;10;10020620.0;2019;10;12;7;3;5;2;0;0;0;0;0;0;1;0;0;0
11;9;9020701.0;2019;10;12;7;3;5;3;0;1;1;0;0;0;0;0;0;0
11;6;6010102.0;2019;10;12;7;3;5;3;0;0;1;0;0;0;0;0;0;0
11;11;11041128.0;2019;10;11;7;3;5;3;0;1;1;0;0;0;0;0;0;0
11;11;11030720.0;2019;10;11;7;3;3;6;0;1;0;0;0;0;1;0;0;0
11;11;11030721.0;2019;10;10;7;3;3;6;0;1;1;0;0;0;0;0;0;0
11;3;3030715.0;2019;10;10;7;3;5;3;0;0;1;0;0;0;0;0;0;0
11;11;11010206.0;2019;10;10;7;3;0;3;0;0;1;0;1;0;0;0;0;0
11;4;4030519.0;2019;10;9;7;3;5;7;0;0;1;0;1;0;0;0;0;0
11;8;8010301.0;2019;10;1;7;3;5;3;2;0;1;0;1;0;0;0;0;0
11;5;5010314.0;2019;10;0;7;3;6;4;2;0;1;1;0;0;0;0;0;0
11;2;2040502.0;2019;10;19;6;3;0;6;2;0;1;0;1;0;0;0;0;0
11;1;1011202.0;2019;10;10;6;2;6;4;0;1;0;1;0;0;0;1;0;0
11;11;11051229.0;2019;10;20;6;3;6;4;2;0;1;1;0;0;0;1;0;0
11;1;1011306.0;2019;10;14;6;3;5;7;0;1;0;0;0;0;1;0;0;0
11;5;5020626.0;2019;10;13;6;3;5;2;0;0;1;0;0;0;0;0;0;0
11;8;8010214.0;2019;10;13;6;3;2;6;0;0;1;0;0;0;0;0;0;0
11;11;11030618.0;2019;10;19;6;2;5;3;2;0;1;0;0;0;1;1;0;0
11;1;1022201.0;2019;10;10;6;3;0;6;0;1;1;0;0;0;0;0;0;0
11;6;6020301.0;2019;10;19;6;3;5;3;2;0;1;0;0;0;0;1;0;0
11;3;3071537.0;2019;10;19;6;3;1;5;2;1;1;0;0;0;0;1;0;0
11;2;2030302.0;2019;10;17;6;3;5;2;1;1;1;0;0;0;0;1;0;0
11;4;4020310.0;2019;10;19;6;3;5;2;2;1;1;0;0;0;0;1;0;0
11;12;12224230.0;2019;10;6;6;3;2;6;1;0;1;0;0;0;0;0;0;0
11;2;2050802.0;2019;10;12;4;3;0;3;0;1;1;0;0;0;0;1;0;0
11;6;6040809.0;2019;10;18;6;3;5;3;2;0;1;0;0;0;0;1;0;0
11;5;5030833.0;2019;10;5;6;3;6;4;2;0;0;1;1;0;0;0;0;0
11;2;2010104.0;2019;10;17;6;3;5;3;1;1;1;0;0;0;0;1;0;0
11;1;1033102.0;2019;10;17;6;3;5;7;1;0;1;0;1;0;0;0;0;0
11;7;7060601.0;2019;10;16;6;3;2;6;0;0;1;0;0;0;0;1;0;0
11;6;6030504.0;2019;10;16;6;2;5;5;0;0;1;0;0;0;0;1;0;0
11;7;7070703.0;2019;10;15;6;3;5;2;0;0;1;0;1;0;0;0;0;0
11;11;11020514.0;2019;10;14;6;3;2;6;0;0;1;0;0;0;0;0;0;0
11;1;1022102.0;2019;10;14;6;3;0;5;0;0;0;1;0;0;1;0;0;0
11;4;4030726.0;2019;10;20;6;3;5;7;2;0;1;0;0;0;0;1;0;0
11;8;8020620.0;2019;10;14;4;3;3;6;0;0;1;0;0;0;1;1;0;0
11;4;4010101.0;2019;10;15;6;3;2;6;0;0;1;0;0;0;1;0;0;0
11;2;2010102.0;2019;10;16;5;3;6;6;0;0;0;1;0;0;1;1;0;0
11;1;1011204.0;2019;10;19;5;3;5;3;2;1;0;0;0;0;0;0;0;0
11;8;8010117.0;2019;10;23;5;3;2;6;2;0;1;0;0;0;0;1;0;0
11;1;1044102.0;2019;10;22;5;3;2;6;2;0;1;0;0;0;0;1;0;0
11;3;3010102.0;2019;10;20;5;3;6;4;2;1;0;1;0;0;0;1;0;0
11;7;7030301.0;2019;10;20;5;3;6;4;2;0;1;1;0;0;0;1;0;0
11;10;10020415.0;2019;10;19;5;2;3;6;2;1;1;0;0;0;0;1;0;0
11;5;5010314.0;2019;10;19;5;2;6;4;2;0;1;1;0;0;0;0;0;0
11;1;1011204.0;2019;10;17;5;3;5;2;0;0;1;0;0;0;0;1;0;0
11;7;7040403.0;2019;10;13;4;3;6;7;0;0;0;1;0;1;0;1;0;0
11;8;8010117.0;2019;10;17;5;3;0;3;0;0;1;0;1;0;0;1;0;0
11;11;11051330.0;2019;10;14;4;3;3;6;0;1;1;0;0;0;0;1;0;0
11;1;1011402.0;2019;10;9;5;3;0;1;0;1;0;0;0;0;0;1;0;0
11;6;6030503.0;2019;10;9;5;3;3;6;0;1;1;0;0;0;0;0;0;0
11;7;7040404.0;2019;10;8;5;3;2;6;0;0;1;0;0;0;0;1;0;0
11;2;2040701.0;2019;10;6;5;2;5;3;1;0;1;0;0;0;0;1;0;0
11;3;3040512.0;2019;10;6;5;3;6;2;2;0;1;1;0;0;0;1;0;0
11;3;3051022.0;2019;10;13;4;3;5;2;0;1;1;0;0;0;0;1;0;0
11;1;1011305.0;2019;10;4;5;3;0;1;2;0;0;0;0;0;1;1;0;0
11;7;7060603.0;2019;10;16;5;3;5;2;0;1;1;0;0;0;0;0;0;0
11;2;2040502.0;2019;10;15;5;3;5;2;0;0;0;0;0;0;1;0;0;0
11;2;2050602.0;2019;10;15;5;3;1;5;0;1;0;0;0;0;1;0;0;0
11;1;1033101.0;2019;10;14;5;3;5;2;0;0;1;0;0;0;0;1;0;0
11;1;1011202.0;2019;10;12;5;3;5;3;0;0;1;0;1;0;0;0;0;0
11;2;2020203.0;2019;10;10;5;3;5;7;0;0;1;0;1;0;0;1;0;0
11;5;5010314.0;2019;10;21;4;2;9;1;2;0;1;0;0;0;0;0;0;0
11;11;11010310.0;2019;10;10;5;3;6;6;0;1;0;1;0;0;0;0;0;0
11;5;5010339.0;2019;10;6;5;3;2;6;1;0;0;0;1;0;1;1;0;0
11;1;1011201.0;2019;10;23;4;3;5;2;2;0;1;0;0;0;0;1;0;0
11;1;1011304.0;2019;10;23;4;3;0;1;2;1;0;0;0;0;0;1;0;0
11;3;3040614.0;2019;10;18;4;2;5;2;0;0;1;0;0;0;1;0;0;0
11;10;10010205.0;2019;10;18;4;2;6;4;2;0;1;1;0;0;0;1;0;0
11;9;9041401.0;2019;10;17;4;3;5;2;0;0;1;0;0;0;0;0;0;0
11;1;1044103.0;2019;10;16;4;3;1;5;0;1;1;0;0;0;0;0;0;0
11;7;7010102.0;2019;10;16;4;2;6;4;0;0;1;1;0;0;0;0;0;0
11;1;1011302.0;2019;10;21;4;3;0;3;2;0;1;0;0;0;1;1;0;0
11;4;4030929.0;2019;10;17;4;3;2;6;0;0;1;0;1;0;0;0;0;0
11;11;11010102.0;2019;10;15;4;3;0;6;0;0;1;0;0;0;1;0;0;0
11;11;11040926.0;2019;10;15;4;3;6;4;0;0;0;1;0;0;1;0;0;0
11;4;4010102.0;2019;10;12;4;3;2;6;0;0;1;0;0;0;0;1;0;0
11;2;2030301.0;2019;10;21;4;3;0;4;2;1;0;1;0;0;0;1;0;0
11;4;4030931.0;2019;10;15;4;3;0;3;0;1;0;0;1;0;0;0;0;0
11;11;11030617.0;2019;10;12;4;3;6;4;0;1;0;1;0;0;0;1;0;0
11;1;1011302.0;2019;10;9;4;3;1;1;0;1;1;0;0;0;0;0;0;0
11;3;3040614.0;2019;10;21;4;3;5;3;2;1;0;0;1;0;0;1;0;0
11;6;6030502.0;2019;10;20;4;3;0;2;2;0;1;0;1;0;0;1;0;0
11;12;12214527.0;2019;10;8;4;3;1;5;0;1;1;0;0;0;0;1;0;0
11;11;11020412.0;2019;10;7;4;3;1;7;0;0;1;0;0;0;0;1;0;0
11;12;12214424.0;2019;10;14;4;3;2;6;0;0;1;0;0;0;0;1;0;0
11;11;11040925.0;2019;10;12;4;3;2;6;0;0;1;0;0;0;0;1;0;0
11;3;3061227.0;2019;10;7;4;2;5;2;0;0;1;0;0;0;1;0;0;0
11;10;10010102.0;2019;10;20;4;3;0;7;2;0;1;0;1;0;0;1;0;0
11;8;8020620.0;2019;10;14;4;3;2;6;0;0;1;0;0;0;0;1;0;0
11;3;3061126.0;2019;10;14;4;3;5;2;0;0;1;0;0;0;0;0;0;0
11;9;9041601.0;2019;10;13;4;3;0;6;0;0;1;0;0;0;1;0;0;0
11;7;7030301.0;2019;10;12;4;3;1;5;0;1;1;0;0;0;0;1;0;0
11;1;4030931.0;2019;10;19;4;3;0;7;2;0;0;0;0;0;1;1;0;0
11;7;7010102.0;2019;10;19;4;3;5;2;2;1;1;0;0;0;0;0;0;0