LAND;BEZ;LOR_ab_2021;UJAHR;UMONAT;USTUNDE;UWOCHENTAG;UKATEGORIE;UART;UTYP1;ULICHTVERH;IstRad;IstPKW;IstFuss;IstKrad;IstGkfz;IstSonstige;USTRZUSTAND;LOCKDOWN;COVID
11;7;7100102.0;2018;1;17;5;3;5;2;1;1;0;0;0;0;1;2;0;0
11;11;11400931.0;2018;1;19;5;2;6;2;2;0;1;1;0;0;0;1;0;0
11;2;2500832.0;2018;1;17;5;3;6;2;1;0;1;1;0;0;0;1;0;0
11;4;4100101.0;2018;1;19;5;3;3;6;2;0;1;0;0;0;0;1;0;0
11;9;9100101.0;2018;1;19;5;3;6;2;2;0;1;1;0;0;0;1;0;0
11;8;8100104.0;2018;1;21;5;3;6;2;2;0;1;1;0;0;0;1;0;0
11;9;9401534.0;2018;1;19;5;2;6;7;2;0;1;1;0;0;0;1;0;0
11;5;5200631.0;2018;1;11;4;2;6;4;0;0;1;1;0;0;0;1;0;0
11;8;8100206.0;2018;1;11;4;3;2;1;0;0;1;0;0;0;0;1;0;0
11;1;1100103.0;2018;1;15;4;2;6;4;0;0;1;1;0;0;0;1;0;0
11;9;9200715.0;2018;1;19;5;3;5;2;2;0;1;0;0;0;0;1;0;0
11;4;4501042.0;2018;1;14;4;2;2;6;0;0;1;0;0;0;0;1;0;0
11;3;3500933.0;2018;1;17;4;2;6;4;2;0;1;1;0;0;0;1;0;0
11;7;7200307.0;2018;1;19;5;3;5;7;2;0;1;0;0;0;0;1;0;0
11;1;1100309.0;2018;1;9;3;3;0;3;0;0;1;0;1;0;0;1;0;0
11;1;1100205.0;2018;1;17;4;3;2;2;2;0;1;0;0;0;0;1;0;0
11;4;4300413.0;2018;1;18;3;2;6;4;2;1;0;1;0;0;0;1;0;0
11;2;2100102.0;2018;1;18;5;3;5;3;2;0;1;0;0;0;0;1;0;0
11;6;6300631.0;2018;1;16;4;3;2;2;2;0;1;1;0;0;0;1;0;0
11;8;8401139.0;2018;1;17;5;3;6;4;2;0;0;1;1;0;0;1;0;0
11;4;4200311.0;2018;1;13;4;3;3;6;0;0;1;0;0;0;0;1;0;0
11;1;1100416.0;2018;1;18;5;3;1;6;2;1;1;0;0;0;0;1;0;0
11;11;11300725.0;2018;1;18;4;3;5;7;2;0;0;0;0;0;1;1;0;0
11;11;11200514.0;2018;1;18;4;3;1;5;2;1;1;0;0;0;0;1;0;0
11;3;3601245.0;2018;1;18;5;3;5;3;2;1;1;0;0;0;0;1;0;0
11;11;11100102.0;2018;1;18;3;3;2;6;2;0;1;0;0;0;0;1;0;0
11;3;3400619.0;2018;1;10;4;2;6;7;0;1;0;1;0;0;0;1;0;0
11;10;10200629.0;2018;1;19;5;3;5;2;2;0;1;0;0;0;1;1;0;0
11;11;11300826.0;2018;1;17;5;3;6;3;2;0;1;1;0;0;0;1;0;0
11;6;6100205.0;2018;1;16;5;2;6;4;2;0;1;1;0;0;0;1;0;0
11;4;4300413.0;2018;1;17;3;3;5;3;2;0;1;0;0;0;0;1;0;0
11;6;6100206.0;2018;1;9;4;3;1;5;0;1;1;0;0;0;0;2;0;0
11;10;10200417.0;2018;1;16;5;3;6;4;2;0;1;1;0;0;0;1;0;0
11;1;1100206.0;2018;1;8;4;3;5;3;0;0;1;0;1;0;0;1;0;0
11;9;9200819.0;2018;1;15;5;3;5;2;1;1;0;0;0;0;1;1;0;0
11;5;5200633.0;2018;1;8;4;3;6;4;0;0;1;1;0;0;0;1;0;0
11;10;10100210.0;2018;1;15;5;3;6;4;0;0;1;1;0;0;0;1;0;0
11;1;1100104.0;2018;1;7;4;3;1;5;0;1;1;0;0;0;1;1;0;0
11;4;4300622.0;2018;1;7;4;3;5;3;1;1;1;0;0;0;0;2;0;0
11;10;10100205.0;2018;1;15;5;3;5;3;0;1;1;0;0;0;0;1;0;0
11;11;11300723.0;2018;1;6;4;2;1;5;2;1;1;0;0;0;0;1;0;0
11;7;7601544.0;2018;1;15;5;3;5;3;0;1;1;0;0;0;0;1;0;0
11;9;9200511.0;2018;1;6;4;3;5;7;1;0;1;0;0;0;1;2;0;0
11;8;8100314.0;2018;1;14;5;3;5;3;0;1;1;0;0;0;0;1;0;0
11;5;5100210.0;2018;1;19;4;2;5;3;2;0;1;0;0;0;0;1;0;0
11;4;4100101.0;2018;1;18;4;3;5;3;2;0;1;0;0;0;0;1;0;0
11;8;8200726.0;2018;1;14;5;3;2;6;0;0;1;0;0;0;0;1;0;0
11;4;4400835.0;2018;1;18;4;3;5;3;1;0;1;0;1;0;0;1;0;0
11;10;10400940.0;2018;1;13;5;3;2;6;0;0;1;0;0;0;0;1;0;0
11;2;2200209.0;2018;1;18;4;3;0;1;2;1;0;0;0;0;0;1;0;0
11;5;5100316.0;2018;1;18;5;3;8;1;2;0;1;0;0;0;0;1;0;0
11;1;1401045.0;2018;1;18;4;3;2;6;2;0;1;0;0;0;1;1;0;0
11;2;2300417.0;2018;1;7;5;3;6;4;2;0;0;1;0;0;1;1;0;0
11;7;7200308.0;2018;1;18;4;3;1;5;2;0;1;0;0;0;1;1;0;0
11;2;2200208.0;2018;1;7;5;3;6;4;1;1;0;1;0;0;0;1;0;0
11;9;9401534.0;2018;1;16;3;2;6;4;1;1;0;1;0;0;0;0;0;0
11;2;2500835.0;2018;1;19;3;3;6;2;2;0;1;1;0;0;0;1;0;0
11;7;7100205.0;2018;1;13;5;3;5;2;0;0;1;0;0;0;1;1;0;0
11;2;2100106.0;2018;1;22;3;3;5;2;2;0;1;0;0;0;0;1;0;0
11;12;12200515.0;2018;1;13;5;3;2;1;0;0;1;0;0;0;0;1;0;0
11;6;6300525.0;2018;1;12;5;3;2;1;0;0;1;0;1;0;0;1;0;0
11;1;1100311.0;2018;1;22;3;3;3;6;2;0;1;0;0;0;0;1;0;0
11;4;4300624.0;2018;1;11;5;2;6;2;0;0;1;1;0;0;0;1;0;0
11;1;1100207.0;2018;1;22;3;3;5;3;2;0;1;0;0;0;0;1;0;0
11;3;3200308.0;2018;1;11;5;3;2;6;0;0;1;1;0;0;0;1;0;0
11;3;3601449.0;2018;1;20;3;3;2;2;2;0;1;0;0;0;0;1;0;0
11;1;1200519.0;2018;1;19;3;3;6;6;2;1;0;1;0;0;0;1;0;0
11;4;4501152.0;2018;1;10;5;3;5;2;0;1;1;0;0;0;0;1;0;0
11;6;6200421.0;2018;1;19;3;3;5;3;2;0;1;0;0;0;0;1;0;0
11;2;2100102.0;2018;1;19;3;3;1;5;2;1;0;0;0;0;1;1;0;0
11;8;8200623.0;2018;1;10;5;3;5;2;1;1;1;0;0;0;0;1;0;0
11;4;4501152.0;2018;1;8;3;3;5;3;0;1;1;0;0;0;0;1;0;0
11;6;6400844.0;2018;1;18;3;2;6;4;2;0;1;1;0;0;0;2;0;0
11;1;1200626.0;2018;1;20;2;3;5;3;2;1;0;0;0;0;0;0;0;0
11;8;8100102.0;2018;1;20;3;3;1;1;2;0;1;0;0;0;0;1;0;0
11;7;7601442.0;2018;1;10;5;3;2;6;0;0;1;0;0;0;1;1;0;0
11;3;3400724.0;2018;1;3;3;3;9;1;2;0;0;0;0;0;1;1;0;0
11;1;1100206.0;2018;1;9;5;3;5;2;0;1;0;0;0;0;1;1;0;0
11;9;9200717.0;2018;1;5;3;2;5;2;2;0;1;0;0;0;0;2;0;0
11;5;5300841.0;2018;1;8;5;3;0;6;0;0;1;0;0;0;1;1;0;0
11;1;1200628.0;2018;1;5;3;3;6;2;2;0;1;1;0;0;0;2;0;0
11;1;1100308.0;2018;1;5;3;3;5;2;2;0;1;0;0;0;0;2;0;0
11;1;1401043.0;2018;1;8;5;3;5;3;0;1;1;0;0;0;0;1;0;0
11;8;8200832.0;2018;1;6;3;3;2;2;2;0;1;0;0;0;1;1;0;0
11;2;2200207.0;2018;1;7;3;3;6;2;0;0;1;1;0;0;0;1;0;0
11;11;11400929.0;2018;1;8;5;3;1;5;0;1;1;0;0;0;0;1;0;0
11;9;9100306.0;2018;1;17;3;3;2;6;2;0;1;0;0;0;0;1;0;0
11;1;1401049.0;2018;1;16;3;3;5;7;0;0;1;0;1;0;0;1;0;0
11;5;5200420.0;2018;1;7;5;3;6;4;0;0;1;1;0;0;0;1;0;0
11;6;6400737.0;2018;1;7;3;3;5;3;0;0;1;0;0;0;1;1;0;0
11;7;7200307.0;2018;1;7;5;2;2;6;0;0;1;0;0;0;0;1;0;0
11;9;9501737.0;2018;1;15;3;3;5;7;0;1;1;0;0;0;0;1;0;0
11;8;8100102.0;2018;1;7;5;3;4;5;1;1;1;0;0;0;0;1;0;0
11;1;1200522.0;2018;1;14;3;3;6;2;0;0;1;1;0;0;0;1;0;0
11;2;2100102.0;2018;1;7;5;3;5;3;0;1;0;0;0;0;1;1;0;0
11;1;1100311.0;2018;1;14;3;3;5;2;0;1;1;0;0;0;0;0;0;0
11;3;3400723.0;2018;1;9;1;2;5;3;0;0;1;0;0;0;0;0;0;0
11;4;4300517.0;2018;1;14;3;3;2;6;0;0;1;0;0;0;0;1;0;0
11;6;6300528.0;2018;1;7;5;2;6;4;2;0;1;1;0;0;0;1;0;0
11;7;7100102.0;2018;1;9;1;3;5;3;0;0;1;0;0;0;0;1;0;0
11;12;12200308.0;2018;1;13;3;3;5;3;0;0;1;0;0;0;0;1;0;0
11;10;10100104.0;2018;1;6;4;3;5;3;0;1;0;0;0;0;1;0;0;0
11;1;1100310.0;2018;1;17;4;3;2;2;2;0;1;0;0;0;0;0;0;0
11;9;9200819.0;2018;1;12;1;3;2;6;0;0;1;0;0;0;0;1;0;0
11;5;5400942.0;2018;1;13;1;2;1;5;0;0;1;0;0;0;0;1;0;0
11;6;6300633.0;2018;1;13;3;3;5;3;0;0;1;0;1;0;0;1;0;0
11;11;11300721.0;2018;1;18;4;3;0;5;2;1;1;0;0;0;0;1;0;0
11;1;1100103.0;2018;1;16;1;3;0;2;1;0;1;0;0;0;1;0;0;0
11;4;4300412.0;2018;1;13;3;3;2;6;0;0;1;0;0;0;0;1;0;0
11;2;2500726.0;2018;1;20;4;3;7;7;2;1;0;0;0;0;0;0;0;0
11;9;9501939.0;2018;1;12;3;3;2;6;0;0;1;0;0;0;0;1;0;0
11;9;9300920.0;2018;1;17;4;3;5;3;2;0;1;0;0;0;0;0;0;0
11;12;12200412.0;2018;1;18;4;3;5;7;2;0;1;0;0;0;0;1;0;0
11;4;4300619.0;2018;1;10;6;3;2;6;0;0;1;0;0;0;0;1;0;0
11;4;4300622.0;2018;2;16;5;3;5;2;1;1;1;0;0;0;0;0;0;0
11;11;11300723.0;2018;2;11;5;3;1;5;0;1;1;0;0;0;0;0;0;0
11;6;6300528.0;2018;1;8;6;3;6;2;0;0;1;1;0;0;0;0;0;0
11;1;1200520.0;2018;2;15;5;3;6;7;0;1;0;1;0;0;0;0;0;0
11;3;3500933.0;2018;1;10;6;3;5;3;0;0;1;0;0;0;1;1;0;0
11;1;1200517.0;2018;2;10;5;3;2;6;0;0;1;0;0;0;0;0;0;0
11;1;1400938.0;2018;1;8;6;3;2;6;0;0;1;0;0;0;0;1;0;0
11;1;1100102.0;2018;2;9;5;3;3;6;0;1;0;0;0;1;0;0;0;0
11;10;10400940.0;2018;2;10;5;3;2;6;0;0;1;0;0;0;0;1;0;0
11;1;1400938.0;2018;1;8;6;3;8;1;0;0;1;0;0;0;0;1;0;0
11;4;4501042.0;2018;2;9;5;3;2;7;0;0;1;0;0;0;0;0;0;0
11;7;7501029.0;2018;1;7;6;3;3;6;1;1;0;0;0;0;1;1;0;0
11;6;6400838.0;2018;2;14;5;3;5;2;0;0;1;0;1;0;0;0;0;0
11;8;8100209.0;2018;1;7;6;3;6;2;1;0;1;1;0;0;0;1;0;0
11;9;9200716.0;2018;1;7;6;3;6;4;0;0;1;1;0;0;0;1;0;0
11;2;2500835.0;2018;2;8;5;3;6;4;0;0;1;1;0;0;0;1;0;0
11;10;10300731.0;2018;1;7;6;3;6;2;0;0;1;1;0;0;0;1;0;0
11;1;1100206.0;2018;2;7;5;3;5;2;0;1;1;0;0;0;0;0;0;0
11;12;12601235.0;2018;1;7;6;3;6;3;1;0;1;1;0;0;0;1;0;0
11;5;5100315.0;2018;1;7;6;3;6;2;2;0;1;1;0;0;0;1;0;0
11;2;2100104.0;2018;2;14;5;3;6;2;0;0;1;1;0;0;0;0;0;0
11;11;11501238.0;2018;1;7;6;3;5;2;2;1;1;0;0;0;0;1;0;0
11;9;9100203.0;2018;1;6;6;3;5;5;2;0;1;0;1;0;0;1;0;0
11;6;6400840.0;2018;2;14;5;3;1;5;0;0;1;0;0;0;0;0;0;0
11;9;9501737.0;2018;2;14;5;2;8;1;0;0;1;0;0;0;0;0;0;0
11;3;3601244.0;2018;1;6;6;3;5;3;2;1;1;0;0;0;0;1;0;0
11;8;8200622.0;2018;2;13;5;3;2;6;0;0;1;0;0;0;0;0;0;0
11;12;12200310.0;2018;1;19;6;2;5;3;2;0;1;0;0;0;0;1;0;0
11;4;4300622.0;2018;1;18;6;3;6;7;2;0;1;1;0;0;0;1;0;0
11;1;1300835.0;2018;1;18;6;3;5;3;2;0;1;0;0;0;0;1;0;0
11;4;4300414.0;2018;2;7;5;2;6;2;1;0;0;1;0;1;0;0;0;0
11;9;9300923.0;2018;1;18;6;3;6;4;2;0;1;1;0;0;0;1;0;0
11;6;6300528.0;2018;1;17;6;2;6;4;2;0;1;1;0;0;0;1;0;0
11;4;4200308.0;2018;1;16;6;3;5;2;1;0;1;0;0;0;0;1;0;0
11;11;11400931.0;2018;2;6;5;2;5;3;2;1;1;0;0;0;0;0;0;0
11;12;12200412.0;2018;1;16;6;2;5;3;2;1;1;0;0;0;0;1;0;0
11;3;3500935.0;2018;2;9;5;3;6;4;0;0;0;1;0;0;1;1;0;0
11;6;6300526.0;2018;1;15;6;3;6;2;1;0;1;1;0;0;0;1;0;0
11;5;5100313.0;2018;2;6;5;3;2;6;2;0;1;0;0;0;1;0;0;0
11;8;8100417.0;2018;1;15;6;3;5;3;0;0;1;0;0;0;0;1;0;0
11;8;8200623.0;2018;2;5;5;3;6;2;2;0;1;1;0;0;0;0;0;0
11;3;3400830.0;2018;1;14;6;3;5;3;0;0;1;0;0;0;0;1;0;0
11;12;12100205.0;2018;2;19;5;2;6;4;2;0;1;1;0;0;0;0;0;0
11;2;2300314.0;2018;2;20;5;3;3;6;2;1;0;0;0;0;1;0;0;0
11;9;9200818.0;2018;1;13;6;3;2;2;0;0;1;0;0;0;0;1;0;0
11;12;12601235.0;2018;2;21;5;3;5;3;2;0;1;0;0;0;0;0;0;0
11;5;5300737.0;2018;1;12;6;3;2;6;0;0;1;0;0;1;0;1;0;0
11;10;10100209.0;2018;1;21;4;3;5;3;2;0;1;0;0;0;0;1;0;0
11;3;3500935.0;2018;1;12;6;3;0;3;0;0;1;0;0;0;1;0;0;0
11;3;3300412.0;2018;1;21;4;3;6;6;2;1;0;1;0;0;0;1;0;0
11;2;2200210.0;2018;1;6;6;3;5;3;2;1;1;0;0;0;0;1;0;0
11;3;3601142.0;2018;1;18;4;3;0;7;2;1;1;0;0;0;0;1;0;0
11;1;1300733.0;2018;1;11;6;3;1;5;0;1;1;0;0;0;0;1;0;0
11;1;1200522.0;2018;1;17;4;3;2;2;2;0;1;0;0;0;0;1;0;0
11;3;3400619.0;2018;1;23;4;3;8;1;2;0;1;0;0;0;0;1;0;0
11;12;12400721.0;2018;1;11;6;2;5;3;0;0;1;0;0;0;0;1;0;0
11;4;4501150.0;2018;1;22;4;3;2;6;2;0;1;0;0;0;0;1;0;0
11;7;7200409.0;2018;1;10;6;3;1;5;0;1;1;0;0;0;0;1;0;0
11;3;3601450.0;2018;1;22;4;3;5;3;2;1;1;0;0;0;0;1;0;0
11;1;1300834.0;2018;1;20;6;2;6;4;2;0;0;1;0;0;1;1;0;0
11;5;5200633.0;2018;1;22;4;2;6;4;2;0;1;1;0;0;0;1;0;0
11;1;1100102.0;2018;1;21;4;3;6;2;2;0;1;1;0;0;0;1;0;0
11;1;1300733.0;2018;1;22;6;2;5;3;2;0;1;0;0;0;0;1;0;0
11;4;4501042.0;2018;1;21;4;3;6;4;2;0;1;1;0;0;0;1;0;0
11;12;12200412.0;2018;1;20;6;3;5;2;2;0;1;0;0;0;0;1;0;0
11;1;1300733.0;2018;1;20;4;3;6;2;2;0;1;1;0;0;0;1;0;0
11;5;5100314.0;2018;1;20;4;3;6;2;2;0;1;1;0;0;0;1;0;0
11;8;8200833.0;2018;1;17;5;3;5;3;1;0;1;0;0;0;0;1;0;0
11;3;3601141.0;2018;1;6;4;3;0;7;2;0;1;0;0;0;0;0;0;0
11;11;11400931.0;2018;1;17;5;3;6;2;2;0;1;1;0;0;0;1;0;0
11;1;1200522.0;2018;1;18;4;3;6;7;2;0;1;1;0;0;0;1;0;0
11;5;5300839.0;2018;1;23;5;2;0;3;2;0;1;0;0;0;0;1;0;0
11;3;3601245.0;2018;1;23;5;3;5;2;2;0;1;0;0;0;0;1;0;0
11;6;6100205.0;2018;1;13;4;3;0;7;0;0;0;0;1;0;0;0;0;0
11;11;11200411.0;2018;1;17;5;3;2;6;1;0;1;0;0;0;0;1;0;0
11;5;5200420.0;2018;1;14;5;3;0;2;0;1;1;0;0;0;0;1;0;0
11;3;3300516.0;2018;1;18;4;3;2;6;2;0;1;0;0;0;0;1;0;0
11;8;8100416.0;2018;1;11;4;3;5;3;0;0;1;0;0;0;0;1;0;0
11;3;3601245.0;2018;1;15;5;3;6;4;0;0;1;1;0;0;0;1;0;0
11;1;1200522.0;2018;1;11;4;2;3;2;0;0;1;0;0;1;0;1;0;0
11;7;7300516.0;2018;1;14;5;3;6;7;0;0;1;1;0;0;0;1;0;0
11;1;1100308.0;2018;1;11;4;3;0;1;0;0;0;0;1;0;0;1;0;0
11;4;4300623.0;2018;1;10;5;3;2;6;0;0;1;0;1;0;0;1;0;0
11;8;8200623.0;2018;1;16;5;2;6;4;2;0;1;1;0;0;0;1;0;0
11;10;10200420.0;2018;1;18;4;3;6;2;2;0;1;1;0;0;0;1;0;0
11;8;8300934.0;2018;1;13;5;3;2;6;0;0;1;0;0;0;0;1;0;0
11;9;9501941.0;2018;1;17;5;3;6;2;2;0;1;1;0;0;0;1;0;0
11;1;1100206.0;2018;1;8;4;3;5;2;0;1;1;0;0;0;0;0;0;0
11;4;4500937.0;2018;1;10;5;2;6;2;0;0;1;1;0;0;0;1;0;0
11;4;4100101.0;2018;1;8;4;2;6;4;0;0;1;1;0;0;0;1;0;0
11;3;3500933.0;2018;1;7;4;3;5;3;1;1;1;0;0;0;0;0;0;0
11;11;11200410.0;2018;1;9;5;3;6;4;0;0;1;1;0;0;0;1;0;0
11;3;3701554.0;2018;1;7;4;3;6;2;0;0;1;1;0;0;0;0;0;0
11;9;9501939.0;2018;1;9;5;3;2;6;0;0;1;0;0;0;0;1;0;0
11;6;6400844.0;2018;1;7;4;3;5;3;0;1;0;0;0;0;0;0;0;0
11;1;1100205.0;2018;1;9;5;3;5;2;0;1;1;0;0;0;0;1;0;0
11;9;9401329.0;2018;1;14;4;2;6;4;0;0;1;1;0;0;0;1;0;0
11;6;6300634.0;2018;1;9;5;2;5;2;0;0;1;0;0;0;0;0;0;0
11;4;4400831.0;2018;1;15;4;3;1;5;0;1;1;0;0;0;0;0;0;0
11;1;1100206.0;2018;1;6;3;3;6;7;2;1;0;1;0;0;0;0;0;0
11;7;7400823.0;2018;1;8;5;3;5;3;0;0;1;0;0;0;0;0;0;0
11;4;4501042.0;2018;1;17;3;3;0;4;1;0;0;1;0;0;1;0;0;0
11;2;2100103.0;2018;1;8;5;3;5;2;0;1;1;0;0;0;0;0;0;0
11;1;1100310.0;2018;1;8;5;3;0;2;1;0;1;0;0;0;1;0;0;0
11;9;9100408.0;2018;1;11;3;3;6;7;0;0;1;1;0;0;0;0;0;0
11;1;1400942.0;2018;1;11;3;3;0;2;0;0;1;0;0;0;1;0;0;0
11;9;9200510.0;2018;1;7;5;2;6;4;1;0;0;1;0;0;1;1;0;0
11;1;1300836.0;2018;1;9;3;3;1;5;0;0;1;0;1;0;0;0;0;0
11;8;8100206.0;2018;1;21;5;3;2;6;2;1;1;0;0;0;0;1;0;0
11;7;7501031.0;2018;1;9;3;3;5;2;0;1;1;0;0;0;0;0;0;0
11;12;12500929.0;2018;1;20;5;3;8;1;2;0;1;0;0;0;0;1;0;0
11;9;9301228.0;2018;1;8;3;3;2;6;0;0;1;0;0;0;0;0;0;0
11;6;6400842.0;2018;1;20;5;2;5;2;2;0;0;0;1;0;1;1;0;0
11;5;5400942.0;2018;1;6;3;3;2;6;2;0;1;0;0;0;0;1;0;0
11;7;7300517.0;2018;1;20;5;3;6;2;2;0;1;1;0;0;0;1;0;0
11;8;8100521.0;2018;1;17;3;2;3;6;2;1;0;0;0;0;1;0;0;0
11;1;1100205.0;2018;1;20;5;3;5;3;2;0;1;0;0;0;0;1;0;0
11;1;1200626.0;2018;1;19;5;2;5;3;2;1;1;0;0;0;0;1;0;0
11;5;5300737.0;2018;1;17;3;3;2;2;2;0;1;0;0;0;0;0;0;0
11;6;6400843.0;2018;1;19;5;2;6;2;2;0;1;1;0;0;0;1;0;0
11;4;4100101.0;2018;1;16;3;3;2;6;0;0;1;0;0;1;0;0;0;0
11;6;6400844.0;2018;1;19;5;3;5;3;2;1;1;0;0;0;0;1;0;0
11;3;3400620.0;2018;1;14;3;3;5;3;0;1;1;0;0;0;0;0;0;0
11;5;5300841.0;2018;1;12;3;2;6;4;0;0;1;1;0;0;0;0;0;0
11;11;11501238.0;2018;1;19;5;3;6;2;2;0;1;1;0;0;0;1;0;0
11;7;7501030.0;2018;1;12;3;3;2;2;0;0;1;0;0;0;0;0;0;0
11;1;1100415.0;2018;1;18;5;2;0;7;2;0;1;0;0;0;1;1;0;0
11;3;3501038.0;2018;1;12;3;3;6;4;0;0;1;1;0;0;0;0;0;0
11;2;2300419.0;2018;1;17;5;3;1;5;2;1;1;0;0;0;0;1;0;0
11;3;3601243.0;2018;1;18;4;3;2;6;2;0;1;0;0;0;0;0;0;0
11;1;1100309.0;2018;1;9;3;2;3;6;0;1;0;0;0;0;1;0;0;0
11;1;1100102.0;2018;1;17;4;3;3;6;0;0;1;0;1;0;0;0;0;0
11;4;4200311.0;2018;1;21;3;2;5;3;2;0;1;0;0;0;0;0;0;0
11;9;9501939.0;2018;1;19;3;3;5;2;2;1;1;0;0;0;0;0;0;0
11;1;1100309.0;2018;1;20;4;3;5;3;2;1;1;0;0;0;0;1;0;0
11;6;6300633.0;2018;1;10;4;3;6;4;0;1;0;1;0;0;0;0;0;0
11;11;11300618.0;2018;1;18;3;3;5;2;0;1;1;0;0;0;0;0;0;0
11;1;1100309.0;2018;1;7;4;3;6;7;1;1;0;1;0;0;0;1;0;0
11;4;4200311.0;2018;1;18;3;3;2;6;2;0;1;0;1;0;0;0;0;0
11;7;7100205.0;2018;1;17;3;3;6;2;0;0;1;1;0;0;0;0;0;0
11;9;9200715.0;2018;1;7;4;3;5;2;1;0;1;0;0;0;1;1;0;0
11;7;7300516.0;2018;1;17;3;3;6;7;2;0;1;1;0;0;0;0;0;0
11;12;12200310.0;2018;1;15;4;3;6;4;0;0;1;1;0;0;0;0;0;0
11;1;1200517.0;2018;1;19;2;3;5;7;2;0;1;0;0;0;0;1;0;0
11;5;5300737.0;2018;1;16;4;3;6;4;0;0;1;1;0;0;0;0;0;0
11;10;10400940.0;2018;1;16;4;2;5;3;1;1;0;0;0;0;1;1;0;0
11;6;6100206.0;2018;1;18;2;3;1;7;2;0;1;0;0;0;0;1;0;0
11;3;3100103.0;2018;1;16;4;2;6;4;1;0;1;1;0;0;0;0;0;0
11;4;4300624.0;2018;1;9;2;3;3;6;0;1;1;0;0;0;0;0;0;0
11;3;3500936.0;2018;1;16;2;3;0;6;0;1;1;0;0;0;0;1;0;0
11;2;2400624.0;2018;1;17;4;2;6;4;2;0;1;1;0;0;0;1;0;0
11;5;5200528.0;2018;1;21;2;3;1;5;2;0;1;0;0;0;1;1;0;0
11;8;8200832.0;2018;1;13;4;3;0;2;0;0;1;0;1;0;0;1;0;0
11;2;2400623.0;2018;1;20;2;3;5;3;2;0;1;0;0;0;1;1;0;0
11;7;7100206.0;2018;1;19;2;3;6;4;2;0;0;1;0;0;1;1;0;0
11;1;7100101.0;2018;1;18;4;3;5;3;2;1;1;0;0;0;0;0;0;0
11;12;12200412.0;2018;1;19;2;3;5;2;2;0;1;0;0;0;0;1;0;0
11;9;9501939.0;2018;1;12;4;3;5;7;0;0;1;0;0;0;1;0;0;0
11;1;1100309.0;2018;1;18;2;3;0;6;2;0;1;0;1;0;0;1;0;0
11;6;6200421.0;2018;1;11;4;3;0;7;0;0;1;0;1;0;0;1;0;0
11;4;4400728.0;2018;1;11;4;3;5;7;0;1;1;0;0;0;0;1;0;0
11;1;1200517.0;2018;1;18;2;3;6;4;2;0;1;1;0;0;0;1;0;0
11;1;1300733.0;2018;1;17;2;2;1;5;2;1;1;0;0;0;0;1;0;0
11;1;1100206.0;2018;1;9;4;3;5;3;0;0;1;0;0;0;0;1;0;0
11;11;11400930.0;2018;1;22;2;3;5;3;1;0;1;0;0;0;0;1;0;0
11;4;4300619.0;2018;1;18;4;3;2;6;2;0;1;0;0;0;0;0;0;0
11;1;1100207.0;2018;1;10;2;3;3;7;0;1;1;0;0;0;0;1;0;0
11;6;6300528.0;2018;1;8;4;3;2;6;0;0;1;0;0;0;0;1;0;0
11;4;4300414.0;2018;1;17;2;3;0;6;2;1;0;0;1;0;0;1;0;0
11;4;4300518.0;2018;1;18;4;3;5;2;2;1;1;0;0;0;0;0;0;0
11;9;9401534.0;2018;1;7;4;2;6;2;1;0;1;1;0;0;0;1;0;0
11;3;3300516.0;2018;1;17;2;3;6;2;2;0;1;1;0;0;0;1;0;0
11;8;8100207.0;2018;1;7;4;3;1;5;1;1;1;0;0;0;0;1;0;0
11;12;12601031.0;2018;1;17;2;3;6;2;1;0;1;1;0;0;0;1;0;0
11;3;3601450.0;2018;1;16;2;3;2;6;2;0;1;0;0;0;0;0;0;0
11;4;4300414.0;2018;1;7;4;3;6;2;1;0;1;1;0;0;0;1;0;0
11;5;5100316.0;2018;1;17;2;3;5;2;2;1;0;0;0;0;1;1;0;0
11;1;1200517.0;2018;1;7;4;3;0;6;1;0;1;0;1;0;0;1;0;0
11;1;1401049.0;2018;1;17;2;2;2;6;2;0;1;0;0;0;1;0;0;0
11;11;11300721.0;2018;1;5;4;3;0;1;2;0;1;0;1;0;0;1;0;0
11;4;4100101.0;2018;1;16;2;3;0;1;2;1;0;0;0;0;0;1;0;0
11;10;10100210.0;2018;1;15;2;3;5;3;0;1;1;0;0;0;0;0;0;0
11;1;1100103.0;2018;1;13;4;3;5;3;0;1;1;0;0;0;0;1;0;0
11;1;1200520.0;2018;1;14;2;3;5;2;0;0;1;0;0;0;0;0;0;0
11;3;3200205.0;2018;1;6;3;2;0;5;2;0;1;0;0;0;0;0;0;0
11;10;10100311.0;2018;1;14;2;2;3;6;0;0;1;0;0;1;0;0;0;0
11;1;1100308.0;2018;1;14;2;3;5;2;0;1;0;0;0;0;1;0;0;0
11;7;7200307.0;2018;1;23;3;3;5;2;2;1;1;0;0;0;0;1;0;0
11;11;11300724.0;2018;1;14;2;3;3;2;0;0;1;0;0;1;0;0;0;0
11;7;7200307.0;2018;1;7;3;3;6;4;0;0;1;1;0;0;0;0;0;0
11;8;8401139.0;2018;1;9;3;3;2;6;0;0;1;0;0;0;1;1;0;0
11;3;3601450.0;2018;1;9;2;3;5;2;0;0;1;0;0;0;0;1;0;0
11;4;4300619.0;2018;1;12;3;3;5;2;0;1;1;0;0;0;0;0;0;0
11;4;4100101.0;2018;1;10;3;3;5;2;0;0;1;0;0;0;0;0;0;0
11;5;5100208.0;2018;1;7;2;3;2;6;0;0;1;0;0;0;0;1;0;0