LAND;BEZ;LOR_ab_2021;UJAHR;UMONAT;USTUNDE;UWOCHENTAG;UKATEGORIE;UART;UTYP1;ULICHTVERH;IstRad;IstPKW;IstFuss;IstKrad;IstGkfz;IstSonstige;USTRZUSTAND;LOCKDOWN;COVID
11;1;1100313.0;2018;1;9;2;2;6;4;0;0;1;1;0;0;0;1;0;0
11;8;8100415.0;2018;1;9;3;3;5;3;0;0;1;0;0;0;0;0;0;0
11;12;12500930.0;2018;1;9;2;3;5;2;0;0;1;0;0;0;1;1;0;0
11;2;2300417.0;2018;1;7;3;3;1;5;0;1;0;0;0;1;0;1;0;0
11;9;9200715.0;2018;1;7;3;3;5;3;1;0;1;0;0;0;0;1;0;0
11;7;7501134.0;2018;1;10;3;3;1;5;0;0;1;0;0;0;1;0;0;0
11;9;9200715.0;2018;1;8;2;3;3;6;0;0;1;0;0;1;0;0;0;0
11;1;1401046.0;2018;1;6;3;3;6;4;2;0;1;1;0;0;0;0;0;0
11;12;12100103.0;2018;1;6;3;2;6;2;2;0;1;1;0;0;0;1;0;0
11;4;4501043.0;2018;1;8;2;3;5;3;0;1;1;0;0;0;0;1;0;0
11;11;11100308.0;2018;1;10;3;3;2;6;0;0;1;0;0;0;1;1;0;0
11;9;9200818.0;2018;1;5;3;3;3;6;2;0;1;0;0;0;1;1;0;0
11;5;5200629.0;2018;1;7;2;2;3;6;0;0;1;0;1;0;0;1;0;0
11;11;11100309.0;2018;1;17;3;3;5;2;2;1;1;0;0;0;0;1;0;0
11;9;9200715.0;2018;1;7;2;3;2;6;0;0;1;0;0;0;1;0;0;0
11;1;1200627.0;2018;1;7;2;3;5;3;1;1;1;0;0;0;0;1;0;0
11;2;2400624.0;2018;1;18;3;3;1;5;2;1;0;0;0;0;1;1;0;0
11;8;8100209.0;2018;1;7;2;3;2;7;0;0;1;0;0;0;0;0;0;0
11;6;6100205.0;2018;1;18;3;2;6;4;2;0;1;1;0;0;0;0;0;0
11;6;6400844.0;2018;1;7;2;3;5;2;1;1;1;0;0;0;0;1;0;0
11;7;7601442.0;2018;1;17;3;3;6;2;2;0;1;1;0;0;0;0;0;0
11;7;7501029.0;2018;1;7;2;3;5;2;2;1;1;0;0;0;0;0;0;0
11;3;3601450.0;2018;1;16;3;3;5;3;1;1;1;0;0;0;0;1;0;0
11;12;12200309.0;2018;1;7;2;3;6;4;2;0;1;1;0;0;0;1;0;0
11;2;2300314.0;2018;1;6;2;3;6;4;1;0;1;1;0;0;0;0;0;0
11;10;10200524.0;2018;1;16;3;3;6;4;1;0;1;1;0;0;0;1;0;0
11;5;5100211.0;2018;1;6;2;2;6;4;2;0;1;1;0;0;0;1;0;0
11;4;4400726.0;2018;1;12;1;3;0;1;0;0;0;0;1;0;0;1;0;0
11;1;1300733.0;2018;1;16;3;3;0;7;0;0;1;0;0;0;0;1;0;0
11;7;7501032.0;2018;1;10;1;3;6;4;0;0;1;1;0;0;0;0;0;0
11;11;11400928.0;2018;1;15;3;2;5;3;0;1;1;0;0;0;0;1;0;0
11;11;11300722.0;2018;1;17;1;3;2;7;2;1;1;0;0;0;0;0;0;0
11;7;7400720.0;2018;1;15;3;3;1;5;0;1;1;0;0;0;0;1;0;0
11;2;2300419.0;2018;1;15;1;3;6;4;0;0;0;1;0;0;1;0;0;0
11;1;1200626.0;2018;1;15;3;3;6;2;0;0;1;1;0;0;0;1;0;0
11;3;3701554.0;2018;1;14;1;3;5;2;0;1;1;0;0;0;0;1;0;0
11;1;1100313.0;2018;1;8;3;3;5;2;0;1;1;0;0;0;0;0;0;0
11;5;5100316.0;2018;1;13;1;2;6;4;0;0;1;1;0;0;0;1;0;0
11;1;1100313.0;2018;1;12;3;3;0;2;0;1;0;0;0;0;1;0;0;0
11;9;9100407.0;2018;1;22;1;3;8;1;2;0;1;0;0;0;0;1;0;0
11;9;9300920.0;2018;1;20;3;3;1;5;2;0;1;0;0;0;0;1;0;0
11;1;1300836.0;2018;1;8;1;3;2;6;0;0;1;0;0;0;0;1;0;0
11;4;4400728.0;2018;1;9;3;1;1;5;0;1;0;0;0;1;0;1;0;0
11;8;8100105.0;2018;1;19;1;3;3;6;2;0;1;0;0;0;0;1;0;0
11;3;3701657.0;2018;1;11;2;3;0;5;0;0;1;0;0;0;1;0;0;0
11;5;5300735.0;2018;1;19;1;3;6;4;2;0;0;1;0;0;1;1;0;0
11;4;4501045.0;2018;1;18;1;3;6;4;2;1;0;1;0;0;0;1;0;0
11;12;12500927.0;2018;1;19;2;3;5;2;2;0;1;0;0;0;0;1;0;0
11;4;4501042.0;2018;1;18;1;3;3;6;2;1;1;0;0;0;0;0;0;0
11;1;1300732.0;2018;1;19;2;3;0;7;2;0;0;0;1;0;0;1;0;0
11;1;1100207.0;2018;1;15;7;3;6;4;0;0;0;1;0;0;1;0;0;0
11;3;3601141.0;2018;1;18;2;2;2;2;2;1;1;0;0;0;0;1;0;0
11;8;8100520.0;2018;1;16;2;3;3;6;0;0;1;0;0;0;1;0;0;0
11;8;8200831.0;2018;1;14;7;3;2;6;0;0;1;0;0;0;0;0;0;0
11;7;7601238.0;2018;1;13;2;3;1;5;0;1;1;0;0;0;0;0;0;0
11;9;9301025.0;2018;1;14;7;3;5;3;0;0;1;0;0;0;0;0;0;0
11;4;4200310.0;2018;1;13;7;3;5;2;0;1;1;0;0;0;0;0;0;0
11;8;8100209.0;2018;1;13;2;3;5;2;0;0;1;0;0;0;0;0;0;0
11;1;1100207.0;2018;1;11;7;3;5;3;0;0;1;0;0;0;0;0;0;0
11;2;2200207.0;2018;2;9;6;3;2;6;0;0;1;0;0;0;0;0;0;0
11;7;7300517.0;2018;1;11;2;3;0;6;0;0;1;0;1;0;0;1;0;0
11;10;10100312.0;2018;1;7;7;3;5;2;2;1;1;0;0;0;0;1;0;0
11;2;2200209.0;2018;2;6;6;3;9;1;1;0;0;0;1;0;0;0;0;0
11;7;7400927.0;2018;1;10;2;3;5;3;0;0;1;0;0;0;0;1;0;0
11;1;1100312.0;2018;1;2;7;3;6;4;2;0;1;1;0;0;0;0;0;0
11;10;10400938.0;2018;2;6;6;3;0;1;1;1;0;0;0;0;0;2;0;0
11;4;4300415.0;2018;2;13;5;3;0;6;0;1;0;0;0;0;1;0;0;0
11;2;2200211.0;2018;1;10;2;3;6;4;0;1;0;1;0;0;0;0;0;0
11;2;2200210.0;2018;2;9;5;3;5;7;0;1;1;0;0;0;0;0;0;0
11;2;2400521.0;2018;1;15;7;3;2;2;0;0;1;0;0;0;0;0;0;0
11;6;6300634.0;2018;2;10;5;2;6;7;0;1;0;1;0;0;0;0;0;0
11;7;7400824.0;2018;1;10;2;3;5;2;0;0;1;0;0;0;0;0;0;0
11;2;2400624.0;2018;1;9;2;3;2;7;0;1;0;0;0;0;1;0;0;0
11;1;1400938.0;2018;1;9;7;3;5;3;0;0;1;0;0;0;0;0;0;0
11;3;3501037.0;2018;2;10;5;2;5;3;0;1;0;0;0;0;0;0;0;0
11;1;1100102.0;2018;1;8;2;3;2;6;0;0;1;0;0;0;1;1;0;0
11;3;3500933.0;2018;1;16;7;3;8;1;0;0;1;0;0;0;0;0;0;0
11;8;8100416.0;2018;1;23;7;3;5;7;2;1;1;0;0;0;0;0;0;0
11;4;4501040.0;2018;2;19;5;3;2;6;2;0;1;0;0;0;0;0;0;0
11;3;3300516.0;2018;1;8;2;2;9;1;0;0;1;0;0;0;0;1;0;0
11;1;1401043.0;2018;2;19;5;3;6;7;2;0;1;1;0;0;0;0;0;0
11;6;6100209.0;2018;1;7;2;3;0;1;1;0;0;0;1;0;0;1;0;0
11;4;4501042.0;2018;2;19;5;3;2;6;2;1;1;0;0;0;0;0;0;0
11;3;3701660.0;2018;1;7;2;2;0;3;0;1;0;0;0;0;0;0;0;0
11;1;1100308.0;2018;2;12;5;3;6;4;0;0;0;1;0;0;1;0;0;0
11;9;9200717.0;2018;1;22;7;3;5;3;2;0;1;0;0;0;0;0;0;0
11;2;2400623.0;2018;2;19;5;3;5;7;2;1;1;0;0;0;0;0;0;0
11;6;6400841.0;2018;1;7;2;3;5;3;0;0;1;0;0;0;0;0;0;0
11;1;1300731.0;2018;1;20;7;3;6;4;2;0;0;1;0;0;1;1;0;0
11;1;1100310.0;2018;2;18;5;3;5;2;2;1;1;0;0;0;0;0;0;0
11;5;5400943.0;2018;1;7;2;3;5;2;0;1;1;0;0;0;0;0;0;0
11;3;3400619.0;2018;1;7;2;2;6;4;0;0;1;1;0;0;0;0;0;0
11;8;8401246.0;2018;1;19;7;2;6;4;2;0;1;1;0;0;0;1;0;0
11;1;1300730.0;2018;1;17;7;3;5;2;1;0;1;0;0;0;0;0;0;0
11;2;2100104.0;2018;2;17;5;2;6;4;2;0;1;1;0;0;0;0;0;0
11;1;2300314.0;2018;1;18;1;3;6;7;2;0;1;1;0;0;0;0;0;0
11;11;11501340.0;2018;1;11;6;3;4;6;0;1;0;0;0;0;1;0;0;0
11;2;2100104.0;2018;2;17;5;3;2;6;2;0;1;0;0;0;0;0;0;0
11;2;2300314.0;2018;1;3;1;2;6;4;2;0;1;1;0;0;0;1;0;0
11;1;1300836.0;2018;2;11;5;3;6;4;0;0;1;1;0;0;0;0;0;0
11;3;3501038.0;2018;1;4;1;2;5;7;2;0;1;0;0;0;1;1;0;0
11;1;1100103.0;2018;2;20;7;3;6;2;2;0;1;1;0;0;0;0;0;0
11;8;8300934.0;2018;2;17;4;3;2;6;2;0;1;0;0;0;0;0;0;0
11;1;1300732.0;2018;2;19;7;3;4;1;2;0;1;0;1;0;0;0;0;0
11;7;7601544.0;2018;2;18;3;2;6;2;2;0;1;1;0;0;0;0;0;0
11;7;7501030.0;2018;2;20;7;3;2;2;2;0;1;0;0;0;0;0;0;0
11;7;7400822.0;2018;2;18;7;3;2;6;2;0;1;0;0;0;0;0;0;0
11;11;11300721.0;2018;2;16;7;3;6;4;1;0;1;1;0;0;0;0;0;0
11;3;3400724.0;2018;2;7;4;3;5;2;0;1;1;0;0;0;0;1;0;0
11;1;1100312.0;2018;2;15;7;3;2;2;0;0;1;0;1;0;0;0;0;0
11;11;11300725.0;2018;2;9;3;3;5;3;0;0;1;0;0;0;0;1;0;0
11;12;12601133.0;2018;2;14;7;3;6;7;0;0;1;1;0;0;0;1;0;0
11;5;5100316.0;2018;2;12;7;3;2;6;0;0;1;0;0;0;0;0;0;0
11;6;6300633.0;2018;2;1;7;3;4;6;2;1;0;0;0;0;1;2;0;0
11;4;4501043.0;2018;2;12;3;3;5;2;0;1;1;0;0;0;0;1;0;0
11;8;8200622.0;2018;2;19;7;1;6;4;2;0;1;1;0;0;0;0;0;0
11;1;1200625.0;2018;2;11;6;3;5;7;0;1;1;0;0;0;0;0;0;0
11;1;1100310.0;2018;2;10;2;3;6;7;0;1;0;1;0;0;0;0;0;0
11;12;12200309.0;2018;2;19;6;3;3;6;2;0;1;0;0;0;0;0;0;0
11;2;2100106.0;2018;2;6;2;3;5;3;1;1;0;0;0;0;0;1;0;0
11;10;10100316.0;2018;2;17;6;3;2;2;2;0;1;0;0;0;0;0;0;0
11;9;9200715.0;2018;2;14;6;3;5;2;0;0;1;0;0;0;0;0;0;0
11;4;4500938.0;2018;2;10;4;3;2;6;0;0;1;0;0;0;0;0;0;0
11;4;4200311.0;2018;2;14;6;3;2;6;0;0;1;0;0;0;0;0;0;0
11;2;2400625.0;2018;2;6;3;3;0;1;1;0;0;0;1;0;0;2;0;0
11;8;8301037.0;2018;2;13;6;3;2;6;0;0;1;0;0;0;1;0;0;0
11;2;2200207.0;2018;2;13;6;3;5;2;0;0;1;0;0;0;0;0;0;0
11;1;1100309.0;2018;2;13;6;3;6;4;0;0;1;1;0;0;0;0;0;0
11;5;5300840.0;2018;2;21;4;3;1;1;2;0;1;0;0;0;1;2;0;0
11;4;4500939.0;2018;2;12;6;3;2;2;0;0;1;0;0;0;0;0;0;0
11;3;3501038.0;2018;2;11;6;3;1;5;0;0;1;0;0;0;0;0;0;0
11;8;8200726.0;2018;2;1;3;3;0;5;2;0;1;0;0;0;1;1;0;0
11;1;1100310.0;2018;2;15;6;3;5;3;0;1;1;0;0;0;0;0;0;0
11;11;11200411.0;2018;2;7;6;3;5;2;1;1;1;0;0;0;0;0;0;0
11;8;8100207.0;2018;2;13;4;3;6;2;0;0;1;1;0;0;0;0;0;0
11;8;8100102.0;2018;2;7;6;3;5;3;1;0;1;0;0;0;0;0;0;0
11;4;4500938.0;2018;2;14;2;3;1;5;0;1;1;0;0;0;0;0;0;0
11;1;1100416.0;2018;2;22;6;2;0;1;2;1;0;0;0;0;0;0;0;0
11;2;2400623.0;2018;2;21;6;2;0;1;2;1;0;0;0;0;0;2;0;0
11;4;4200309.0;2018;2;19;4;3;6;4;2;0;1;1;0;0;0;0;0;0
11;3;3601243.0;2018;2;19;6;2;6;4;2;0;1;1;0;0;0;0;0;0
11;1;1401046.0;2018;2;14;3;3;5;2;0;0;1;0;0;0;0;0;0;0
11;5;5200629.0;2018;2;4;6;3;1;1;2;0;1;0;0;0;0;0;0;0
11;9;9300920.0;2018;2;5;6;3;2;6;2;0;1;0;0;0;0;0;0;0
11;3;3400620.0;2018;2;16;2;3;2;6;1;0;1;0;0;0;0;1;0;0
11;9;9401534.0;2018;2;6;6;3;2;6;2;1;1;0;0;0;0;0;0;0
11;2;2100102.0;2018;2;12;5;3;6;7;0;0;1;1;0;0;0;0;0;0
11;11;11100206.0;2018;2;17;2;3;5;3;1;0;1;0;1;0;0;0;0;0
11;8;8200623.0;2018;2;17;4;3;1;5;2;0;1;0;0;0;1;0;0;0
11;3;3200310.0;2018;2;9;5;3;5;3;0;1;1;0;0;0;0;0;0;0
11;11;11100309.0;2018;2;19;3;3;6;4;2;0;1;1;0;0;0;0;0;0
11;1;1100416.0;2018;2;8;5;3;5;3;0;1;1;0;0;0;0;0;0;0
11;9;9301025.0;2018;2;8;2;3;6;4;0;0;0;1;0;0;1;0;0;0
11;3;3500934.0;2018;2;7;2;3;5;2;1;1;1;0;0;0;0;1;0;0
11;1;1400942.0;2018;2;8;5;3;5;2;0;0;1;0;0;0;0;0;0;0
11;4;4300416.0;2018;2;9;5;2;5;3;0;0;1;0;0;0;0;0;0;0
11;3;3300514.0;2018;2;8;4;3;2;7;0;0;1;0;0;0;0;1;0;0
11;5;5200527.0;2018;2;12;2;3;5;3;0;1;1;0;0;0;0;0;0;0
11;1;1100312.0;2018;2;9;5;3;0;1;0;1;0;0;0;0;0;2;0;0
11;7;7100102.0;2018;2;14;5;3;3;6;0;0;1;0;0;0;0;0;0;0
11;10;10400835.0;2018;2;15;4;2;6;4;0;0;1;1;0;0;0;0;0;0
11;4;4501150.0;2018;2;14;5;3;0;6;0;0;1;0;0;0;1;0;0;0
11;1;1100101.0;2018;2;10;3;3;1;5;0;0;1;0;0;0;0;1;0;0
11;11;11401033.0;2018;2;15;5;3;1;5;0;0;1;0;0;0;1;0;0;0
11;11;11200512.0;2018;2;15;5;3;5;3;0;1;1;0;0;0;0;0;0;0
11;7;7501135.0;2018;2;8;2;3;5;2;0;1;1;0;0;0;0;1;0;0
11;2;2400623.0;2018;2;18;5;3;2;6;2;0;1;0;0;0;0;0;0;0
11;9;9501941.0;2018;2;18;5;3;0;3;2;0;1;0;0;0;1;0;0;0
11;1;1100205.0;2018;2;18;5;3;0;3;2;0;0;0;1;0;1;0;0;0
11;1;1100206.0;2018;2;10;4;3;5;3;0;0;1;0;0;0;0;1;0;0
11;12;12500928.0;2018;2;19;5;2;1;5;2;0;0;0;1;0;1;0;0;0
11;7;7300516.0;2018;2;6;3;3;1;5;1;1;1;0;0;0;0;1;0;0
11;8;8200832.0;2018;2;20;5;3;6;2;2;0;1;1;0;0;0;0;0;0
11;4;4400833.0;2018;2;20;5;3;1;5;2;0;1;0;0;0;0;0;0;0
11;10;10100311.0;2018;2;7;3;3;2;6;0;0;1;0;0;0;0;2;0;0
11;9;9100306.0;2018;2;23;5;3;5;2;2;1;1;0;0;0;0;0;0;0
11;4;4501042.0;2018;2;21;4;3;6;7;2;0;1;1;0;0;0;0;0;0
11;4;4300619.0;2018;2;19;4;3;2;6;2;1;1;0;0;0;0;0;0;0
11;3;3701554.0;2018;2;23;5;2;4;4;2;1;1;1;0;0;0;1;0;0
11;5;5200634.0;2018;2;18;6;2;6;7;2;0;1;1;0;0;0;1;0;0
11;2;2100105.0;2018;2;18;4;3;5;3;2;1;1;0;0;0;0;0;0;0
11;9;9200819.0;2018;2;10;4;2;0;1;0;0;0;0;1;0;0;0;0;0
11;12;12200515.0;2018;2;8;4;3;1;5;0;0;1;0;0;0;0;0;0;0
11;8;8100311.0;2018;2;16;2;3;5;3;0;0;1;0;0;0;0;0;0;0
11;1;1300731.0;2018;2;17;2;3;2;6;2;0;1;0;0;0;0;1;0;0
11;9;9501939.0;2018;2;15;2;3;6;4;0;0;1;1;0;0;0;0;0;0
11;9;9200510.0;2018;2;17;4;2;5;2;1;1;1;0;0;0;0;0;0;0
11;5;5100316.0;2018;2;16;4;3;2;6;0;0;0;0;0;0;1;0;0;0
11;7;7400927.0;2018;2;18;4;3;0;5;2;0;1;0;1;0;0;1;0;0
11;2;2200210.0;2018;2;16;4;2;6;4;0;0;1;1;0;0;0;0;0;0
11;1;1200522.0;2018;2;16;4;3;5;3;0;0;1;0;0;0;0;0;0;0
11;1;1100309.0;2018;2;16;4;3;3;6;0;1;1;0;0;0;0;0;0;0
11;5;5100208.0;2018;2;15;4;3;5;7;0;0;1;0;0;0;0;0;0;0
11;2;2300314.0;2018;2;14;4;3;5;7;0;0;1;0;0;0;0;0;0;0
11;8;8100417.0;2018;2;5;3;3;6;4;2;0;0;1;0;0;1;0;0;0
11;4;4300623.0;2018;2;13;4;2;2;6;0;0;1;0;0;0;1;0;0;0
11;9;9401534.0;2018;2;16;2;3;2;6;0;0;1;0;0;0;0;0;0;0
11;1;1300733.0;2018;2;17;2;3;2;6;2;0;1;0;0;0;0;1;0;0
11;7;7601238.0;2018;2;12;4;3;2;6;0;0;1;0;0;0;0;0;0;0
11;6;6300632.0;2018;2;11;4;2;1;5;0;0;1;0;0;0;1;0;0;0
11;3;3300411.0;2018;2;5;2;3;5;2;2;0;1;0;0;0;0;1;0;0
11;8;8300934.0;2018;2;16;4;2;5;2;0;0;1;0;0;0;0;0;0;0
11;1;1200626.0;2018;2;9;4;3;0;7;0;0;1;0;1;0;0;1;0;0
11;7;7400721.0;2018;2;12;3;3;5;3;0;0;1;0;0;0;0;0;0;0
11;5;5100105.0;2018;2;18;2;3;5;2;2;1;1;0;0;0;0;0;0;0
11;2;2400625.0;2018;2;9;4;3;2;6;0;0;1;0;0;0;0;0;0;0
11;12;12200309.0;2018;2;8;4;3;5;3;0;1;1;0;0;0;0;0;0;0
11;12;12400618.0;2018;2;15;3;3;5;2;0;1;1;0;0;0;0;0;0;0
11;8;8401243.0;2018;2;13;3;3;5;3;0;1;1;0;0;0;0;0;0;0
11;5;5100316.0;2018;2;18;2;2;6;4;2;0;1;1;0;0;0;1;0;0
11;5;5200633.0;2018;2;12;3;3;0;6;0;0;1;0;0;0;0;0;0;0
11;1;1401045.0;2018;2;13;3;2;0;2;0;0;1;0;0;0;1;0;0;0
11;1;1400938.0;2018;2;6;4;2;5;3;2;1;1;0;0;0;0;0;0;0
11;3;3500934.0;2018;2;20;3;3;5;2;2;1;0;0;0;0;1;0;0;0
11;11;11501341.0;2018;2;9;3;3;2;6;0;0;1;0;0;1;0;0;0;0
11;3;3200308.0;2018;2;18;2;3;5;3;2;1;1;0;0;0;0;0;0;0
11;8;8100102.0;2018;2;12;3;3;2;6;0;0;1;0;0;0;0;0;0;0
11;1;1400938.0;2018;2;18;3;3;5;2;2;0;1;0;1;0;0;0;0;0
11;4;4501045.0;2018;2;18;2;3;5;7;2;0;1;0;0;0;0;1;0;0
11;7;7601238.0;2018;2;19;3;2;6;2;2;0;1;1;0;0;0;0;0;0
11;5;5100316.0;2018;2;17;6;3;5;2;2;1;1;0;0;0;0;0;0;0
11;1;1100310.0;2018;2;23;3;3;5;3;2;1;1;0;0;0;0;0;0;0
11;2;2300315.0;2018;2;16;3;3;1;5;0;1;1;0;0;0;1;0;0;0
11;1;1100205.0;2018;2;15;3;3;5;3;0;1;0;0;0;0;1;0;0;0
11;3;3601244.0;2018;2;14;3;3;5;3;0;1;1;0;0;0;0;0;0;0
11;7;7400720.0;2018;2;9;4;3;6;4;0;0;1;1;0;0;0;0;0;0
11;9;9200510.0;2018;2;13;3;3;6;4;0;0;1;1;0;0;0;0;0;0
11;11;11501340.0;2018;2;7;3;3;5;3;0;0;1;0;0;0;0;2;0;0
11;2;2100101.0;2018;2;19;2;3;1;5;2;1;1;0;0;0;1;0;0;0
11;10;10200421.0;2018;2;6;3;3;5;3;1;1;1;0;0;0;0;0;0;0
11;10;10300731.0;2018;2;13;3;2;1;5;0;1;1;0;0;0;0;0;0;0
11;12;12601236.0;2018;2;12;3;3;2;6;0;0;1;0;0;0;0;0;0;0
11;1;1401045.0;2018;2;8;4;2;6;4;0;1;0;1;0;0;0;0;0;0
11;3;3500933.0;2018;2;6;6;3;6;2;2;0;1;1;0;0;0;0;0;0
11;6;6300633.0;2018;2;10;3;3;2;6;0;0;1;0;0;0;0;0;0;0
11;1;1400937.0;2018;2;7;3;3;6;7;0;1;0;1;0;0;0;0;0;0
11;7;7400927.0;2018;2;10;3;2;5;3;0;0;1;0;0;0;0;0;0;0
11;4;4501150.0;2018;2;16;2;3;6;4;1;0;1;1;0;0;0;1;0;0
11;4;4501041.0;2018;2;12;4;3;2;6;0;0;1;0;0;0;0;0;0;0
11;3;3601244.0;2018;2;9;3;3;5;3;0;1;1;0;0;0;0;0;0;0
11;8;8300934.0;2018;2;15;2;3;2;2;0;1;1;0;0;0;0;0;0;0
11;7;7300516.0;2018;2;19;2;3;6;4;2;0;1;1;0;0;0;0;0;0
11;1;1100206.0;2018;2;18;2;3;2;6;2;0;1;0;0;0;0;1;0;0
11;3;3500934.0;2018;2;16;2;3;0;3;0;0;1;0;0;0;1;0;0;0
11;12;12100204.0;2018;2;19;4;3;5;2;2;0;1;0;0;0;0;0;0;0
11;5;5100208.0;2018;2;21;2;3;6;2;2;0;1;1;0;0;0;0;0;0
11;7;7501134.0;2018;2;18;2;3;6;2;2;0;1;1;0;0;0;0;0;0
11;5;5200629.0;2018;2;14;3;3;6;4;0;0;1;1;0;0;0;0;0;0
11;11;11200514.0;2018;2;18;2;3;5;3;2;0;1;0;0;0;0;0;0;0
11;5;5100211.0;2018;2;20;2;3;5;2;2;0;1;0;0;0;0;1;0;0
11;4;4501043.0;2018;2;17;2;3;5;2;2;0;1;0;0;0;0;0;0;0
11;5;5200527.0;2018;2;17;2;2;6;4;1;0;1;1;0;0;0;0;0;0
11;6;6100205.0;2018;2;20;2;3;6;4;2;0;1;1;0;0;0;0;0;0
11;3;3100101.0;2018;2;16;2;3;5;3;0;1;1;0;0;0;0;0;0;0
11;4;4300416.0;2018;2;16;2;3;5;7;0;1;1;0;0;0;0;0;0;0
11;1;1100311.0;2018;2;17;4;3;5;3;1;0;1;0;0;0;0;1;0;0
11;3;3200308.0;2018;2;15;2;3;6;4;0;0;1;1;0;0;0;0;0;0
11;4;4501153.0;2018;2;16;3;2;5;2;0;1;1;0;0;0;0;2;0;0
11;1;1300731.0;2018;2;19;2;2;0;1;2;0;0;0;1;0;0;2;0;0
11;7;7601238.0;2018;2;15;2;3;5;2;0;1;1;0;0;0;0;0;0;0
11;9;9200613.0;2018;2;22;1;3;1;7;2;0;1;0;0;0;0;1;0;0
11;4;4500938.0;2018;2;12;2;3;5;3;0;0;1;0;0;0;0;0;0;0
11;6;6200313.0;2018;2;14;2;3;6;4;0;1;0;1;0;0;0;0;0;0
11;7;7400826.0;2018;2;11;2;3;0;3;0;1;0;0;0;0;1;0;0;0
11;4;4501152.0;2018;2;7;4;3;5;2;0;0;1;0;0;0;0;1;0;0
11;12;12500926.0;2018;2;15;2;2;5;2;0;1;0;0;0;1;0;0;0;0
11;4;4400727.0;2018;2;8;3;3;6;4;0;0;1;1;0;0;0;1;0;0
11;9;9200819.0;2018;2;21;1;3;9;1;2;0;1;0;0;0;0;1;0;0
11;6;6200421.0;2018;2;15;4;3;3;6;0;0;1;0;0;0;1;0;0;0
11;6;6300631.0;2018;2;15;2;3;2;6;0;0;1;0;0;0;0;0;0;0
11;7;7400822.0;2018;2;11;3;3;5;3;0;1;1;0;0;0;0;0;0;0
11;9;9200512.0;2018;2;21;1;3;5;2;2;0;1;0;0;0;1;0;0;0
11;4;4400726.0;2018;2;14;2;2;5;3;0;0;1;0;0;0;0;0;0;0
11;8;8300935.0;2018;2;14;2;3;0;7;0;0;1;0;0;0;0;0;0;0
11;1;1400937.0;2018;2;20;1;3;5;3;2;0;1;0;0;0;0;1;0;0
11;7;7400927.0;2018;2;13;2;3;5;3;0;0;1;0;0;1;0;0;0;0
11;7;7400822.0;2018;2;12;2;3;2;6;0;0;1;0;0;1;0;0;0;0
11;1;1200522.0;2018;2;11;2;3;6;4;0;0;0;1;0;1;0;0;0;0
11;6;6100205.0;2018;2;10;4;3;5;7;0;0;1;0;0;0;0;0;0;0
11;2;2300418.0;2018;2;15;2;3;5;3;0;1;1;0;0;0;0;0;0;0
11;9;9501737.0;2018;2;10;2;2;6;4;0;0;1;1;0;0;0;0;0;0
11;1;1100310.0;2018;2;6;3;3;5;2;0;0;1;0;0;0;1;2;0;0
11;1;1200522.0;2018;2;17;1;3;5;2;2;0;1;0;1;0;0;1;0;0
11;8;8100209.0;2018;2;10;2;3;5;2;0;0;1;0;0;0;0;0;0;0
11;2;2200210.0;2018;2;10;2;3;5;3;0;1;1;0;0;0;0;1;0;0
11;2;2100106.0;2018;2;14;1;3;0;1;0;1;0;0;0;0;0;1;0;0
11;10;10100313.0;2018;2;8;2;3;2;6;0;0;1;0;0;0;0;0;0;0
11;8;8100311.0;2018;2;21;4;3;5;3;2;0;1;0;0;0;0;1;0;0
11;6;6100205.0;2018;2;6;2;3;5;2;2;0;1;0;0;0;1;1;0;0
11;5;5200629.0;2018;2;6;2;3;5;2;2;1;1;0;0;0;0;1;0;0
11;8;8100520.0;2018;2;6;2;3;6;2;2;0;1;1;0;0;0;1;0;0
11;10;10400941.0;2018;2;12;1;3;5;3;0;0;1;0;0;0;0;0;0;0
11;2;2100102.0;2018;2;6;2;3;2;1;2;0;1;0;0;0;0;2;0;0
11;12;12200411.0;2018;2;12;5;3;5;2;0;1;1;0;0;0;0;0;0;0
11;1;1200629.0;2018;2;7;6;3;5;3;1;1;1;0;0;0;0;1;0;0
11;6;6200421.0;2018;2;3;2;3;5;3;2;0;1;0;0;1;0;1;0;0
11;11;11100204.0;2018;2;14;4;2;6;4;0;0;0;1;0;0;1;0;0;0
11;6;6100205.0;2018;2;18;2;1;6;4;2;0;0;1;0;0;1;0;0;0
11;8;8100415.0;2018;2;18;2;3;3;6;2;1;1;0;0;0;0;1;0;0
11;10;10200524.0;2018;2;11;1;2;6;4;0;0;1;1;0;0;0;1;0;0
11;7;7400927.0;2018;2;22;1;3;5;3;2;0;1;0;0;0;0;1;0;0
11;11;11300721.0;2018;2;18;1;3;0;3;2;0;0;0;1;0;1;1;0;0
11;11;11300721.0;2018;2;17;4;3;1;5;2;0;1;0;0;1;0;0;0;0
11;3;3200308.0;2018;2;17;1;3;6;2;2;0;1;1;0;0;0;1;0;0
11;3;3400620.0;2018;2;14;3;3;6;4;0;0;1;1;0;0;0;0;0;0
11;1;2100101.0;2018;2;16;1;3;2;6;2;0;1;0;0;0;0;1;0;0
11;4;4400832.0;2018;2;16;3;3;6;7;0;1;0;1;0;0;0;0;0;0
11;12;12500824.0;2018;2;16;1;3;2;6;1;0;1;0;0;0;0;1;0;0
11;1;1100313.0;2018;2;16;2;3;3;6;1;0;1;0;1;0;0;0;0;0
11;8;8100415.0;2018;2;3;1;3;2;7;2;0;1;0;0;0;1;1;0;0