LAND;BEZ;LOR_ab_2021;UJAHR;UMONAT;USTUNDE;UWOCHENTAG;UKATEGORIE;UART;UTYP1;ULICHTVERH;IstRad;IstPKW;IstFuss;IstKrad;IstGkfz;IstSonstige;USTRZUSTAND;LOCKDOWN;COVID
11;11;11300721.0;2018;6;9;6;3;2;6;0;0;1;0;0;0;1;0;0;0
11;2;2200210.0;2018;6;8;2;3;2;3;0;0;1;0;1;0;0;0;0;0
11;1;1100415.0;2018;6;13;6;3;0;1;0;1;0;0;0;0;0;0;0;0
11;7;7300619.0;2018;6;20;5;3;5;2;0;1;0;0;1;0;0;0;0;0
11;1;1100205.0;2018;6;9;2;3;5;3;0;1;1;0;0;0;0;0;0;0
11;6;4200207.0;2018;6;20;5;2;2;1;0;0;1;0;1;0;0;0;0;0
11;2;2200210.0;2018;6;19;5;3;0;7;0;1;0;0;0;0;0;0;0;0
11;8;8100103.0;2018;6;10;2;2;5;2;0;1;1;0;0;0;0;0;0;0
11;1;1200628.0;2018;6;19;5;2;5;2;0;1;1;0;0;0;0;0;0;0
11;5;5300736.0;2018;6;19;5;2;6;4;0;0;1;1;0;0;0;0;0;0
11;4;4501042.0;2018;6;10;2;3;0;5;0;0;1;0;1;0;0;0;0;0
11;11;11400929.0;2018;6;19;5;3;5;3;0;0;1;0;0;0;0;0;0;0
11;7;7601236.0;2018;6;9;2;3;3;6;0;0;1;0;0;1;0;0;0;0
11;3;3300411.0;2018;6;9;2;3;0;1;0;1;0;0;0;0;0;0;0;0
11;1;1100205.0;2018;6;19;5;2;6;7;0;0;1;1;0;0;0;0;0;0
11;4;4501042.0;2018;6;13;2;3;0;6;0;0;1;0;0;0;1;0;0;0
11;4;4500936.0;2018;6;14;6;3;0;5;0;1;1;0;0;0;0;0;0;0
11;1;1100206.0;2018;6;14;2;3;5;3;0;0;1;0;0;0;1;0;0;0
11;2;2200209.0;2018;6;18;5;3;5;2;0;0;1;0;1;0;0;0;0;0
11;9;9501941.0;2018;6;16;6;3;5;3;0;0;1;0;0;0;0;0;0;0
11;2;2500835.0;2018;6;18;5;3;5;2;0;1;1;0;0;0;0;0;0;0
11;10;10100206.0;2018;6;18;2;3;5;3;0;1;0;0;0;0;1;0;0;0
11;11;11300617.0;2018;6;18;5;3;5;3;0;1;1;0;0;0;0;0;0;0
11;1;1300836.0;2018;6;13;1;3;1;5;0;1;1;0;0;0;0;0;0;0
11;2;2300314.0;2018;6;17;1;3;6;2;0;1;0;1;0;0;0;1;0;0
11;1;1300835.0;2018;6;18;5;3;5;3;0;1;1;0;0;0;0;0;0;0
11;9;9501737.0;2018;6;18;1;3;0;2;0;1;1;0;0;0;0;1;0;0
11;12;12100205.0;2018;6;23;1;3;5;2;2;1;0;0;0;0;1;0;0;0
11;2;2100106.0;2018;6;17;5;3;3;6;0;1;1;0;0;0;0;0;0;0
11;11;11300620.0;2018;6;20;1;2;5;7;1;0;1;0;0;0;0;0;0;0
11;11;11501238.0;2018;6;18;5;2;5;2;0;0;1;0;1;0;0;0;0;0
11;8;8301037.0;2018;6;20;1;2;5;2;0;0;1;0;0;0;0;1;0;0
11;4;4501153.0;2018;6;17;5;3;5;3;0;1;1;0;0;0;0;0;0;0
11;4;4501042.0;2018;6;19;1;3;2;2;0;0;1;0;0;0;0;0;0;0
11;4;4501042.0;2018;6;17;5;3;5;2;0;1;1;0;0;0;0;0;0;0
11;3;3601243.0;2018;6;19;1;2;5;3;0;0;1;0;0;0;1;1;0;0
11;1;1100309.0;2018;6;16;5;3;0;7;0;1;0;0;0;0;0;0;0;0
11;4;4100102.0;2018;6;18;1;3;0;6;0;0;1;0;1;0;0;1;0;0
11;8;8100208.0;2018;6;18;1;3;2;6;0;0;1;0;0;0;0;1;0;0
11;1;1100308.0;2018;6;15;5;3;0;1;0;1;0;0;0;0;0;0;0;0
11;1;1100310.0;2018;6;16;1;3;1;5;0;1;1;0;0;0;0;1;0;0
11;12;12200413.0;2018;6;19;6;2;8;1;0;1;0;0;0;0;0;0;0;0
11;12;12200412.0;2018;6;14;1;3;5;2;0;1;0;0;0;0;1;1;0;0
11;1;1300834.0;2018;6;15;5;3;5;2;0;1;1;0;0;0;0;0;0;0
11;9;9301126.0;2018;6;14;1;3;5;3;0;0;1;0;0;0;0;0;0;0
11;8;8300934.0;2018;6;15;5;3;2;6;0;0;1;0;0;0;0;0;0;0
11;11;11200512.0;2018;6;15;5;3;0;5;0;1;1;0;0;0;0;0;0;0
11;3;3400620.0;2018;6;14;1;3;0;2;0;0;1;0;1;0;0;0;0;0
11;7;7400824.0;2018;6;14;5;3;0;2;0;1;1;0;0;0;0;0;0;0
11;12;1300730.0;2018;6;8;6;3;2;6;0;0;0;0;1;0;1;0;0;0
11;3;3601142.0;2018;6;13;1;3;5;3;0;1;1;0;0;0;0;0;0;0
11;1;1100415.0;2018;6;8;6;3;1;5;0;1;1;0;0;0;0;0;0;0
11;7;7200414.0;2018;6;13;1;3;0;7;0;0;1;0;1;0;0;0;0;0
11;9;9200613.0;2018;6;7;5;3;5;3;0;1;0;0;0;0;1;0;0;0
11;2;2100105.0;2018;6;10;6;3;2;2;0;1;1;0;0;0;0;0;0;0
11;10;10100209.0;2018;6;11;1;3;4;5;0;0;1;0;0;0;0;0;0;0
11;1;1400942.0;2018;6;7;5;3;3;6;0;1;1;0;0;0;0;0;0;0
11;6;6400737.0;2018;6;11;1;2;5;3;0;1;1;0;0;0;0;0;0;0
11;3;3601142.0;2018;6;7;5;3;5;2;0;1;1;0;0;0;0;0;0;0
11;2;2400624.0;2018;6;8;5;3;1;5;0;1;1;0;0;0;0;0;0;0
11;4;4200207.0;2018;6;10;1;3;6;4;0;1;0;1;0;0;0;0;0;0
11;2;2300314.0;2018;6;9;5;3;6;4;0;1;0;1;0;0;0;0;0;0
11;3;3500934.0;2018;6;9;5;3;2;6;0;0;1;0;1;0;0;0;0;0
11;6;6400839.0;2018;6;9;1;3;0;3;0;1;1;0;0;0;0;0;0;0
11;8;8300935.0;2018;6;9;5;3;3;6;0;0;1;0;1;0;0;0;0;0
11;12;12200414.0;2018;6;21;6;3;5;3;1;1;1;0;0;0;0;0;0;0
11;9;9200819.0;2018;6;9;1;3;5;3;0;0;1;0;0;0;0;0;0;0
11;3;3601244.0;2018;6;10;5;3;2;6;0;0;1;0;0;1;0;0;0;0
11;1;1100311.0;2018;6;2;1;3;5;2;2;0;1;0;0;0;0;0;0;0
11;7;7400826.0;2018;6;11;5;3;5;2;0;1;1;0;0;0;0;0;0;0
11;7;7400825.0;2018;6;11;5;3;1;5;0;1;1;0;0;0;0;0;0;0
11;6;6200423.0;2018;6;16;1;3;0;7;0;0;0;0;1;0;0;0;0;0
11;3;3100101.0;2018;6;13;5;3;6;2;0;0;1;1;0;0;0;0;0;0
11;1;1401047.0;2018;6;13;5;3;6;2;0;0;1;1;0;0;0;0;0;0
11;4;4200311.0;2018;6;12;1;2;0;1;0;1;0;0;0;0;0;0;0;0
11;7;7601442.0;2018;6;13;5;3;5;2;0;0;1;0;1;0;0;0;0;0
11;1;1100206.0;2018;6;13;5;3;5;3;0;1;1;0;0;0;0;0;0;0
11;5;5300735.0;2018;6;6;1;3;9;1;0;0;0;0;1;0;0;0;0;0
11;8;8100312.0;2018;6;13;5;3;2;6;0;0;1;0;0;0;0;0;0;0
11;2;2300314.0;2018;6;18;1;3;0;1;0;1;0;0;0;0;0;0;0;0
11;2;2200213.0;2018;6;17;7;3;5;3;0;1;0;0;1;0;0;0;0;0
11;1;1200517.0;2018;6;14;5;3;2;6;0;0;1;0;0;0;0;0;0;0
11;12;12200310.0;2018;6;17;6;3;0;1;0;0;0;0;1;0;0;0;0;0
11;3;3200309.0;2018;6;9;5;2;5;3;0;1;1;0;0;0;0;0;0;0
11;9;9200512.0;2018;6;17;7;3;2;2;0;0;1;0;0;0;0;0;0;0
11;10;10100312.0;2018;6;10;5;3;5;3;0;0;1;0;0;0;0;0;0;0
11;4;4200203.0;2018;6;9;7;3;5;2;0;1;1;0;0;0;0;0;0;0
11;1;1100309.0;2018;6;19;2;3;5;3;0;1;1;0;0;0;0;0;0;0
11;12;12400618.0;2018;6;12;6;3;0;5;0;1;0;0;0;0;1;0;0;0
11;6;6100209.0;2018;6;3;7;3;6;7;2;1;0;1;0;0;0;0;0;0
11;6;6400844.0;2018;6;10;5;2;5;3;0;0;1;0;0;0;0;0;0;0
11;2;2100105.0;2018;6;14;7;3;6;4;0;0;1;1;0;0;0;0;0;0
11;5;5100211.0;2018;6;23;7;3;5;2;2;0;1;0;0;0;0;0;0;0
11;6;6200422.0;2018;6;13;5;3;5;3;0;0;1;0;0;0;0;0;0;0
11;1;2400623.0;2018;6;20;7;3;5;3;0;1;1;0;0;0;0;0;0;0
11;7;7601238.0;2018;6;20;7;2;2;6;0;0;1;0;1;0;0;0;0;0
11;7;7100102.0;2018;6;14;5;2;0;5;0;0;1;0;1;0;0;0;0;0
11;2;2300419.0;2018;6;19;7;3;6;7;0;0;1;1;0;0;0;0;0;0
11;10;10100311.0;2018;6;14;6;3;5;2;0;1;1;0;0;0;0;0;0;0
11;10;10400939.0;2018;6;11;5;3;0;1;0;1;0;0;0;0;0;0;0;0
11;1;1300834.0;2018;6;20;7;3;0;7;0;0;1;0;1;0;0;0;0;0
11;9;9200512.0;2018;6;13;5;3;0;1;0;1;0;0;0;0;0;0;0;0
11;3;3100103.0;2018;6;19;7;3;2;6;0;0;1;0;0;0;0;0;0;0
11;6;6200313.0;2018;6;19;2;3;3;6;0;0;1;0;0;0;0;0;0;0
11;12;12100205.0;2018;6;18;7;3;2;6;0;0;1;0;0;1;0;0;0;0
11;2;2400521.0;2018;6;11;5;3;6;4;0;0;1;1;0;0;0;0;0;0
11;12;12200310.0;2018;6;18;7;3;0;5;0;0;1;0;0;0;1;0;0;0
11;1;1100205.0;2018;6;8;6;2;0;2;0;1;1;0;0;0;0;0;0;0
11;5;5200630.0;2018;6;12;4;3;2;6;0;0;1;0;0;0;0;0;0;0
11;7;7400826.0;2018;6;17;7;3;0;3;0;0;1;0;1;0;0;0;0;0
11;1;1300836.0;2018;6;9;4;3;3;6;0;1;0;0;0;1;0;0;0;0
11;11;11401033.0;2018;6;19;2;3;5;7;0;0;1;0;0;0;1;0;0;0
11;12;12100101.0;2018;6;16;4;3;6;4;0;0;1;1;0;0;0;0;0;0
11;4;4300416.0;2018;6;17;7;2;5;3;0;0;1;0;1;0;0;0;0;0
11;5;5200524.0;2018;6;17;7;2;0;7;0;0;1;0;0;0;0;0;0;0
11;3;3501038.0;2018;6;9;4;3;5;7;0;0;1;0;0;0;0;0;0;0
11;2;2500835.0;2018;6;17;7;3;5;5;0;0;1;0;0;0;0;0;0;0
11;7;7300516.0;2018;6;14;4;3;0;3;0;0;1;0;0;0;1;0;0;0
11;4;4200311.0;2018;6;16;7;3;2;6;0;0;1;0;0;0;0;0;0;0
11;4;4100101.0;2018;6;19;4;3;5;2;0;1;0;0;1;0;0;0;0;0
11;1;1100311.0;2018;6;15;7;3;5;2;0;0;1;0;0;0;0;0;0;0
11;7;7400721.0;2018;6;18;2;3;5;2;0;1;1;0;0;0;0;0;0;0
11;4;4501150.0;2018;6;14;7;3;1;5;0;1;0;0;0;0;1;0;0;0
11;5;5200629.0;2018;6;16;4;3;3;6;0;0;1;0;1;0;0;0;0;0
11;1;1100207.0;2018;6;14;7;3;5;2;0;0;1;0;1;0;0;0;0;0
11;3;3400725.0;2018;6;16;4;3;2;2;0;0;1;0;1;0;0;0;0;0
11;3;3601450.0;2018;6;16;4;3;2;6;0;0;1;0;0;1;0;0;0;0
11;1;1200517.0;2018;6;14;7;3;6;4;0;0;1;1;0;0;0;0;0;0
11;8;8301036.0;2018;6;16;4;3;6;2;0;0;1;1;0;0;0;0;0;0
11;4;4300518.0;2018;6;18;2;3;5;2;0;1;1;0;0;0;0;0;0;0
11;4;4501148.0;2018;6;14;4;3;5;3;0;1;1;0;0;0;0;0;0;0
11;2;2100106.0;2018;6;14;7;2;5;2;0;0;1;0;0;0;0;0;0;0
11;2;2500831.0;2018;6;14;4;3;5;3;0;1;1;0;0;0;0;0;0;0
11;3;3400725.0;2018;6;13;7;3;5;3;0;1;1;0;0;0;0;0;0;0
11;2;2500833.0;2018;6;18;2;3;0;7;0;0;1;0;0;0;0;0;0;0
11;8;8100207.0;2018;6;12;7;3;0;3;0;1;0;0;0;0;1;0;0;0
11;3;3400721.0;2018;6;13;4;3;0;5;0;1;1;0;0;0;0;0;0;0
11;7;7501032.0;2018;6;18;4;2;0;5;0;0;1;0;0;0;1;0;0;0
11;11;11300826.0;2018;6;12;7;3;2;2;0;0;1;0;1;0;0;0;0;0
11;9;9401433.0;2018;6;20;4;3;5;3;0;0;1;0;0;0;0;0;0;0
11;9;9200715.0;2018;6;9;7;3;5;3;0;0;1;0;0;0;0;0;0;0
11;8;8200832.0;2018;6;18;4;3;5;2;0;0;1;0;0;0;0;0;0;0
11;11;11300721.0;2018;6;13;4;3;0;2;0;0;1;0;0;0;1;0;0;0
11;11;11401137.0;2018;6;10;7;3;5;3;0;1;1;0;0;0;0;0;0;0
11;10;10400938.0;2018;6;13;4;3;5;3;0;0;1;0;0;1;0;0;0;0
11;1;1200517.0;2018;6;12;4;3;5;2;0;0;1;0;1;0;0;0;0;0
11;4;4501152.0;2018;6;10;7;3;0;3;0;0;1;0;1;0;0;0;0;0
11;7;7601339.0;2018;6;12;4;3;6;7;0;0;0;1;0;0;1;0;0;0
11;12;12200515.0;2018;6;11;7;3;2;6;0;0;1;0;1;0;0;0;0;0
11;5;5100312.0;2018;6;12;7;3;6;4;0;0;1;1;0;0;0;0;0;0
11;1;1100205.0;2018;6;12;4;3;2;6;0;0;1;0;0;0;0;0;0;0
11;1;1100416.0;2018;6;13;7;3;5;2;0;1;1;0;0;0;0;0;0;0
11;5;5300737.0;2018;6;15;6;3;5;3;0;0;1;0;1;0;0;0;0;0
11;1;1100205.0;2018;6;12;4;3;0;7;0;0;0;0;1;0;0;0;0;0
11;1;1200629.0;2018;6;9;7;3;5;3;0;0;1;0;0;0;0;0;0;0
11;4;4501043.0;2018;6;10;4;3;5;7;0;0;1;0;0;0;0;0;0;0
11;1;1100104.0;2018;6;16;6;3;2;6;0;0;1;0;0;0;0;0;0;0
11;1;1300733.0;2018;6;10;4;3;1;5;0;1;1;0;0;0;0;0;0;0
11;8;8200831.0;2018;6;11;7;3;2;6;0;0;1;0;0;0;0;0;0;0
11;7;7400823.0;2018;6;10;4;3;2;6;0;0;1;0;1;0;0;0;0;0
11;2;2300315.0;2018;6;3;7;2;0;1;1;1;0;0;0;0;0;0;0;0
11;1;1400939.0;2018;6;15;7;3;5;3;0;0;0;0;1;0;1;0;0;0
11;9;9100202.0;2018;6;9;4;3;9;1;0;1;0;0;0;0;0;0;0;0
11;4;4200207.0;2018;6;17;6;3;5;3;0;1;1;0;0;0;0;0;0;0
11;1;1100103.0;2018;6;14;6;3;5;3;0;1;1;0;0;0;0;0;0;0
11;1;1401048.0;2018;6;8;4;3;2;6;0;0;1;0;0;0;0;0;0;0
11;7;7601545.0;2018;6;18;6;3;0;2;0;1;1;0;0;0;0;0;0;0
11;4;4100101.0;2018;6;7;4;3;3;6;0;0;1;0;0;0;0;0;0;0
11;6;6300633.0;2018;6;8;6;3;0;7;0;1;0;0;0;0;0;0;0;0
11;10;10100311.0;2018;6;6;4;3;3;6;0;0;1;0;0;1;0;0;0;0
11;7;7400721.0;2018;6;12;6;3;5;3;0;1;1;0;0;0;0;0;0;0
11;9;9501939.0;2018;6;20;6;3;6;6;0;0;1;1;0;0;0;0;0;0
11;4;4400728.0;2018;6;4;4;3;1;1;1;0;1;0;0;0;0;0;0;0
11;7;7300619.0;2018;6;18;6;3;5;7;0;1;1;0;0;0;0;0;0;0
11;4;4200308.0;2018;6;1;4;3;1;5;2;0;1;0;0;0;0;0;0;0
11;9;9501941.0;2018;6;17;6;3;3;2;0;0;1;0;1;0;0;0;0;0
11;9;9502043.0;2018;6;18;2;2;6;4;0;0;1;1;0;0;0;0;0;0
11;7;7601544.0;2018;6;17;6;3;6;7;0;0;1;1;0;0;0;0;0;0
11;12;12200414.0;2018;6;14;4;3;1;5;0;0;1;0;0;0;1;0;0;0
11;4;4400726.0;2018;6;17;6;3;3;6;0;1;1;0;0;0;0;0;0;0
11;6;6300629.0;2018;6;16;6;3;0;2;0;1;1;0;0;0;0;0;0;0
11;5;5200420.0;2018;6;7;4;1;5;2;0;1;0;0;0;1;0;0;0;0
11;5;5200629.0;2018;6;19;6;3;2;6;1;0;1;0;0;0;0;0;0;0
11;1;1100309.0;2018;6;13;3;3;2;6;0;0;1;0;0;0;0;0;0;0
11;1;1300733.0;2018;6;18;2;2;1;5;0;1;1;0;0;0;0;0;0;0
11;4;4501153.0;2018;6;15;3;3;1;5;0;1;1;0;0;0;0;0;0;0
11;2;2400623.0;2018;6;20;6;3;1;5;1;1;1;0;0;0;0;0;0;0
11;1;1200522.0;2018;6;15;3;3;5;2;0;1;1;0;0;0;0;0;0;0
11;8;8100417.0;2018;6;16;6;3;5;2;0;1;1;0;0;0;0;0;0;0
11;11;11300620.0;2018;6;18;2;3;5;2;0;0;1;0;0;0;0;0;0;0
11;1;1100101.0;2018;6;10;6;2;3;6;0;0;1;0;0;0;0;0;0;0
11;6;6100101.0;2018;6;16;6;3;6;4;0;1;0;1;0;0;0;0;0;0
11;8;8401244.0;2018;6;15;3;3;0;6;0;0;1;0;1;0;0;0;0;0
11;7;7100102.0;2018;6;20;6;3;1;5;0;1;1;0;0;0;0;0;0;0
11;3;3300517.0;2018;6;21;3;3;0;1;1;0;0;0;1;0;0;0;0;0
11;5;5300736.0;2018;6;20;3;2;1;7;0;0;1;0;0;0;1;0;0;0
11;6;6100102.0;2018;6;20;6;3;6;4;0;0;1;1;0;0;0;0;0;0
11;5;5100314.0;2018;6;14;3;3;2;2;0;0;1;0;0;0;1;0;0;0
11;1;1200623.0;2018;6;17;2;3;3;6;0;1;1;0;0;0;0;0;0;0
11;11;11400929.0;2018;6;14;3;3;5;3;0;0;1;0;0;0;0;0;0;0
11;1;1100416.0;2018;6;21;6;3;5;3;0;1;1;0;0;0;0;0;0;0
11;8;8200726.0;2018;6;14;3;3;6;7;0;0;1;1;0;0;0;0;0;0
11;11;11200513.0;2018;6;16;2;3;5;2;0;1;1;0;0;0;0;0;0;0
11;4;4501040.0;2018;6;14;3;3;2;6;0;0;1;0;0;0;0;0;0;0
11;4;4400727.0;2018;6;15;6;2;5;3;0;1;1;0;0;0;0;0;0;0
11;2;2300314.0;2018;6;13;3;3;0;5;0;1;1;0;0;0;0;0;0;0
11;11;11200513.0;2018;6;15;6;3;3;6;0;0;1;0;1;0;0;0;0;0
11;10;10400837.0;2018;6;16;2;3;5;3;0;0;1;0;1;0;0;0;0;0
11;3;3500934.0;2018;6;12;3;2;6;4;0;0;1;1;0;0;0;0;0;0
11;1;1100415.0;2018;6;15;6;3;0;6;0;1;0;0;0;0;1;0;0;0
11;8;8200622.0;2018;6;14;3;3;3;6;0;0;1;0;1;0;0;0;0;0
11;9;9401534.0;2018;6;13;6;3;5;3;0;1;1;0;0;0;0;0;0;0
11;2;2400623.0;2018;6;15;3;3;5;2;0;0;1;1;1;0;0;0;0;0
11;1;1300733.0;2018;6;14;6;3;1;5;0;1;1;0;0;0;0;0;0;0
11;2;2200207.0;2018;6;16;3;3;3;6;0;0;1;0;1;0;0;0;0;0
11;4;4300622.0;2018;6;16;2;3;8;1;0;1;0;0;0;0;0;0;0;0
11;4;4200308.0;2018;6;13;6;3;3;6;0;0;1;0;0;1;0;0;0;0
11;4;4501040.0;2018;6;16;3;3;5;5;0;1;1;0;0;0;0;0;0;0
11;4;4200310.0;2018;6;12;6;3;2;6;0;0;1;0;1;0;0;0;0;0
11;4;4501041.0;2018;6;16;2;3;5;7;0;0;1;0;0;0;0;0;0;0
11;3;3400829.0;2018;6;17;3;3;2;2;0;0;1;0;0;0;0;0;0;0
11;6;6200311.0;2018;6;13;6;3;0;6;0;0;1;0;1;0;0;0;0;0
11;4;4501041.0;2018;6;16;3;3;0;6;0;0;1;0;0;0;1;0;0;0
11;7;7400927.0;2018;6;15;6;2;3;6;0;1;0;0;1;0;0;0;0;0
11;1;1300835.0;2018;6;16;2;3;5;2;0;1;1;0;0;0;0;0;0;0
11;7;7501031.0;2018;6;14;6;3;6;7;0;0;1;1;0;0;0;0;0;0
11;6;6400737.0;2018;6;17;3;3;5;2;0;1;1;0;0;0;0;0;0;0
11;4;4300416.0;2018;6;16;6;2;0;1;0;0;0;0;1;0;0;0;0;0
11;9;9100305.0;2018;6;17;3;3;5;2;0;1;0;0;0;1;0;0;0;0
11;10;10100313.0;2018;6;21;6;2;5;2;1;0;1;0;0;0;0;0;0;0
11;10;10300732.0;2018;6;17;3;3;5;3;0;1;1;0;0;0;0;0;0;0
11;9;9501736.0;2018;6;18;6;3;2;6;0;0;1;0;0;0;1;0;0;0
11;11;11400929.0;2018;6;14;2;3;2;6;0;0;1;0;0;0;0;0;0;0
11;8;8100314.0;2018;6;17;6;3;0;4;0;0;1;1;1;0;0;0;0;0
11;1;1300836.0;2018;6;18;3;2;5;3;0;1;1;0;0;0;0;0;0;0
11;6;6200311.0;2018;6;15;6;3;0;6;0;0;1;0;1;0;1;0;0;0
11;12;12400617.0;2018;6;16;6;3;5;3;0;0;1;0;0;0;0;0;0;0
11;4;4500936.0;2018;6;12;3;3;5;2;0;1;0;0;0;0;1;0;0;0
11;5;5200629.0;2018;6;16;6;3;0;2;0;0;1;0;0;0;1;0;0;0
11;6;6200420.0;2018;6;15;6;3;0;3;0;1;0;0;0;0;1;0;0;0
11;9;9300920.0;2018;6;11;3;3;1;7;0;1;1;0;0;0;0;0;0;0
11;6;6400838.0;2018;6;14;6;3;5;3;0;0;1;0;0;0;0;0;0;0
11;6;6200313.0;2018;6;14;6;3;1;1;0;0;1;0;1;0;0;0;0;0
11;2;2200210.0;2018;6;11;3;2;3;6;0;1;1;0;0;0;0;0;0;0
11;6;6200317.0;2018;6;17;6;3;5;3;0;0;1;0;0;0;0;0;0;0
11;5;5300735.0;2018;6;11;3;3;3;2;0;0;1;0;0;1;0;0;0;0
11;8;8100206.0;2018;6;16;6;3;6;4;0;0;1;1;0;0;0;0;0;0
11;3;3601450.0;2018;6;14;2;3;5;2;0;1;1;0;0;0;0;0;0;0
11;3;3500933.0;2018;6;19;6;3;5;3;0;0;1;0;0;0;0;0;0;0
11;4;4501041.0;2018;6;11;3;3;5;3;0;0;1;0;0;0;0;0;0;0
11;1;1100311.0;2018;6;15;6;3;0;1;0;0;0;0;1;0;0;0;0;0
11;1;1100310.0;2018;6;7;6;3;3;6;0;1;0;0;0;0;0;0;0;0
11;3;3500933.0;2018;6;13;6;3;0;6;0;0;1;0;1;0;0;0;0;0
11;12;12200412.0;2018;6;10;3;3;6;4;0;0;1;1;0;0;0;0;0;0
11;4;4300623.0;2018;6;13;6;3;5;2;0;1;1;0;0;0;0;0;0;0
11;1;1100312.0;2018;6;10;3;3;3;6;0;0;1;0;1;0;0;0;0;0
11;5;5200631.0;2018;6;13;2;2;6;4;0;0;1;1;0;0;0;0;0;0
11;2;2100101.0;2018;6;10;3;3;5;2;0;0;1;0;0;0;0;0;0;0
11;1;1401049.0;2018;6;12;6;3;5;3;0;1;1;0;0;0;0;0;0;0
11;2;2400521.0;2018;6;9;3;3;2;2;0;0;1;0;0;0;0;0;0;0
11;12;12200309.0;2018;6;12;6;3;5;7;0;1;0;0;0;0;0;0;0;0
11;1;1100103.0;2018;6;13;2;3;3;6;0;0;1;0;0;0;1;0;0;0
11;12;12400616.0;2018;6;7;3;2;1;5;0;1;1;0;0;0;0;0;0;0
11;3;3100101.0;2018;6;12;6;2;0;7;0;0;1;0;0;0;0;0;0;0
11;12;12601236.0;2018;6;8;3;3;1;5;0;1;1;0;0;0;0;0;0;0
11;3;3200308.0;2018;6;12;6;3;2;2;0;0;1;0;0;0;1;0;0;0
11;3;3300411.0;2018;6;12;6;3;1;5;0;0;1;0;1;0;0;0;0;0
11;4;4501153.0;2018;6;13;3;2;0;1;0;0;0;0;1;0;0;0;0;0
11;1;1200626.0;2018;6;12;6;2;5;2;0;1;1;0;0;0;0;0;0;0
11;1;1100309.0;2018;6;12;3;3;0;1;0;0;0;0;1;0;0;0;0;0
11;10;10400835.0;2018;6;8;3;3;0;1;0;0;0;0;1;0;0;0;0;0
11;2;2400625.0;2018;6;11;6;3;2;6;0;0;1;0;0;0;0;0;0;0
11;2;2500726.0;2018;6;18;3;3;2;6;0;0;1;0;0;0;0;0;0;0
11;5;5300736.0;2018;6;8;3;3;2;6;0;0;1;0;0;0;1;0;0;0
11;7;7400826.0;2018;6;11;6;3;5;2;0;1;1;0;0;0;0;0;0;0
11;3;3400618.0;2018;6;7;3;3;0;1;0;0;0;0;1;0;0;0;0;0
11;7;7400721.0;2018;6;10;6;3;5;3;0;1;1;0;0;0;0;0;0;0
11;7;7200307.0;2018;6;9;6;3;1;1;0;0;1;0;0;0;0;0;0;0
11;8;8301036.0;2018;6;7;3;3;5;3;0;1;1;0;0;0;0;0;0;0
11;1;1300732.0;2018;6;7;3;2;6;4;0;0;1;1;0;0;0;0;0;0
11;10;10100205.0;2018;6;6;3;3;0;2;0;1;1;0;0;0;0;0;0;0
11;1;1300836.0;2018;6;9;6;3;5;2;0;1;1;0;0;0;0;0;0;0
11;1;1100102.0;2018;6;6;3;3;5;2;0;1;1;0;0;0;0;0;0;0
11;9;9200716.0;2018;6;6;3;2;8;1;0;1;0;0;0;0;0;0;0;0
11;6;6300527.0;2018;6;9;6;3;5;2;0;1;0;0;0;1;0;0;0;0
11;11;11501341.0;2018;6;18;3;1;5;2;0;1;0;0;0;0;1;0;0;0
11;6;6300528.0;2018;6;16;2;3;5;2;0;1;1;0;0;0;0;0;0;0
11;1;1300834.0;2018;6;8;6;3;2;6;0;0;1;0;0;0;0;0;0;0
11;1;1400942.0;2018;6;15;2;2;3;6;0;0;1;0;1;0;0;0;0;0
11;10;10100210.0;2018;6;7;6;3;5;3;0;0;1;0;0;0;0;0;0;0
11;11;11401136.0;2018;6;7;6;2;0;6;0;1;0;0;0;0;1;0;0;0
11;12;12100205.0;2018;6;13;2;3;2;6;0;0;1;0;0;0;0;0;0;0
11;9;9301126.0;2018;6;15;6;3;3;6;0;0;1;0;1;0;0;0;0;0
11;2;2200210.0;2018;6;18;2;3;5;2;0;1;0;0;0;1;0;0;0;0
11;10;10400941.0;2018;6;6;6;3;5;3;0;0;1;0;1;0;0;0;0;0
11;12;12200310.0;2018;6;8;2;3;5;2;0;1;1;0;0;0;0;0;0;0
11;3;3100102.0;2018;6;6;6;3;5;3;0;0;1;0;0;0;0;0;0;0
11;2;2400623.0;2018;6;12;6;3;2;7;0;1;1;0;0;0;0;0;0;0
11;4;4300621.0;2018;6;7;6;3;5;2;0;1;1;0;0;0;0;0;0;0
11;12;12500825.0;2018;6;20;2;2;0;2;0;0;1;0;1;0;0;0;0;0
11;3;3300516.0;2018;6;7;6;3;5;2;0;1;1;0;0;0;0;0;0;0
11;12;12100204.0;2018;6;22;2;2;1;1;2;0;1;0;0;0;0;0;0;0
11;4;4501042.0;2018;6;6;6;2;5;2;0;1;1;0;0;0;0;0;0;0
11;1;1200517.0;2018;6;22;2;3;0;1;2;0;0;0;1;0;0;0;0;0
11;10;10200418.0;2018;6;0;6;2;9;1;2;0;0;0;1;0;0;0;0;0
11;6;6200312.0;2018;6;18;5;3;5;2;0;0;1;0;0;0;0;0;0;0
11;4;4500938.0;2018;6;21;2;3;6;4;1;0;1;1;0;0;0;0;0;0
11;1;1200626.0;2018;6;23;5;3;2;7;2;1;0;0;0;0;0;0;0;0
11;7;7400927.0;2018;6;14;6;3;5;2;0;0;1;0;1;0;0;0;0;0