LAND;BEZ;LOR_ab_2021;UJAHR;UMONAT;USTUNDE;UWOCHENTAG;UKATEGORIE;UART;UTYP1;ULICHTVERH;IstRad;IstPKW;IstFuss;IstKrad;IstGkfz;IstSonstige;USTRZUSTAND;LOCKDOWN;COVID
11;3;3601449.0;2018;6;13;4;3;5;3;0;1;1;0;0;0;0;0;0;0
11;10;10400941.0;2018;6;17;7;3;5;7;0;0;1;0;0;0;0;0;0;0
11;2;2200207.0;2018;6;12;4;2;5;2;0;1;1;0;0;1;0;0;0;0
11;6;6400838.0;2018;6;16;7;3;4;6;0;0;1;0;0;0;0;0;0;0
11;3;3300411.0;2018;6;14;1;3;5;3;0;1;1;0;0;0;0;0;0;0
11;5;5200629.0;2018;6;15;7;3;0;7;0;0;1;0;0;0;0;0;0;0
11;4;4300619.0;2018;6;12;4;3;5;2;0;0;1;0;1;0;0;0;0;0
11;7;7601238.0;2018;6;15;7;3;0;7;0;0;1;0;0;0;0;0;0;0
11;1;1200628.0;2018;6;11;4;3;5;2;0;1;0;0;0;0;1;0;0;0
11;9;9501941.0;2018;6;11;4;3;2;6;0;0;1;0;0;0;0;0;0;0
11;12;12200412.0;2018;6;15;7;2;5;2;0;0;1;0;1;0;0;0;0;0
11;7;7100102.0;2018;6;11;4;2;5;3;0;0;1;0;0;0;0;0;0;0
11;4;4300619.0;2018;6;10;4;3;5;2;0;0;1;0;0;0;0;0;0;0
11;12;12100102.0;2018;6;13;7;2;1;5;0;1;1;0;0;0;0;0;0;0
11;7;7300517.0;2018;6;10;4;2;5;2;0;0;1;0;1;0;0;0;0;0
11;4;4500939.0;2018;6;13;7;3;3;6;0;0;1;0;0;0;1;0;0;0
11;8;8100102.0;2018;6;23;7;3;2;6;2;0;1;0;0;0;0;1;0;0
11;5;5100209.0;2018;6;12;7;3;5;6;0;0;1;0;1;0;0;0;0;0
11;8;8100418.0;2018;6;10;4;3;5;3;0;0;1;0;1;0;0;0;0;0
11;3;3300516.0;2018;6;10;4;3;5;3;0;1;1;0;0;0;0;0;0;0
11;7;7300618.0;2018;6;10;4;3;5;2;0;1;1;0;0;0;0;0;0;0
11;4;4300623.0;2018;6;11;7;3;0;7;0;0;0;0;1;0;0;1;0;0
11;9;9301126.0;2018;6;10;4;3;1;7;0;0;1;0;0;0;0;0;0;0
11;1;1100309.0;2018;6;9;4;3;1;5;0;1;1;0;0;0;0;0;0;0
11;9;9401433.0;2018;6;11;7;3;5;2;0;1;1;0;0;0;0;0;0;0
11;1;1401048.0;2018;6;9;4;3;2;6;0;0;1;0;0;0;0;0;0;0
11;11;11200411.0;2018;6;13;2;3;2;6;0;0;1;0;0;0;0;0;0;0
11;8;8200623.0;2018;6;8;4;3;5;2;0;1;1;0;0;0;0;0;0;0
11;11;11300721.0;2018;6;10;7;3;6;7;0;1;0;1;0;0;0;0;0;0
11;1;1100309.0;2018;6;18;4;3;0;1;0;1;0;0;0;0;0;0;0;0
11;3;3400723.0;2018;6;10;7;3;1;5;0;1;1;0;0;0;0;0;0;0
11;2;2300314.0;2018;6;9;7;2;1;5;0;1;1;0;0;0;0;0;0;0
11;1;1100308.0;2018;6;8;4;3;1;5;0;1;1;0;0;0;0;0;0;0
11;9;9100407.0;2018;6;8;4;3;5;5;0;1;1;0;0;0;0;0;0;0
11;3;3500932.0;2018;6;8;7;3;5;2;0;0;1;0;0;0;0;0;0;0
11;5;5200630.0;2018;6;7;4;3;2;6;0;0;1;0;0;0;0;0;0;0
11;1;1300733.0;2018;6;1;6;3;5;5;2;0;1;0;0;0;0;0;0;0
11;8;8100102.0;2018;6;19;1;2;5;3;1;1;1;0;0;0;0;1;0;0
11;7;7100206.0;2018;6;22;7;3;5;3;2;1;1;0;0;0;0;1;0;0
11;4;4501044.0;2018;6;15;6;3;2;6;0;1;1;0;0;0;0;0;0;0
11;10;10100210.0;2018;6;7;4;3;5;3;0;0;1;0;0;0;1;0;0;0
11;2;2300316.0;2018;6;0;6;3;1;5;2;1;1;0;0;0;0;0;0;0
11;1;1300731.0;2018;6;6;4;3;5;3;0;0;1;0;0;0;1;0;0;0
11;4;4400834.0;2018;6;8;2;3;5;2;0;1;0;0;0;0;1;0;0;0
11;12;12500824.0;2018;6;14;6;3;6;4;0;0;0;1;0;0;1;0;0;0
11;5;5100312.0;2018;6;15;3;3;5;2;0;1;1;0;0;0;0;0;0;0
11;4;4501043.0;2018;6;17;6;3;5;2;0;1;1;0;0;0;0;0;0;0
11;9;9200819.0;2018;6;17;6;3;5;3;0;1;1;0;0;0;0;0;0;0
11;2;2200212.0;2018;6;9;3;3;1;6;0;1;1;0;0;0;1;0;0;0
11;9;9200715.0;2018;6;18;6;3;5;7;0;0;1;0;1;0;0;0;0;0
11;1;1100206.0;2018;6;14;3;2;2;2;0;1;0;0;0;1;0;0;0;0
11;4;4100102.0;2018;6;19;6;3;3;6;0;0;1;0;0;0;0;0;0;0
11;6;6300633.0;2018;6;15;3;3;5;3;0;1;1;0;0;0;0;0;0;0
11;2;2100104.0;2018;6;22;6;3;2;6;2;0;1;0;0;0;0;0;0;0
11;4;4200311.0;2018;6;17;1;3;2;6;0;0;1;0;0;0;0;0;0;0
11;9;9401432.0;2018;6;16;3;2;5;3;0;1;1;0;0;0;0;0;0;0
11;12;12200411.0;2018;6;22;6;3;1;1;2;0;1;0;0;0;1;0;0;0
11;7;7601545.0;2018;6;7;7;3;0;1;0;0;0;0;1;0;0;0;0;0
11;1;1100310.0;2018;6;15;5;3;0;6;0;0;1;0;1;0;0;0;0;0
11;4;4501043.0;2018;6;3;5;3;6;4;2;0;1;1;0;0;0;0;0;0
11;1;1100310.0;2018;6;12;6;3;5;2;0;1;1;0;0;0;0;0;0;0
11;4;4400728.0;2018;6;9;5;3;5;2;0;1;0;0;0;0;1;0;0;0
11;1;1100415.0;2018;7;4;2;2;0;1;1;1;0;0;0;0;0;0;0;0
11;8;8200623.0;2018;6;23;5;3;2;6;2;0;1;0;0;0;0;0;0;0
11;6;6400840.0;2018;6;9;6;3;5;3;0;1;1;0;0;0;0;0;0;0
11;3;3701554.0;2018;6;19;7;3;5;3;0;0;1;0;1;0;0;0;0;0
11;4;4300619.0;2018;6;22;5;3;6;4;2;1;0;1;0;0;0;0;0;0
11;6;6400736.0;2018;6;22;5;3;9;1;2;0;0;0;0;0;1;0;0;0
11;9;9100202.0;2018;6;16;6;3;5;2;0;1;1;0;0;0;0;0;0;0
11;4;4300414.0;2018;6;20;5;2;5;2;1;0;1;0;0;0;0;0;0;0
11;3;3701556.0;2018;6;20;5;3;5;5;0;1;1;0;0;0;0;0;0;0
11;1;1200522.0;2018;6;19;5;3;5;7;0;0;1;0;1;0;0;0;0;0
11;5;5100211.0;2018;7;14;1;3;0;3;0;0;0;0;1;0;1;0;0;0
11;8;8100206.0;2018;6;19;5;3;1;5;0;0;1;0;1;0;0;0;0;0
11;2;2500728.0;2018;6;19;5;3;5;3;0;1;1;0;0;0;0;0;0;0
11;6;6400843.0;2018;6;10;6;3;5;3;0;1;1;0;0;0;0;0;0;0
11;9;9200819.0;2018;6;8;5;3;5;3;0;1;1;0;0;0;0;0;0;0
11;2;2200210.0;2018;7;18;1;3;5;2;0;1;1;0;0;0;0;0;0;0
11;5;5100211.0;2018;6;18;5;3;0;7;0;0;0;0;1;0;0;0;0;0
11;5;5300841.0;2018;6;9;6;3;5;3;0;1;1;0;0;0;0;0;0;0
11;8;8300935.0;2018;6;18;7;3;5;2;0;1;1;0;0;0;0;0;0;0
11;7;7200413.0;2018;6;13;5;3;0;6;0;1;1;0;0;0;0;0;0;0
11;7;7100205.0;2018;6;7;5;3;6;4;0;1;0;1;0;0;0;0;0;0
11;7;7100102.0;2018;6;18;6;3;5;3;0;0;1;0;0;0;0;0;0;0
11;2;2300315.0;2018;6;2;5;3;5;2;2;1;1;0;0;0;0;0;0;0
11;1;1100415.0;2018;7;16;2;3;0;1;0;1;0;0;0;0;0;0;0;0
11;4;4501148.0;2018;6;19;5;3;5;2;0;1;1;0;0;0;0;0;0;0
11;8;8100102.0;2018;6;16;6;3;0;7;0;0;0;0;1;0;0;0;0;0
11;1;1100313.0;2018;6;18;5;2;2;2;0;1;1;0;0;0;0;0;0;0
11;9;9200819.0;2018;7;12;1;3;2;2;0;0;1;0;0;0;0;0;0;0
11;1;1401044.0;2018;6;18;5;3;5;2;0;0;1;0;1;0;0;0;0;0
11;4;4200310.0;2018;6;13;7;2;5;3;0;1;1;0;0;0;0;0;0;0
11;9;9200715.0;2018;6;18;5;3;5;2;0;1;1;0;0;0;0;0;0;0
11;5;5400943.0;2018;6;17;7;3;1;5;0;0;1;0;1;0;0;0;0;0
11;3;3601141.0;2018;6;18;5;3;5;3;0;0;1;0;1;0;0;0;0;0
11;7;7501030.0;2018;6;15;6;3;6;4;0;0;1;1;0;0;0;0;0;0
11;6;6200312.0;2018;6;17;5;3;5;3;0;1;0;0;0;0;0;0;0;0
11;3;3601142.0;2018;7;11;2;3;6;4;0;0;1;1;0;0;0;0;0;0
11;11;11501341.0;2018;6;8;5;3;5;3;0;1;1;0;0;0;0;0;0;0
11;6;6200421.0;2018;6;17;6;3;5;2;0;0;1;0;1;0;0;0;0;0
11;6;6200421.0;2018;7;14;1;2;5;2;0;0;1;0;0;0;0;0;0;0
11;12;12200412.0;2018;6;16;5;3;5;2;0;0;1;0;0;0;0;0;0;0
11;6;6400735.0;2018;6;10;7;2;0;2;0;1;0;0;0;0;1;0;0;0
11;6;6200420.0;2018;6;16;5;3;5;3;0;0;1;0;0;0;0;0;0;0
11;12;12601031.0;2018;6;13;6;3;5;2;0;0;1;0;1;0;0;0;0;0
11;5;5100316.0;2018;6;15;5;3;5;5;0;0;1;0;1;0;0;0;0;0
11;1;1100206.0;2018;7;7;2;3;2;2;0;0;1;0;0;0;0;0;0;0
11;12;12200515.0;2018;6;15;5;3;1;5;0;1;1;0;0;0;0;0;0;0
11;5;5200528.0;2018;6;8;6;3;2;6;0;0;1;0;0;0;0;0;0;0
11;3;3300517.0;2018;6;15;6;3;5;7;0;0;1;0;1;0;0;0;0;0
11;2;2200209.0;2018;6;15;5;3;6;4;0;0;0;1;1;0;0;0;0;0
11;1;1100102.0;2018;7;8;2;2;5;2;0;1;1;0;0;0;0;0;0;0
11;11;11501339.0;2018;6;9;5;3;5;3;0;0;1;0;0;0;1;0;0;0
11;1;1200628.0;2018;6;8;6;3;0;7;0;0;0;1;0;0;1;0;0;0
11;9;9501939.0;2018;7;3;1;2;6;4;2;0;1;1;0;0;0;0;0;0
11;3;3100103.0;2018;6;8;5;3;3;6;0;1;1;0;0;0;0;0;0;0
11;4;4300416.0;2018;6;4;7;3;1;5;0;1;1;0;0;0;0;0;0;0
11;1;1300834.0;2018;6;15;5;2;3;5;0;0;0;0;1;0;1;0;0;0
11;4;4500939.0;2018;6;14;5;3;5;3;0;1;1;0;0;0;0;0;0;0
11;1;1100207.0;2018;6;6;6;3;5;3;0;0;1;0;0;0;1;0;0;0
11;6;6300528.0;2018;6;14;5;3;6;2;0;0;1;1;0;0;0;0;0;0
11;3;3400830.0;2018;7;20;1;3;0;3;1;0;1;0;0;0;1;0;0;0
11;2;2400623.0;2018;6;14;5;3;2;2;0;0;1;0;0;0;1;0;0;0
11;4;4500937.0;2018;6;8;6;3;5;2;0;1;0;0;0;1;0;0;0;0
11;1;1200623.0;2018;6;18;7;3;5;2;0;0;1;0;0;0;0;0;0;0
11;1;1200518.0;2018;6;13;5;3;3;6;0;1;0;0;0;0;1;0;0;0
11;1;1200629.0;2018;6;17;6;3;5;2;0;1;1;0;0;0;0;0;0;0
11;2;2300314.0;2018;6;22;7;3;6;7;1;1;0;1;0;0;0;0;0;0
11;12;12200515.0;2018;6;13;5;3;2;6;0;0;1;0;0;1;0;0;0;0
11;2;2500727.0;2018;6;12;5;3;1;5;0;0;1;0;0;0;0;0;0;0
11;8;8100206.0;2018;6;7;6;3;6;7;0;0;1;1;0;0;0;0;0;0
11;12;12500928.0;2018;6;7;5;3;0;1;0;1;0;0;0;0;0;0;0;0
11;6;6400737.0;2018;6;12;5;3;1;5;0;1;1;0;0;0;0;0;0;0
11;4;4500939.0;2018;6;8;5;3;1;5;0;1;1;0;0;0;0;0;0;0
11;5;5300737.0;2018;7;16;1;3;0;1;0;0;1;0;0;0;0;0;0;0
11;9;9501737.0;2018;6;9;5;2;2;2;0;1;1;0;0;0;0;0;0;0
11;7;7100103.0;2018;6;8;6;3;5;3;0;1;0;0;0;0;0;0;0;0
11;12;12200310.0;2018;6;18;7;3;3;2;0;0;1;0;1;0;0;0;0;0
11;4;4200310.0;2018;6;9;5;3;6;7;0;0;1;1;0;0;0;0;0;0
11;12;12200310.0;2018;6;19;4;3;3;2;0;0;1;0;0;0;0;0;0;0
11;2;2200213.0;2018;6;20;6;2;5;3;0;1;1;0;0;0;0;0;0;0
11;4;4300416.0;2018;6;20;4;3;2;6;0;0;1;0;0;0;0;0;0;0
11;1;1300836.0;2018;7;13;2;3;6;7;0;0;1;1;0;0;0;0;0;0
11;4;4501146.0;2018;6;19;4;3;5;2;0;1;0;0;0;0;0;0;0;0
11;8;8200833.0;2018;6;8;6;3;6;2;0;0;1;1;0;0;0;0;0;0
11;7;7300517.0;2018;6;7;4;3;7;7;0;1;0;0;0;0;0;0;0;0
11;11;11501238.0;2018;6;18;4;3;2;6;0;1;1;0;0;0;0;0;0;0
11;9;9200716.0;2018;6;8;6;3;5;2;0;0;1;0;1;0;0;0;0;0
11;9;9200819.0;2018;6;16;4;2;5;2;0;0;0;0;1;0;1;0;0;0
11;8;8200622.0;2018;7;14;1;3;0;1;0;0;0;0;1;0;0;0;0;0
11;2;2100106.0;2018;6;21;4;3;5;3;1;0;1;0;0;0;0;0;0;0
11;7;7200409.0;2018;6;16;7;3;3;6;0;1;1;0;0;0;0;0;0;0
11;9;9401635.0;2018;6;20;4;3;2;2;0;1;1;0;0;0;0;0;0;0
11;11;11501340.0;2018;6;15;6;3;5;2;0;0;1;0;0;0;0;0;0;0
11;9;9100304.0;2018;6;20;4;3;1;5;0;0;1;0;0;0;1;0;0;0
11;1;1300836.0;2018;7;9;2;2;5;7;0;0;1;0;0;0;0;0;0;0
11;8;8401243.0;2018;6;20;4;3;5;7;0;1;1;0;0;0;0;0;0;0
11;11;11501341.0;2018;6;7;6;3;3;6;0;1;1;0;0;0;0;0;0;0
11;10;10100102.0;2018;7;13;1;2;0;2;0;1;1;0;0;0;0;0;0;0
11;4;4501153.0;2018;6;20;4;3;3;6;0;1;1;0;0;0;0;0;0;0
11;5;5100316.0;2018;6;9;7;3;0;5;0;0;1;0;1;0;0;0;0;0
11;8;8100521.0;2018;7;7;1;3;5;2;0;0;1;0;0;0;0;0;0;0
11;8;8100103.0;2018;6;19;4;3;5;7;0;0;1;0;1;0;0;0;0;0
11;7;7300619.0;2018;6;12;7;3;5;7;0;1;1;0;0;0;0;0;0;0
11;3;3500933.0;2018;6;10;4;3;0;3;0;0;1;0;1;0;0;0;0;0
11;1;1100313.0;2018;6;14;6;3;1;5;0;1;1;0;0;0;0;0;0;0
11;10;10100208.0;2018;6;19;4;3;5;3;0;1;1;0;0;0;0;0;0;0
11;11;11300617.0;2018;7;8;2;3;5;2;0;1;1;0;0;0;0;0;0;0
11;9;9300920.0;2018;6;19;4;3;5;3;0;1;1;0;0;0;0;0;0;0
11;9;9502043.0;2018;6;8;6;3;5;7;0;1;1;0;0;0;0;0;0;0
11;4;4200308.0;2018;7;19;1;2;5;3;0;0;1;0;0;0;1;0;0;0
11;8;8100312.0;2018;6;19;4;3;3;6;0;1;0;0;0;1;0;0;0;0
11;2;2100104.0;2018;6;0;7;3;5;3;2;1;1;0;0;0;0;0;0;0
11;12;12601235.0;2018;6;18;4;3;6;2;0;0;1;1;0;0;0;0;0;0
11;5;5300736.0;2018;6;18;4;3;5;3;0;1;1;0;0;0;0;0;0;0
11;2;2200212.0;2018;6;10;6;3;4;6;0;1;0;0;0;0;0;0;0;0
11;3;3601346.0;2018;6;17;4;3;5;2;0;0;1;0;1;0;0;0;0;0
11;4;4300620.0;2018;7;19;1;3;5;7;0;1;1;0;0;0;0;0;0;0
11;8;8200832.0;2018;6;16;4;3;5;2;0;0;1;0;1;0;0;0;0;0
11;11;11300721.0;2018;6;12;6;3;2;6;0;0;1;0;0;0;0;0;0;0
11;1;1100206.0;2018;6;16;4;3;5;3;0;1;1;0;0;0;0;0;0;0
11;6;6200312.0;2018;7;7;2;3;5;2;0;1;1;0;0;0;0;0;0;0
11;2;2100106.0;2018;6;16;4;3;5;3;0;1;1;0;0;0;0;0;0;0
11;10;10200422.0;2018;6;7;6;3;5;3;0;1;1;0;0;0;0;0;0;0
11;2;2100104.0;2018;6;20;7;3;5;2;0;1;1;0;0;0;0;0;0;0
11;6;6400844.0;2018;6;17;4;3;5;2;0;1;1;0;0;0;0;0;0;0
11;4;4400830.0;2018;6;15;4;3;0;2;0;1;0;0;0;0;1;0;0;0
11;3;3100101.0;2018;6;15;6;2;2;6;0;1;0;0;0;0;1;0;0;0
11;8;8100312.0;2018;6;17;4;3;2;2;0;1;1;0;0;0;0;0;0;0
11;6;6300528.0;2018;6;15;4;3;2;2;0;0;1;0;0;0;0;0;0;0
11;3;3300515.0;2018;6;18;4;2;2;6;0;0;1;0;0;0;0;0;0;0
11;8;8200623.0;2018;7;15;1;3;2;6;0;0;1;0;0;0;0;0;0;0
11;1;1300836.0;2018;6;19;4;3;0;1;0;0;0;0;0;0;1;0;0;0
11;7;7300619.0;2018;6;17;7;3;2;6;0;0;1;0;0;0;0;0;0;0
11;7;7400823.0;2018;6;14;4;3;5;2;0;1;1;0;0;0;0;0;0;0
11;4;4501045.0;2018;6;14;4;3;2;7;0;0;1;0;1;0;0;0;0;0
11;12;12400617.0;2018;6;7;6;3;5;3;0;1;1;0;0;0;0;0;0;0
11;5;5100208.0;2018;6;18;7;3;5;3;0;1;1;0;0;0;0;0;0;0
11;12;12400721.0;2018;6;14;4;3;6;2;0;0;1;1;0;0;0;0;0;0
11;8;8100310.0;2018;6;13;4;3;3;6;0;1;1;0;0;0;0;0;0;0
11;8;8100104.0;2018;6;18;6;2;6;4;0;0;1;1;0;0;0;0;0;0
11;5;5100103.0;2018;6;13;4;3;0;7;0;1;0;0;0;0;0;0;0;0
11;9;9502043.0;2018;7;14;2;3;6;4;0;0;0;1;1;0;0;0;0;0
11;2;2200209.0;2018;6;13;4;3;5;2;0;1;1;0;0;0;0;0;0;0
11;1;1200624.0;2018;6;6;6;3;5;2;0;1;1;0;0;0;0;0;0;0
11;9;9502042.0;2018;6;13;4;3;6;7;0;0;1;1;0;0;0;0;0;0
11;9;9300923.0;2018;7;13;1;3;2;2;0;0;1;0;0;0;0;0;0;0
11;5;5100317.0;2018;7;18;3;3;5;2;0;0;0;0;1;0;1;0;0;0
11;5;5200423.0;2018;6;13;4;3;0;7;0;1;0;0;0;0;0;0;0;0
11;1;1100310.0;2018;7;18;3;3;5;2;0;1;1;0;0;0;0;0;0;0
11;9;9401534.0;2018;6;14;7;3;5;2;0;1;0;0;0;0;1;0;0;0
11;10;10100314.0;2018;7;18;3;3;5;3;0;0;1;0;0;0;0;0;0;0
11;9;9501939.0;2018;6;13;4;3;5;3;0;0;1;0;0;0;0;0;0;0
11;7;7501030.0;2018;7;18;3;3;6;4;0;1;0;1;0;0;0;0;0;0
11;2;2200208.0;2018;6;19;6;3;5;3;0;0;1;0;1;0;0;0;0;0
11;1;1200629.0;2018;6;10;4;3;5;7;0;1;1;0;0;0;0;0;0;0
11;12;12200412.0;2018;7;9;2;2;6;2;0;0;1;1;0;0;0;0;0;0
11;1;1100310.0;2018;7;17;3;3;3;6;0;1;0;0;0;0;0;0;0;0
11;7;7100101.0;2018;6;12;4;3;6;4;0;0;1;1;0;0;0;0;0;0
11;1;1300835.0;2018;6;15;6;3;5;3;0;1;1;0;0;0;0;0;0;0
11;5;5200420.0;2018;6;12;4;2;5;3;0;1;1;0;0;0;0;0;0;0
11;10;10100210.0;2018;7;12;2;3;0;4;0;0;0;1;0;0;1;0;0;0
11;11;11100204.0;2018;7;18;3;3;5;2;0;1;1;0;0;0;0;0;0;0
11;12;12200308.0;2018;6;12;4;3;1;5;0;1;1;0;0;0;0;0;0;0
11;2;2100105.0;2018;7;18;3;3;5;3;0;1;0;0;0;0;0;0;0;0
11;10;10300731.0;2018;6;6;6;2;5;3;0;1;1;0;0;0;0;0;0;0
11;1;1300836.0;2018;7;20;1;2;5;3;0;1;1;0;0;0;0;0;0;0
11;4;4100101.0;2018;7;19;3;3;2;2;0;1;1;0;0;0;0;0;0;0
11;4;4300623.0;2018;6;11;4;2;6;7;0;0;0;1;0;1;0;0;0;0
11;2;2500835.0;2018;7;17;3;3;5;3;0;0;1;0;0;0;0;0;0;0
11;6;6300633.0;2018;6;10;7;3;5;3;0;1;1;0;0;0;0;0;0;0
11;3;3200206.0;2018;7;17;3;3;5;3;0;1;1;0;0;0;0;0;0;0
11;2;2500830.0;2018;6;10;4;3;5;2;0;0;1;0;1;0;0;0;0;0
11;4;4200207.0;2018;7;16;3;3;4;6;0;1;1;0;0;0;0;0;0;0
11;1;1100311.0;2018;6;13;6;3;0;1;0;0;0;0;1;0;0;0;0;0
11;2;2100102.0;2018;6;9;4;3;0;6;0;1;0;0;0;1;0;0;0;0
11;3;3100102.0;2018;7;7;2;3;5;3;0;1;1;0;0;0;0;0;0;0
11;4;4400835.0;2018;7;15;3;3;1;5;0;1;1;0;0;0;0;0;0;0
11;1;1100310.0;2018;6;9;4;3;5;2;0;1;0;0;0;0;1;0;0;0
11;1;1200522.0;2018;7;15;3;3;6;4;0;0;1;1;0;0;0;0;0;0
11;5;5300737.0;2018;6;3;6;3;1;1;2;0;1;0;0;0;1;0;0;0
11;10;10200421.0;2018;6;22;7;3;5;2;2;0;1;0;0;0;0;0;0;0
11;4;4500938.0;2018;7;15;3;3;1;5;0;1;0;0;0;0;1;0;0;0
11;8;8200624.0;2018;6;8;4;3;5;2;0;1;0;0;0;0;1;0;0;0
11;7;7100204.0;2018;7;15;3;3;1;5;0;1;1;0;0;0;0;0;0;0
11;12;12601236.0;2018;6;8;4;3;2;6;0;0;1;0;0;0;0;0;0;0
11;1;1100205.0;2018;7;15;3;3;5;3;0;1;1;0;0;0;0;0;0;0
11;3;3300412.0;2018;6;18;6;3;5;3;0;1;1;0;0;0;0;0;0;0
11;7;7400824.0;2018;7;7;1;2;5;3;0;0;1;0;0;0;1;0;0;0
11;8;8100417.0;2018;7;14;3;3;1;5;0;0;1;0;0;0;1;0;0;0
11;2;2200210.0;2018;6;8;4;3;5;2;0;1;0;0;0;0;1;0;0;0
11;1;1100312.0;2018;7;14;3;3;5;3;0;1;1;0;0;0;0;0;0;0
11;2;2200209.0;2018;6;7;7;3;5;2;0;1;1;0;0;0;0;0;0;0
11;6;6200420.0;2018;7;14;3;3;2;6;0;0;1;0;0;0;0;0;0;0
11;1;1100312.0;2018;6;7;4;3;5;3;0;1;1;0;0;0;0;0;0;0
11;9;9200510.0;2018;7;18;3;3;2;6;0;0;1;0;0;0;0;0;0;0
11;10;10400939.0;2018;6;7;4;2;5;3;0;1;1;0;0;0;0;0;0;0
11;9;9100101.0;2018;6;11;6;3;5;3;0;1;1;0;0;0;0;0;0;0
11;11;11300725.0;2018;6;6;4;3;0;1;0;1;1;0;0;0;0;0;0;0
11;7;7501029.0;2018;7;0;2;3;0;1;2;0;1;0;1;0;0;0;0;0
11;6;6400838.0;2018;7;14;3;2;5;2;0;0;1;0;0;0;0;0;0;0
11;2;2100102.0;2018;6;0;4;3;5;3;2;0;1;0;0;0;0;0;0;0
11;12;12500930.0;2018;7;17;3;3;5;2;0;0;1;0;0;0;0;0;0;0
11;4;4501042.0;2018;6;22;6;3;2;6;2;0;1;0;0;0;0;0;0;0
11;2;2400521.0;2018;6;19;7;3;5;2;0;1;1;0;0;0;0;0;0;0
11;11;11300721.0;2018;7;15;3;3;2;6;0;0;1;0;0;0;0;0;0;0
11;5;5100316.0;2018;6;9;3;3;2;6;0;0;1;0;0;0;0;0;0;0
11;5;5100313.0;2018;7;14;3;2;0;6;0;0;0;0;0;0;1;0;0;0
11;8;8100206.0;2018;6;21;3;3;5;3;2;0;1;0;0;0;1;0;0;0
11;4;4100101.0;2018;6;16;6;3;2;2;0;0;1;0;1;0;0;0;0;0
11;1;1401043.0;2018;6;19;3;2;5;2;0;0;1;0;0;0;0;0;0;0
11;4;4200206.0;2018;7;12;3;2;5;2;0;0;1;0;1;0;0;0;0;0
11;9;9200512.0;2018;6;18;3;3;2;6;0;0;1;0;0;0;1;0;0;0
11;4;4300624.0;2018;6;22;6;3;1;5;2;1;1;0;0;0;0;0;0;0
11;6;6300634.0;2018;6;19;6;3;6;4;0;0;0;1;0;0;1;0;0;0
11;12;12100205.0;2018;6;18;3;3;2;2;0;1;1;0;0;0;0;0;0;0
11;2;2400625.0;2018;7;12;3;3;6;4;0;0;1;1;0;0;0;0;0;0
11;6;6100209.0;2018;6;17;3;3;1;5;0;1;1;0;0;0;0;0;0;0
11;3;3601142.0;2018;6;10;6;3;2;7;0;1;1;0;0;0;0;0;0;0
11;2;2300314.0;2018;6;10;3;3;4;7;0;1;0;0;0;0;0;0;0;0
11;8;8401242.0;2018;7;18;1;3;5;3;0;0;1;0;0;0;0;0;0;0
11;7;7200409.0;2018;7;12;3;3;1;5;0;1;1;0;0;0;0;0;0;0
11;12;12100103.0;2018;6;17;3;2;5;2;0;1;1;0;0;0;0;0;0;0
11;2;2100102.0;2018;7;12;3;3;5;2;0;1;1;0;0;0;0;0;0;0
11;4;4200206.0;2018;6;13;6;3;6;2;0;0;1;1;0;0;0;0;0;0
11;8;8100207.0;2018;6;18;7;3;3;6;0;0;0;0;1;0;1;0;0;0
11;7;7501029.0;2018;6;17;3;3;2;6;0;0;1;0;0;0;0;0;0;0
11;5;5100313.0;2018;7;13;3;2;6;4;0;0;1;1;0;0;0;0;0;0
11;11;11300722.0;2018;6;16;3;3;2;7;0;0;1;0;0;0;0;0;0;0
11;8;8200730.0;2018;6;19;6;3;5;7;0;1;1;0;0;0;0;0;0;0
11;3;3601346.0;2018;6;16;3;2;5;3;0;1;1;0;0;0;0;0;0;0
11;10;10300734.0;2018;7;13;2;3;5;2;0;0;1;0;1;0;0;0;0;0
11;4;4400728.0;2018;7;13;3;3;5;3;0;0;1;0;0;0;0;0;0;0
11;9;9100305.0;2018;6;16;3;2;5;3;0;1;1;0;0;0;0;0;0;0
11;4;4501042.0;2018;6;14;6;3;2;6;0;0;1;0;0;0;0;0;0;0
11;3;3601244.0;2018;7;7;1;3;5;3;0;0;1;0;0;0;0;0;0;0
11;10;10100311.0;2018;7;11;3;3;5;2;0;1;1;0;0;0;0;0;0;0
11;1;1300835.0;2018;6;15;3;3;5;3;0;1;1;0;0;0;0;0;0;0
11;2;2100102.0;2018;7;10;3;3;6;4;0;1;0;1;0;0;0;0;0;0
11;2;2100106.0;2018;6;15;3;2;6;7;0;0;1;1;0;0;0;0;0;0
11;11;11300721.0;2018;7;14;1;3;2;6;0;0;1;0;0;0;0;0;0;0
11;9;9200717.0;2018;7;10;3;3;3;6;0;0;1;0;1;0;0;0;0;0
11;4;4400726.0;2018;6;14;3;3;5;3;0;0;1;0;0;0;1;0;0;0
11;4;4300620.0;2018;7;10;3;3;5;2;0;1;1;0;0;0;0;0;0;0
11;11;11300620.0;2018;6;16;7;2;6;4;0;0;0;1;1;0;0;0;0;0
11;3;3701657.0;2018;7;9;3;3;5;2;0;1;1;0;0;0;0;0;0;0
11;1;1100308.0;2018;6;13;3;3;5;3;0;1;1;0;0;0;0;0;0;0
11;3;3300516.0;2018;6;15;6;2;3;6;0;0;1;0;1;0;0;0;0;0
11;4;4100101.0;2018;6;12;3;3;3;6;0;0;1;0;1;0;0;0;0;0