LAND;BEZ;LOR_ab_2021;UJAHR;UMONAT;USTUNDE;UWOCHENTAG;UKATEGORIE;UART;UTYP1;ULICHTVERH;IstRad;IstPKW;IstFuss;IstKrad;IstGkfz;IstSonstige;USTRZUSTAND;LOCKDOWN;COVID
11;12;12500930.0;2018;7;10;2;3;0;2;0;1;1;0;0;0;0;0;0;0
11;5;5200632.0;2018;7;9;3;3;0;2;0;1;1;0;0;0;0;0;0;0
11;12;12200412.0;2018;6;12;3;3;2;6;0;0;1;0;0;0;0;0;0;0
11;10;10200526.0;2018;7;8;3;3;5;3;0;1;1;0;0;0;0;0;0;0
11;6;6300528.0;2018;6;10;6;3;2;6;0;0;1;0;1;0;0;0;0;0
11;9;9200715.0;2018;7;13;1;2;5;2;0;0;1;0;0;0;1;0;0;0
11;6;6300633.0;2018;7;8;3;3;2;2;0;0;1;0;0;0;0;0;0;0
11;9;9200613.0;2018;6;11;3;3;5;3;0;1;1;0;0;0;0;0;0;0
11;5;5200632.0;2018;7;8;3;3;5;2;0;1;0;0;0;1;0;0;0;0
11;1;1200522.0;2018;6;9;7;3;5;3;0;1;1;0;0;0;0;0;0;0
11;6;6300633.0;2018;7;7;3;3;5;3;0;1;1;0;0;0;0;0;0;0
11;1;1200522.0;2018;6;10;3;3;6;7;0;0;1;1;0;0;0;0;0;0
11;5;5100316.0;2018;7;7;3;3;4;6;0;1;0;0;0;0;0;0;0;0
11;1;1100101.0;2018;6;13;6;3;2;6;0;0;1;0;1;0;0;0;0;0
11;4;4501040.0;2018;6;12;7;3;1;5;0;1;1;0;0;0;0;0;0;0
11;9;9100305.0;2018;7;7;3;3;5;3;0;0;1;0;1;0;0;0;0;0
11;6;6300632.0;2018;6;8;3;3;6;4;0;0;0;1;1;0;0;0;0;0
11;10;10200629.0;2018;7;7;3;3;5;3;0;1;1;0;0;0;0;0;0;0
11;6;6100208.0;2018;6;10;6;3;5;3;0;1;1;0;0;0;0;0;0;0
11;2;2500727.0;2018;6;7;3;3;5;2;0;1;1;0;0;0;0;0;0;0
11;4;4500939.0;2018;7;8;2;3;0;2;0;0;1;0;0;0;1;0;0;0
11;12;12500930.0;2018;7;7;3;3;5;2;0;1;1;0;0;0;0;0;0;0
11;1;1100207.0;2018;6;7;3;2;5;3;0;1;1;0;0;0;0;0;0;0
11;11;11300617.0;2018;7;7;3;3;2;6;0;0;1;0;0;0;1;0;0;0
11;1;1200519.0;2018;6;7;6;3;0;1;0;1;0;0;0;0;0;0;0;0
11;11;11501238.0;2018;7;0;1;2;5;3;2;1;1;0;0;0;0;0;0;0
11;2;2500836.0;2018;7;7;3;3;5;2;0;1;1;0;0;0;0;0;0;0
11;7;7200412.0;2018;6;7;3;3;1;5;0;1;1;0;0;0;0;0;0;0
11;4;4501041.0;2018;7;12;3;3;2;6;0;0;1;0;0;0;0;0;0;0
11;5;5100313.0;2018;6;4;7;2;5;3;0;1;1;0;0;0;0;0;0;0
11;3;3400618.0;2018;7;6;3;3;5;3;0;0;1;0;1;0;0;0;0;0
11;4;4300621.0;2018;6;17;3;3;0;4;0;1;0;1;0;0;0;0;0;0
11;1;1100207.0;2018;7;9;3;3;5;2;0;1;1;0;0;0;0;0;0;0
11;4;4100101.0;2018;6;6;3;3;5;2;0;0;1;0;0;0;0;0;0;0
11;11;11501339.0;2018;6;11;6;3;5;2;0;1;1;0;0;0;0;0;0;0
11;12;12200309.0;2018;6;15;3;3;2;6;0;0;1;0;1;0;0;0;0;0
11;1;1200628.0;2018;7;19;1;3;3;6;0;0;1;0;0;0;1;0;0;0
11;3;3300516.0;2018;7;7;3;3;0;6;0;1;1;0;0;0;0;0;0;0
11;4;4501042.0;2018;6;17;3;3;2;6;0;0;1;0;1;0;0;0;0;0
11;10;10200629.0;2018;7;7;3;3;2;6;0;0;1;0;0;0;0;0;0;0
11;4;4300620.0;2018;6;7;6;2;1;5;0;1;1;0;0;0;0;0;0;0
11;2;2500833.0;2018;6;18;7;3;5;2;0;1;1;0;0;0;0;0;0;0
11;3;3601141.0;2018;6;9;3;3;3;6;0;1;0;0;0;0;0;0;0;0
11;8;8100521.0;2018;7;7;2;3;5;3;0;1;1;0;0;0;0;0;0;0
11;6;6100204.0;2018;7;7;3;3;1;5;0;0;1;0;0;0;0;0;0;0
11;4;4300619.0;2018;6;16;3;2;5;3;0;0;0;0;1;0;1;0;0;0
11;3;3400620.0;2018;7;8;3;3;1;5;0;0;1;0;0;0;0;0;0;0
11;11;11501238.0;2018;6;6;6;3;5;3;0;1;1;0;0;0;0;0;0;0
11;9;9100407.0;2018;6;21;7;2;6;4;1;0;1;1;0;0;0;0;0;0
11;4;4501045.0;2018;7;8;3;2;6;4;0;0;1;1;0;0;0;0;0;0
11;1;1300834.0;2018;6;14;3;3;6;7;0;1;0;1;0;0;0;0;0;0
11;7;7100102.0;2018;7;9;3;3;0;1;0;1;0;0;0;0;0;0;0;0
11;1;1100103.0;2018;6;9;3;3;2;2;0;0;1;0;0;0;0;1;0;0
11;2;2500727.0;2018;6;7;6;3;5;3;0;1;1;0;0;0;0;0;0;0
11;9;9501736.0;2018;6;15;3;3;2;2;0;1;1;0;0;0;0;0;0;0
11;8;8100105.0;2018;7;23;2;3;5;3;2;0;1;0;1;0;0;0;0;0
11;6;6400735.0;2018;6;16;3;3;0;1;0;0;0;0;1;0;0;0;0;0
11;3;3601244.0;2018;6;9;3;2;0;1;0;1;0;0;0;0;0;0;0;0
11;4;5300840.0;2018;7;16;1;3;2;6;0;0;1;0;0;0;0;0;0;0
11;3;3601141.0;2018;7;16;2;3;6;4;0;1;0;1;0;0;0;0;0;0
11;9;9200613.0;2018;6;20;2;3;1;5;0;1;1;0;0;0;0;0;0;0
11;8;8401243.0;2018;7;7;2;3;3;6;0;1;0;0;0;0;1;0;0;0
11;12;12200310.0;2018;6;9;6;3;5;2;0;1;0;0;0;1;0;0;0;0
11;9;9301025.0;2018;6;17;7;3;1;7;0;1;1;0;0;0;0;0;0;0
11;4;4400835.0;2018;7;20;2;3;5;2;0;0;1;0;1;0;0;0;0;0
11;1;1300732.0;2018;6;8;2;2;3;6;0;1;0;0;0;0;0;0;0;0
11;5;5100313.0;2018;6;20;6;2;5;2;0;1;1;0;0;0;0;0;0;0
11;5;5100316.0;2018;6;20;2;3;5;2;0;1;0;0;0;0;1;0;0;0
11;1;1100416.0;2018;6;20;2;3;5;2;0;1;1;0;0;0;0;0;0;0
11;7;7100102.0;2018;7;18;2;3;6;7;0;0;1;1;0;0;0;0;0;0
11;3;3601141.0;2018;6;20;2;3;2;6;0;0;1;0;0;0;1;0;0;0
11;9;9200818.0;2018;6;18;6;3;0;1;0;0;0;0;1;0;0;0;0;0
11;7;7501133.0;2018;6;20;2;2;5;2;0;0;1;0;0;0;0;0;0;0
11;8;8200623.0;2018;7;14;2;3;3;6;0;1;1;0;0;0;0;0;0;0
11;1;1100102.0;2018;7;18;2;3;0;7;0;1;1;0;0;0;0;0;0;0
11;1;1200522.0;2018;6;20;2;3;5;7;1;0;1;0;0;0;0;0;0;0
11;6;6400841.0;2018;6;14;6;3;2;6;0;0;1;0;0;0;0;0;0;0
11;4;4300619.0;2018;6;19;2;3;2;3;0;0;1;0;0;0;0;0;0;0
11;4;4300518.0;2018;7;14;1;3;2;6;0;0;1;0;0;0;0;0;0;0
11;1;1100308.0;2018;7;18;2;3;1;1;0;1;1;0;0;0;0;0;0;0
11;5;5200632.0;2018;6;18;2;3;2;6;0;0;1;0;0;0;0;0;0;0
11;12;12100205.0;2018;7;17;2;3;2;2;0;0;1;0;0;0;0;0;0;0
11;2;2200210.0;2018;6;14;7;3;5;2;0;1;1;0;0;0;0;0;0;0
11;7;7100205.0;2018;7;16;2;3;6;2;0;0;1;1;0;0;0;0;0;0
11;1;1401043.0;2018;6;18;2;3;5;3;0;0;1;0;0;0;0;0;0;0
11;12;12200309.0;2018;6;15;6;3;5;3;0;0;1;0;1;0;0;0;0;0
11;2;2400520.0;2018;6;18;2;3;5;2;0;1;1;0;0;0;0;0;0;0
11;7;7200307.0;2018;7;9;2;3;2;2;0;1;1;0;0;0;0;0;0;0
11;3;3701554.0;2018;7;16;2;3;5;2;0;1;1;0;0;0;0;0;0;0
11;3;3400619.0;2018;6;17;2;3;5;3;0;1;1;0;0;0;0;0;0;0
11;1;1100309.0;2018;7;16;2;3;3;6;0;0;1;0;1;0;0;0;0;0
11;4;4300622.0;2018;6;10;6;3;5;3;0;1;1;0;0;0;0;0;0;0
11;12;12601133.0;2018;7;11;1;2;2;6;0;0;0;0;1;0;0;0;0;0
11;7;7100102.0;2018;7;16;2;3;0;2;0;0;0;0;0;0;1;0;0;0
11;9;9200715.0;2018;6;16;2;3;5;3;0;0;1;0;0;0;0;0;0;0
11;1;1100312.0;2018;7;13;2;3;5;3;0;1;1;0;0;0;0;0;0;0
11;9;9200511.0;2018;7;15;2;3;4;6;0;1;1;0;0;0;0;0;0;0
11;6;6400838.0;2018;6;16;2;3;0;2;0;1;1;0;0;0;0;0;0;0
11;8;8401246.0;2018;6;13;6;2;6;7;0;0;1;1;0;0;0;0;0;0
11;2;2100106.0;2018;7;22;1;2;5;3;2;0;1;0;0;0;0;0;0;0
11;2;2300419.0;2018;7;15;2;3;6;4;0;1;0;1;0;0;0;0;0;0
11;8;8200832.0;2018;6;16;2;3;1;5;0;0;1;0;0;0;0;0;0;0
11;7;7300517.0;2018;7;15;2;3;5;7;0;0;1;0;1;0;0;0;0;0
11;3;3400619.0;2018;6;11;7;3;2;2;0;0;1;0;0;0;0;0;0;0
11;8;8100312.0;2018;7;14;2;3;1;5;0;1;1;0;0;0;0;0;0;0
11;12;12200310.0;2018;6;16;2;3;2;6;0;0;1;0;0;0;0;0;0;0
11;6;6200422.0;2018;7;14;2;3;3;6;0;1;0;0;0;1;0;0;0;0
11;3;3200309.0;2018;6;7;6;3;5;2;0;1;1;0;0;0;0;0;0;0
11;6;6300634.0;2018;6;16;2;3;5;3;0;0;1;0;1;0;0;0;0;0
11;7;7300619.0;2018;7;7;2;3;1;5;0;1;1;0;0;0;0;0;0;0
11;3;3400724.0;2018;7;14;2;3;2;6;0;1;0;0;0;0;0;0;0;0
11;4;4501150.0;2018;6;14;2;3;1;6;0;0;1;0;0;0;0;0;0;0
11;2;2300419.0;2018;7;14;2;3;2;6;0;0;1;0;0;0;0;0;0;0
11;2;2100104.0;2018;6;17;5;3;1;5;0;1;1;0;0;0;0;0;0;0
11;8;8200726.0;2018;6;20;7;2;3;6;1;1;1;0;0;0;0;0;0;0
11;6;6300526.0;2018;6;13;2;3;5;3;0;1;1;0;0;0;0;0;0;0
11;9;9100407.0;2018;6;16;6;3;2;6;0;1;1;0;0;0;0;0;0;0
11;5;5100316.0;2018;7;13;4;3;0;2;0;1;1;0;0;0;0;0;0;0
11;11;11200411.0;2018;7;13;4;3;6;4;0;0;1;1;0;0;0;0;0;0
11;1;1300733.0;2018;7;8;7;3;5;7;0;0;1;0;0;0;0;0;0;0
11;10;10400939.0;2018;7;11;4;3;0;1;0;1;0;0;0;0;0;0;0;0
11;4;4300620.0;2018;7;16;6;3;5;3;0;1;1;0;0;0;0;0;0;0
11;2;2400521.0;2018;7;13;6;2;3;6;0;1;0;0;0;0;0;0;0;0
11;8;8100206.0;2018;7;10;4;3;5;7;0;0;1;0;0;0;0;0;0;0
11;1;1100206.0;2018;7;9;6;3;6;7;0;0;1;0;0;0;1;0;0;0
11;4;4100101.0;2018;7;10;4;3;5;2;0;0;1;0;0;0;0;0;0;0
11;1;1300834.0;2018;7;11;6;3;2;2;0;1;1;0;0;0;0;0;0;0
11;2;2200208.0;2018;7;9;4;3;1;5;0;1;1;0;0;0;0;0;0;0
11;2;2100106.0;2018;7;2;6;3;5;3;2;0;1;0;0;0;0;0;0;0
11;5;5100317.0;2018;7;7;6;3;1;5;0;1;1;0;0;0;0;0;0;0
11;1;1200627.0;2018;7;8;4;3;5;3;0;0;1;0;1;0;0;0;0;0
11;2;2400521.0;2018;7;2;6;3;5;2;2;0;1;0;0;0;0;0;0;0
11;4;4100101.0;2018;7;15;6;3;2;6;0;0;1;0;0;0;0;0;0;0
11;8;8200730.0;2018;7;8;4;3;1;7;0;0;1;0;0;0;1;0;0;0
11;1;1100102.0;2018;7;0;6;3;0;7;2;1;0;0;0;0;0;0;0;0
11;11;11200513.0;2018;7;16;4;3;0;1;0;0;0;0;1;0;0;0;0;0
11;9;9200715.0;2018;7;22;6;3;5;3;2;1;1;0;0;0;0;0;0;0
11;4;4500939.0;2018;7;17;6;3;5;2;0;0;1;0;0;0;0;0;0;0
11;2;2200210.0;2018;7;23;4;3;5;2;2;1;1;0;0;0;0;1;0;0
11;7;7400720.0;2018;7;20;6;3;4;6;1;1;1;0;0;0;0;0;0;0
11;4;4501042.0;2018;7;6;4;3;3;6;0;0;1;0;0;0;1;0;0;0
11;1;1100416.0;2018;7;20;6;3;1;5;0;1;1;0;0;0;0;0;0;0
11;11;11501238.0;2018;7;22;4;3;5;3;2;1;1;0;0;0;0;1;0;0
11;11;11200514.0;2018;7;19;6;3;5;3;0;1;1;0;0;0;0;0;0;0
11;9;9100101.0;2018;7;19;6;3;5;3;1;0;1;0;1;0;0;0;0;0
11;8;8100415.0;2018;7;6;4;3;5;3;0;0;1;0;0;0;0;0;0;0
11;8;8100311.0;2018;7;19;6;2;1;5;0;1;1;0;0;0;0;0;0;0
11;7;7300517.0;2018;7;19;6;3;5;2;0;1;1;0;0;0;0;0;0;0
11;11;11300721.0;2018;7;5;4;3;0;1;0;0;0;0;1;0;0;1;0;0
11;2;2100103.0;2018;7;19;6;3;5;3;0;1;0;0;0;0;0;0;0;0
11;10;10100311.0;2018;7;5;4;3;0;1;0;0;0;0;1;0;0;1;0;0
11;2;2100105.0;2018;7;0;4;3;5;3;2;1;1;0;0;0;0;1;0;0
11;6;6100205.0;2018;7;18;6;3;0;2;0;0;1;0;1;0;0;0;0;0
11;7;7601442.0;2018;7;0;4;3;5;2;2;0;1;0;0;0;0;1;0;0
11;12;12200309.0;2018;7;20;4;3;5;3;1;1;1;0;0;0;0;0;0;0
11;6;6300633.0;2018;7;16;6;3;2;6;0;1;0;0;0;0;1;0;0;0
11;11;11200512.0;2018;7;17;6;3;4;5;0;1;1;0;0;0;0;0;0;0
11;4;4500939.0;2018;7;17;4;3;5;3;0;0;1;0;1;0;0;1;0;0
11;1;1401049.0;2018;7;16;6;3;1;1;0;1;1;0;0;0;0;0;0;0
11;9;9401432.0;2018;7;17;4;3;5;3;0;0;1;0;0;0;1;0;0;0
11;3;3500934.0;2018;7;16;4;3;5;2;0;1;1;0;0;0;0;0;0;0
11;9;9100407.0;2018;7;16;6;3;3;2;0;1;1;0;0;0;0;0;0;0
11;4;4400835.0;2018;7;16;4;3;5;3;0;0;1;0;0;0;0;1;0;0
11;1;1100102.0;2018;7;16;4;3;2;6;0;0;1;0;1;0;0;1;0;0
11;7;7300619.0;2018;7;16;6;3;5;3;0;1;1;0;0;0;0;0;0;0
11;7;7601340.0;2018;7;16;4;3;2;2;0;0;1;0;0;0;0;1;0;0
11;3;3400723.0;2018;7;15;6;3;5;2;0;0;1;0;1;0;0;0;0;0
11;1;1100207.0;2018;7;16;4;3;1;5;0;1;1;0;0;0;1;1;0;0
11;1;1200628.0;2018;7;15;6;3;3;6;0;1;1;0;0;0;0;0;0;0
11;2;2400623.0;2018;7;16;4;3;6;2;0;0;1;1;0;0;0;0;0;0
11;11;11200512.0;2018;7;15;6;3;6;2;0;0;1;1;0;0;0;0;0;0
11;5;5100316.0;2018;7;16;4;3;5;3;0;0;1;0;1;0;0;1;0;0
11;3;3601140.0;2018;7;15;6;3;5;3;0;1;0;0;1;0;0;0;0;0
11;11;11400931.0;2018;7;16;4;3;5;2;0;0;1;0;0;0;0;0;0;0
11;4;4400830.0;2018;7;16;4;3;2;7;0;1;1;0;0;0;0;1;0;0
11;12;12200309.0;2018;7;15;6;3;2;6;0;0;1;0;0;0;0;0;0;0
11;4;4300416.0;2018;7;22;4;2;6;4;2;0;1;1;0;0;0;1;0;0
11;5;5100209.0;2018;7;19;4;2;2;6;0;0;1;0;0;0;0;0;0;0
11;7;7601238.0;2018;7;14;6;3;2;2;0;0;1;0;0;0;0;0;0;0
11;3;3400827.0;2018;7;18;4;3;1;5;0;1;1;0;0;0;0;1;0;0
11;9;9200511.0;2018;7;14;6;2;6;4;0;1;0;1;0;0;0;0;0;0
11;3;3701554.0;2018;7;12;6;3;2;6;0;1;1;0;0;0;0;0;0;0
11;9;9200819.0;2018;7;22;4;3;8;1;2;0;0;0;1;0;0;0;0;0
11;2;2300419.0;2018;7;12;6;3;1;5;0;1;0;0;0;1;0;0;0;0
11;11;11400927.0;2018;7;7;3;3;5;3;0;1;1;0;0;0;0;0;0;0
11;1;1200628.0;2018;7;18;3;3;5;2;0;1;1;0;0;0;0;0;0;0
11;3;3601449.0;2018;7;12;6;3;5;3;0;1;1;0;0;0;0;0;0;0
11;1;1100310.0;2018;7;23;3;3;5;2;2;1;0;0;0;0;1;1;0;0
11;6;6100102.0;2018;7;19;6;3;0;6;0;0;1;0;0;0;1;0;0;0
11;4;4300622.0;2018;7;15;3;3;5;2;0;1;1;0;0;0;0;0;0;0
11;1;1200627.0;2018;7;18;6;3;5;3;0;0;1;0;0;0;0;0;0;0
11;5;5200420.0;2018;7;19;6;3;2;6;0;0;1;0;0;0;0;0;0;0
11;2;2100101.0;2018;7;14;3;2;5;2;0;1;0;0;0;1;0;0;0;0
11;11;11501238.0;2018;7;19;6;3;2;6;0;0;1;0;0;0;0;0;0;0
11;2;2300316.0;2018;7;19;6;3;1;5;0;1;1;0;0;0;1;0;0;0
11;8;8100207.0;2018;7;11;3;3;5;5;0;0;1;0;0;0;0;0;0;0
11;9;9200511.0;2018;7;21;6;3;1;5;0;0;1;0;0;0;0;0;0;0
11;6;6200423.0;2018;7;11;3;3;5;2;0;1;1;0;0;0;0;0;0;0
11;12;12601235.0;2018;7;11;5;3;5;2;0;0;1;0;0;0;0;0;0;0
11;2;2100101.0;2018;7;10;3;3;1;5;0;0;0;0;1;0;1;0;0;0
11;2;2500832.0;2018;7;0;5;3;2;6;2;1;0;0;1;0;0;0;0;0
11;12;12200411.0;2018;7;9;5;3;3;6;0;0;1;0;0;0;1;0;0;0
11;3;3701657.0;2018;7;9;3;3;5;3;0;1;1;0;0;0;0;0;0;0
11;11;11200410.0;2018;7;14;5;3;5;7;0;0;1;0;1;0;0;0;0;0
11;1;1100102.0;2018;7;11;5;3;2;6;0;0;1;0;0;0;0;0;0;0
11;6;6400843.0;2018;7;9;3;3;1;7;0;0;1;0;0;0;1;0;0;0
11;1;1100309.0;2018;7;11;5;3;6;4;0;0;1;1;0;0;0;0;0;0
11;1;1401046.0;2018;7;10;5;3;2;6;0;0;1;0;0;0;0;0;0;0
11;5;5100312.0;2018;7;8;3;3;2;6;0;0;0;0;1;0;1;0;0;0
11;10;10100311.0;2018;7;9;5;2;5;3;0;1;1;0;0;0;0;0;0;0
11;2;2100106.0;2018;7;8;3;3;2;2;0;0;1;0;0;0;1;0;0;0
11;11;11100307.0;2018;7;19;1;3;1;5;0;1;1;0;0;0;0;0;0;0
11;4;4100101.0;2018;7;8;3;3;5;2;0;0;1;0;0;0;0;0;0;0
11;2;2500836.0;2018;7;9;5;3;5;7;0;1;1;0;0;0;0;0;0;0
11;7;7100103.0;2018;7;21;1;2;9;1;0;0;1;0;0;0;0;0;0;0
11;4;4300619.0;2018;7;9;5;3;5;2;0;1;1;0;0;0;0;0;0;0
11;8;8100102.0;2018;7;3;1;3;0;7;2;1;0;0;0;0;0;0;0;0
11;2;2500833.0;2018;7;8;3;3;5;2;0;1;1;0;0;0;0;0;0;0
11;1;1100312.0;2018;7;8;5;3;1;7;0;1;1;0;0;0;0;0;0;0
11;9;9501939.0;2018;7;8;3;3;2;6;0;0;1;0;0;0;1;0;0;0
11;12;12100101.0;2018;7;14;1;3;5;3;0;0;1;0;0;0;1;0;0;0
11;9;9200511.0;2018;7;14;7;3;0;2;0;1;1;0;0;0;0;0;0;0
11;8;8100520.0;2018;7;5;3;3;2;6;0;0;1;0;0;1;0;0;0;0
11;3;3200309.0;2018;7;6;5;3;5;3;0;1;1;0;0;0;0;0;0;0
11;7;7300618.0;2018;7;5;3;3;1;5;0;0;1;0;1;0;0;0;0;0
11;1;1100309.0;2018;7;12;7;2;6;4;0;0;1;1;0;0;0;0;0;0
11;4;4200203.0;2018;7;22;7;3;5;3;2;1;1;0;0;0;0;0;0;0
11;4;4300622.0;2018;7;15;3;3;2;7;0;0;0;0;0;1;1;0;0;0
11;1;1200520.0;2018;7;14;5;2;5;3;0;1;1;0;0;0;0;0;0;0
11;4;4300623.0;2018;7;11;3;2;5;3;0;1;1;0;0;0;0;0;0;0
11;2;2300314.0;2018;7;20;7;3;5;7;1;1;1;0;0;0;0;0;0;0
11;4;4300622.0;2018;7;13;3;2;5;2;0;0;1;0;0;0;0;0;0;0
11;5;5300737.0;2018;7;7;5;2;4;6;0;0;1;0;0;0;1;0;0;0
11;8;8200623.0;2018;7;9;3;2;6;3;0;0;1;1;0;0;0;0;0;0
11;2;2200210.0;2018;7;19;7;3;1;5;0;1;1;0;0;0;0;0;0;0
11;10;10100209.0;2018;7;14;5;3;2;6;0;0;1;0;0;0;0;0;0;0
11;8;8100418.0;2018;7;18;7;3;5;2;0;0;1;0;1;0;0;0;0;0
11;8;8100417.0;2018;7;9;3;2;4;1;0;0;1;0;0;1;1;0;0;0
11;4;4200311.0;2018;7;9;5;3;0;3;0;0;1;0;0;0;1;0;0;0
11;3;3601451.0;2018;7;12;3;3;5;3;0;1;1;0;0;0;0;0;0;0
11;10;10100312.0;2018;7;18;7;3;5;2;0;1;1;0;0;0;0;0;0;0
11;6;6200316.0;2018;7;16;7;3;5;2;0;0;1;0;0;0;0;0;0;0
11;4;4200311.0;2018;7;8;3;2;3;6;0;0;1;0;1;0;0;0;0;0
11;6;6400735.0;2018;7;0;5;3;8;1;2;0;1;0;0;0;0;0;0;0
11;4;4200311.0;2018;7;14;3;3;0;1;0;1;0;0;0;0;0;0;0;0
11;8;8100417.0;2018;7;14;7;3;3;6;0;1;0;0;0;0;1;0;0;0
11;11;11401032.0;2018;7;3;5;3;0;7;2;1;0;0;0;0;0;0;0;0
11;2;2100106.0;2018;7;22;3;2;2;6;2;0;1;0;0;0;0;0;0;0
11;2;2500833.0;2018;7;10;5;2;0;1;0;1;0;0;0;0;0;0;0;0
11;1;1300834.0;2018;7;14;7;3;6;4;0;0;1;1;0;0;0;0;0;0
11;4;4200309.0;2018;7;12;5;3;0;7;0;1;0;0;0;0;0;0;0;0
11;2;2500728.0;2018;7;13;7;3;5;3;0;0;1;0;0;0;0;0;0;0
11;9;9200717.0;2018;7;21;3;3;1;5;1;1;1;0;0;0;0;0;0;0
11;2;2500835.0;2018;7;19;3;3;0;6;0;0;1;0;1;0;0;0;0;0
11;6;6100208.0;2018;7;18;5;3;1;6;0;1;1;0;0;0;0;0;0;0
11;4;4300412.0;2018;7;18;3;3;3;6;0;0;1;0;0;0;0;0;0;0
11;5;5100103.0;2018;7;13;7;3;2;6;0;0;1;0;0;0;0;0;0;0
11;6;6400839.0;2018;7;19;5;3;1;5;0;1;0;0;0;0;1;0;0;0
11;12;12400721.0;2018;7;13;7;3;5;3;0;0;1;0;0;0;0;0;0;0
11;1;1100102.0;2018;7;17;3;3;3;2;0;0;1;0;1;0;0;0;0;0
11;2;2300316.0;2018;7;22;5;3;5;2;2;1;1;0;0;0;0;0;0;0
11;5;5100104.0;2018;7;17;3;3;5;2;0;0;1;0;1;0;0;0;0;0
11;5;5200528.0;2018;7;12;7;3;2;6;0;0;1;0;0;0;0;0;0;0
11;9;9501941.0;2018;7;10;7;3;5;3;0;0;1;0;0;0;0;0;0;0
11;12;12200412.0;2018;7;22;2;3;0;3;2;1;1;0;0;0;0;0;0;0
11;4;4100101.0;2018;7;21;5;3;2;6;1;0;1;0;0;0;0;0;0;0
11;8;8300934.0;2018;7;20;2;3;5;3;0;0;0;0;1;0;1;0;0;0
11;3;3400620.0;2018;7;20;5;3;2;2;0;0;1;0;0;0;0;0;0;0
11;6;6200312.0;2018;7;9;7;3;4;6;0;1;1;0;0;0;0;0;0;0
11;11;11200410.0;2018;7;15;5;3;6;7;0;1;0;1;0;0;0;0;0;0
11;2;2300314.0;2018;7;20;2;3;3;6;0;1;1;0;0;0;0;0;0;0
11;12;12400722.0;2018;7;18;5;3;2;6;0;0;1;0;0;0;0;0;0;0
11;7;7100206.0;2018;7;18;5;3;5;2;0;1;0;0;0;0;1;0;0;0
11;6;6200314.0;2018;7;10;7;3;2;6;0;0;1;0;0;0;0;0;0;0
11;4;4500939.0;2018;7;19;2;3;5;2;0;1;1;0;0;0;0;0;0;0
11;1;1100206.0;2018;7;18;5;3;2;2;0;0;1;0;0;0;0;0;0;0
11;2;2400521.0;2018;7;18;2;3;6;4;0;1;0;1;0;0;0;0;0;0
11;11;11401136.0;2018;7;9;7;3;5;2;0;1;1;0;0;0;0;0;0;0
11;3;3400723.0;2018;7;18;2;3;5;2;0;1;1;0;0;0;0;0;0;0
11;5;5100316.0;2018;7;18;5;3;5;2;0;0;0;0;1;0;1;0;0;0
11;1;1300836.0;2018;7;19;5;2;0;1;0;1;0;0;0;0;0;0;0;0
11;1;1300733.0;2018;7;17;2;3;2;6;0;0;1;0;1;0;0;0;0;0
11;6;6400844.0;2018;7;9;7;3;5;2;0;1;1;0;0;0;0;0;0;0
11;1;1100310.0;2018;7;23;7;3;6;4;2;1;0;1;0;0;0;0;0;0
11;3;3300516.0;2018;7;18;5;3;8;1;0;0;1;0;0;0;0;0;0;0
11;1;1100206.0;2018;7;17;2;3;2;6;0;0;1;0;0;0;0;0;0;0
11;9;9301126.0;2018;7;22;5;3;0;1;2;0;0;0;1;0;0;0;0;0
11;2;2500835.0;2018;7;23;7;3;5;3;2;0;1;0;0;0;0;0;0;0
11;7;7501031.0;2018;7;17;5;2;5;3;0;0;1;0;0;0;1;0;0;0
11;2;2500835.0;2018;7;19;7;2;5;2;0;0;1;0;1;0;0;0;0;0
11;1;1200518.0;2018;7;17;2;3;5;3;0;0;1;0;1;0;0;0;0;0
11;4;4300517.0;2018;7;18;5;3;5;2;0;0;1;0;0;0;0;0;0;0
11;1;1400937.0;2018;7;12;7;2;6;4;0;0;0;1;1;0;0;0;0;0
11;4;4501153.0;2018;7;17;5;3;5;2;0;1;1;0;0;0;0;0;0;0
11;1;1400939.0;2018;7;3;7;3;9;1;2;0;1;0;0;0;0;0;0;0
11;5;5200629.0;2018;7;17;2;3;6;2;0;0;1;1;0;0;0;0;0;0
11;7;7300516.0;2018;7;17;5;3;0;2;0;1;1;0;0;0;0;0;0;0
11;1;1400937.0;2018;7;14;2;3;3;6;0;1;0;0;0;0;1;0;0;0
11;10;10200420.0;2018;7;1;7;2;9;1;2;0;0;0;1;0;0;0;0;0
11;9;9501737.0;2018;7;20;2;3;5;3;0;0;1;0;0;0;0;0;0;0
11;2;2500834.0;2018;7;17;5;3;6;4;0;0;1;1;0;0;0;0;0;0
11;2;2200210.0;2018;7;20;2;2;5;3;0;1;1;0;0;0;0;0;0;0
11;2;2400521.0;2018;7;8;6;2;5;2;0;1;0;0;0;0;1;0;0;0
11;11;11300721.0;2018;7;17;5;3;5;3;0;1;1;0;0;0;0;0;0;0
11;5;5100312.0;2018;7;8;6;3;1;3;0;0;1;0;0;0;1;0;0;0
11;10;10100313.0;2018;7;17;2;2;5;3;0;0;1;0;1;0;0;0;0;0
11;8;8100312.0;2018;7;17;5;3;5;2;0;1;1;0;0;0;0;0;0;0
11;2;2200209.0;2018;7;6;6;3;5;2;0;1;1;0;0;0;0;0;0;0
11;1;1200517.0;2018;7;15;5;3;2;6;0;0;1;0;0;0;0;0;0;0