LAND;BEZ;LOR_ab_2021;UJAHR;UMONAT;USTUNDE;UWOCHENTAG;UKATEGORIE;UART;UTYP1;ULICHTVERH;IstRad;IstPKW;IstFuss;IstKrad;IstGkfz;IstSonstige;USTRZUSTAND;LOCKDOWN;COVID
11;3;3200206.0;2018;7;15;2;3;5;3;0;1;1;0;0;0;0;0;0;0
11;4;4300622.0;2018;7;14;2;3;5;2;0;1;1;0;0;0;0;0;0;0
11;1;1100102.0;2018;7;8;4;2;5;2;0;0;1;0;1;0;0;0;0;0
11;7;7400721.0;2018;7;19;6;2;6;4;0;1;0;1;0;0;0;0;0;0
11;6;6200314.0;2018;7;14;2;3;1;5;0;1;1;0;0;0;0;0;0;0
11;2;2100106.0;2018;7;20;6;3;5;2;1;0;1;0;0;0;0;0;0;0
11;8;8200832.0;2018;7;7;4;2;2;2;0;0;1;0;1;0;0;0;0;0
11;8;8401244.0;2018;7;7;4;3;7;7;0;0;1;0;0;0;0;0;0;0
11;9;9501737.0;2018;7;13;2;3;5;3;0;0;1;0;1;0;0;0;0;0
11;8;8100311.0;2018;7;20;6;3;1;5;0;1;1;0;0;0;0;0;0;0
11;11;11300721.0;2018;7;13;2;3;2;6;0;0;0;0;0;0;1;0;0;0
11;1;1100102.0;2018;7;9;4;3;0;5;0;1;1;0;0;0;0;0;0;0
11;4;4501040.0;2018;7;13;2;3;1;5;0;1;1;0;0;0;0;0;0;0
11;8;8100520.0;2018;7;22;4;3;5;2;2;0;1;0;0;0;0;0;0;0
11;2;2300417.0;2018;7;19;6;3;2;4;1;1;0;1;0;0;0;0;0;0
11;4;4300619.0;2018;7;12;2;3;6;7;0;0;1;1;0;0;0;0;0;0
11;4;4100102.0;2018;7;19;4;3;5;2;0;0;1;0;0;0;0;0;0;0
11;11;11300722.0;2018;7;15;2;3;2;6;0;0;1;0;0;0;0;0;0;0
11;8;8401243.0;2018;7;18;6;3;2;6;0;0;1;0;0;0;0;0;0;0
11;5;5100317.0;2018;7;11;2;3;2;6;0;0;1;0;0;0;0;0;0;0
11;2;2200210.0;2018;7;18;4;3;5;2;0;1;1;0;0;0;0;0;0;0
11;8;8100415.0;2018;7;14;2;3;5;3;0;0;1;0;0;0;1;0;0;0
11;8;8401246.0;2018;7;9;6;3;5;3;0;1;1;0;0;0;0;0;0;0
11;9;9401432.0;2018;7;18;2;2;5;3;0;1;0;0;1;0;0;0;0;0
11;2;2200210.0;2018;7;17;5;3;5;3;0;1;1;0;0;0;0;0;0;0
11;3;3500934.0;2018;7;17;4;3;0;2;0;1;1;0;0;0;0;0;0;0
11;9;9501939.0;2018;7;17;5;3;5;3;0;1;1;0;0;0;0;0;0;0
11;7;7300619.0;2018;7;17;2;2;5;3;0;0;1;0;1;0;1;0;0;0
11;11;11400929.0;2018;7;14;4;3;5;7;0;0;1;0;0;0;0;0;0;0
11;6;6400838.0;2018;7;16;2;2;0;1;0;1;0;0;0;0;0;0;0;0
11;1;1100102.0;2018;7;15;4;3;1;5;0;1;1;0;0;0;1;0;0;0
11;2;2500831.0;2018;7;22;5;3;5;3;2;0;1;0;1;0;0;0;0;0
11;4;4300624.0;2018;7;16;2;3;1;5;0;1;1;0;0;0;0;0;0;0
11;12;12200309.0;2018;7;19;5;3;5;3;0;1;1;0;0;0;0;0;0;0
11;9;9100101.0;2018;7;22;4;2;1;5;2;1;1;0;0;0;0;0;0;0
11;7;7601443.0;2018;7;22;4;2;1;5;2;1;1;0;0;0;0;0;0;0
11;12;12500929.0;2018;7;19;5;3;4;6;0;0;0;0;0;0;1;0;0;0
11;2;2400623.0;2018;7;10;2;3;1;6;0;1;1;0;0;1;0;0;0;0
11;11;11300725.0;2018;7;18;5;3;4;6;0;0;1;0;0;0;0;0;0;0
11;3;3300516.0;2018;7;19;4;2;1;5;0;1;1;0;0;0;0;0;0;0
11;11;11100102.0;2018;7;17;4;2;5;2;0;1;1;0;0;0;0;0;0;0
11;1;1300733.0;2018;7;18;5;3;1;7;0;1;1;0;0;0;0;0;0;0
11;4;4200311.0;2018;7;20;1;2;1;5;0;1;1;0;0;0;0;0;0;0
11;5;5100313.0;2018;7;18;5;3;5;2;0;0;1;0;1;0;0;0;0;0
11;11;11501339.0;2018;7;21;4;1;5;2;2;1;0;0;0;0;1;0;0;0
11;11;11501340.0;2018;7;18;5;3;1;1;0;0;1;0;1;0;0;0;0;0
11;4;4100101.0;2018;7;14;1;3;0;6;0;0;1;0;1;0;0;0;0;0
11;12;12200308.0;2018;7;21;5;3;2;6;1;0;1;0;0;0;0;0;0;0
11;11;11200513.0;2018;7;10;3;3;2;6;0;0;1;0;0;0;0;0;0;0
11;1;1100309.0;2018;7;13;1;3;0;3;0;1;1;0;0;0;0;0;0;0
11;1;1100102.0;2018;7;20;3;3;6;7;0;0;0;1;1;0;0;0;0;0
11;1;1200628.0;2018;7;20;5;3;0;2;0;0;1;0;0;0;1;0;0;0
11;7;7100206.0;2018;7;13;1;3;5;3;0;1;1;0;0;0;0;0;0;0
11;2;2400521.0;2018;7;21;5;2;5;3;2;1;1;0;0;0;0;0;0;0
11;3;3400721.0;2018;7;21;3;3;3;6;1;0;1;0;0;0;1;0;0;0
11;4;4501042.0;2018;7;20;3;3;5;7;0;0;1;0;1;0;0;0;0;0
11;1;1100103.0;2018;7;19;5;3;0;2;0;1;1;0;1;0;0;0;0;0
11;9;9200715.0;2018;7;13;1;3;6;2;0;0;1;1;0;0;0;0;0;0
11;6;6300629.0;2018;7;18;5;2;5;2;0;1;1;0;0;0;0;0;0;0
11;4;4501150.0;2018;7;17;3;3;5;2;0;1;1;0;0;0;0;0;0;0
11;2;2100102.0;2018;7;13;1;3;5;3;0;0;1;0;0;0;0;0;0;0
11;5;5100314.0;2018;7;16;5;2;5;3;0;1;1;0;0;0;0;0;0;0
11;5;5200423.0;2018;7;13;1;3;5;3;0;1;1;0;0;0;0;0;0;0
11;12;12100205.0;2018;7;12;3;3;0;2;0;1;1;0;0;0;0;0;0;0
11;4;4500937.0;2018;7;13;1;3;4;6;0;1;0;0;0;0;0;0;0;0
11;6;6400844.0;2018;7;6;3;3;5;3;0;1;1;0;0;0;0;0;0;0
11;1;1200628.0;2018;7;17;5;3;0;3;0;0;1;0;1;0;0;0;0;0
11;1;1200517.0;2018;7;17;5;2;2;6;0;0;1;0;1;0;0;0;0;0
11;4;4300624.0;2018;7;12;1;3;2;6;0;0;1;0;1;0;0;0;0;0
11;3;3400725.0;2018;7;17;5;3;5;3;0;1;0;0;0;0;1;0;0;0
11;2;2500835.0;2018;7;7;3;3;0;2;0;0;1;0;0;0;0;0;0;0
11;1;1200519.0;2018;7;11;1;3;1;5;0;0;1;0;0;0;1;0;0;0
11;7;7100205.0;2018;7;0;3;3;0;2;2;0;1;0;0;0;0;0;0;0
11;6;6300629.0;2018;7;17;5;3;5;3;0;0;1;0;0;0;0;0;0;0
11;4;4200207.0;2018;7;10;1;3;2;6;0;0;1;0;1;0;0;0;0;0
11;1;1300836.0;2018;7;17;5;3;2;6;0;0;1;0;0;0;0;0;0;0
11;2;2100102.0;2018;7;11;3;3;2;6;0;1;1;0;0;0;0;0;0;0
11;3;3300516.0;2018;7;12;3;3;0;1;0;1;1;0;0;0;0;0;0;0
11;10;10200417.0;2018;7;17;5;3;2;6;0;0;1;0;0;1;0;0;0;0
11;11;11100204.0;2018;7;10;1;3;8;1;0;0;0;0;1;0;0;0;0;0
11;1;1100207.0;2018;7;16;5;3;2;6;0;1;1;0;0;0;0;0;0;0
11;8;8300935.0;2018;7;9;1;3;1;5;0;1;1;0;0;0;0;0;0;0
11;4;4300620.0;2018;7;20;3;2;5;7;0;0;1;0;1;0;0;0;0;0
11;2;2500833.0;2018;7;1;1;2;1;5;2;1;1;0;0;0;1;0;0;0
11;4;4400832.0;2018;7;15;5;2;5;2;0;1;0;0;0;1;0;0;0;0
11;1;1100207.0;2018;7;16;1;3;5;3;0;1;1;0;0;0;0;0;0;0
11;1;1100103.0;2018;7;18;7;3;5;2;0;0;1;0;1;0;0;0;0;0
11;5;5200420.0;2018;7;20;3;3;5;2;0;1;1;0;0;0;0;0;0;0
11;12;12100205.0;2018;7;15;5;3;2;6;0;0;1;0;0;0;1;0;0;0
11;6;6100103.0;2018;7;18;7;3;3;6;0;1;1;0;0;0;0;0;0;0
11;4;4500937.0;2018;7;15;5;3;6;2;0;0;1;1;0;0;0;0;0;0
11;11;11300619.0;2018;7;19;3;2;6;4;0;0;1;1;0;0;0;0;0;0
11;11;11100204.0;2018;7;15;5;3;5;2;0;1;1;0;0;0;0;0;0;0
11;5;5100209.0;2018;7;17;7;3;5;2;0;0;1;0;1;0;0;0;0;0
11;5;5100211.0;2018;7;16;7;3;2;6;0;1;0;0;0;0;0;0;0;0
11;8;8401241.0;2018;7;15;5;3;8;1;0;0;0;0;1;0;0;0;0;0
11;1;1400942.0;2018;7;17;3;3;2;6;0;0;1;0;0;0;0;0;0;0
11;1;1200627.0;2018;7;18;3;2;6;4;0;0;1;1;0;0;0;0;0;0
11;12;12200309.0;2018;7;16;7;3;2;2;0;0;1;0;1;0;0;0;0;0
11;2;2100102.0;2018;7;15;5;3;5;3;0;1;1;0;0;0;0;0;0;0
11;6;6300634.0;2018;7;13;7;3;0;2;0;0;1;0;1;0;0;0;0;0
11;6;6300634.0;2018;7;18;3;3;0;5;0;1;1;0;0;0;0;0;0;0
11;12;12400721.0;2018;7;12;7;3;5;3;0;1;1;0;0;0;0;0;0;0
11;8;8100314.0;2018;7;18;3;3;5;2;0;0;1;0;0;0;0;0;0;0
11;5;5100208.0;2018;7;17;5;3;2;6;0;0;1;0;0;0;0;0;0;0
11;6;6100210.0;2018;7;12;7;3;1;5;0;1;1;0;0;0;0;0;0;0
11;2;2100104.0;2018;7;9;3;3;5;2;0;1;0;0;0;0;1;0;0;0
11;5;5200528.0;2018;7;10;7;3;0;2;0;1;1;0;0;0;0;0;0;0
11;8;8200725.0;2018;7;7;3;2;1;1;0;0;0;0;1;1;1;0;0;0
11;2;2200208.0;2018;7;15;5;2;5;1;0;1;1;0;0;0;0;0;0;0
11;9;9200512.0;2018;7;10;7;3;5;2;0;0;1;0;1;0;0;0;0;0
11;1;1300834.0;2018;7;10;5;3;5;3;0;1;0;0;0;0;1;0;0;0
11;9;9100408.0;2018;7;6;3;3;9;1;0;0;0;0;1;0;0;0;0;0
11;7;7601340.0;2018;7;10;5;3;1;5;0;0;1;0;0;0;1;0;0;0
11;4;4501042.0;2018;7;14;7;3;5;2;0;1;1;0;0;0;0;0;0;0
11;3;3701555.0;2018;7;8;5;3;5;3;0;1;1;0;0;0;0;0;0;0
11;6;6100209.0;2018;7;11;3;3;5;3;0;0;1;0;0;0;0;0;0;0
11;4;4501043.0;2018;7;13;7;3;1;5;0;1;1;0;0;0;0;0;0;0
11;12;12100103.0;2018;7;17;3;3;3;6;0;0;1;0;0;0;0;0;0;0
11;5;5400942.0;2018;7;8;5;2;2;6;0;0;1;0;0;0;0;0;0;0
11;7;7400927.0;2018;7;12;7;3;0;1;0;0;0;0;1;0;0;0;0;0
11;4;4300619.0;2018;7;16;3;3;5;3;0;1;0;0;1;0;0;0;0;0
11;7;7300515.0;2018;7;13;7;2;9;1;0;0;0;0;1;0;0;0;0;0
11;11;11100308.0;2018;7;16;3;3;6;4;0;1;0;1;0;0;0;0;0;0
11;11;11300721.0;2018;7;14;5;3;5;3;0;0;1;0;0;0;0;0;0;0
11;5;5100211.0;2018;7;0;7;3;0;1;2;0;0;0;1;0;0;0;0;0
11;9;9100408.0;2018;7;7;5;3;5;2;0;1;1;0;0;0;0;0;0;0
11;12;12100101.0;2018;7;16;3;2;5;2;0;0;1;0;0;0;0;0;0;0
11;3;3601140.0;2018;7;15;3;3;0;2;0;1;1;0;0;0;0;0;0;0
11;1;1100206.0;2018;7;13;5;2;2;6;0;0;0;0;1;1;0;0;0;0
11;9;9501838.0;2018;7;19;7;2;2;7;0;0;1;0;0;0;0;0;0;0
11;8;8100416.0;2018;7;13;5;3;5;3;0;0;1;0;0;0;1;0;0;0
11;9;9200819.0;2018;7;15;3;3;5;2;0;1;0;0;0;0;1;0;0;0
11;5;5100211.0;2018;7;13;5;3;0;6;0;0;1;0;1;0;0;0;0;0
11;2;2200213.0;2018;7;19;7;3;1;5;0;0;1;0;1;0;0;0;0;0
11;6;6300633.0;2018;7;6;5;3;1;7;0;0;1;0;0;0;0;0;0;0
11;2;2400624.0;2018;7;15;3;3;1;5;0;1;1;0;0;0;0;0;0;0
11;9;9501838.0;2018;7;19;7;3;1;5;0;1;1;0;0;0;0;0;0;0
11;8;8300935.0;2018;7;14;3;3;0;6;0;0;0;0;1;0;1;0;0;0
11;9;9200715.0;2018;7;13;5;2;5;3;0;0;1;0;0;0;0;0;0;0
11;5;5200528.0;2018;7;18;7;3;5;2;0;0;0;0;1;0;0;0;0;0
11;5;5200629.0;2018;7;13;5;3;6;4;0;1;0;1;0;0;0;0;0;0
11;2;2100104.0;2018;7;14;3;3;0;3;0;0;1;0;1;0;0;0;0;0
11;4;4501148.0;2018;7;14;3;3;5;7;0;0;1;0;1;0;0;0;0;0
11;6;6100207.0;2018;7;13;5;3;6;2;0;0;1;1;0;0;0;0;0;0
11;6;6200422.0;2018;7;14;6;3;5;3;0;1;0;0;0;1;0;0;0;0
11;3;3400826.0;2018;7;12;5;3;5;3;0;0;1;0;0;0;0;0;0;0
11;10;10100102.0;2018;7;8;6;3;5;3;0;1;0;0;0;0;1;0;0;0
11;11;11200411.0;2018;7;12;5;3;5;3;0;0;1;0;0;0;0;0;0;0
11;9;9502043.0;2018;7;13;3;3;5;3;0;1;1;0;0;0;0;0;0;0
11;1;1401048.0;2018;7;13;3;3;4;5;0;0;1;0;1;0;0;0;0;0
11;8;8100314.0;2018;7;12;5;3;1;5;0;0;1;0;1;0;0;0;0;0
11;1;1100416.0;2018;7;8;6;3;1;5;0;1;1;0;0;0;0;0;0;0
11;7;7300517.0;2018;7;11;5;3;1;5;0;0;1;0;0;0;0;0;0;0
11;4;4501043.0;2018;7;14;2;3;5;3;0;0;1;0;0;0;0;0;0;0
11;5;5100316.0;2018;7;10;5;2;5;2;0;0;1;0;0;0;0;0;0;0
11;7;7601545.0;2018;7;7;6;3;6;4;0;1;0;1;0;0;0;0;0;0
11;4;4200308.0;2018;7;10;5;3;2;6;0;0;1;0;0;1;0;0;0;0
11;3;3100103.0;2018;7;7;6;3;5;3;0;0;1;0;0;0;0;0;0;0
11;11;11501339.0;2018;7;13;2;3;2;6;0;0;0;0;1;0;1;0;0;0
11;8;8100311.0;2018;7;5;6;3;1;5;0;1;1;0;0;0;0;0;0;0
11;1;1300733.0;2018;7;12;2;3;6;7;0;0;1;1;0;0;0;0;0;0
11;11;11200513.0;2018;7;8;5;3;5;3;0;1;1;0;0;0;0;0;0;0
11;12;12200412.0;2018;7;1;6;2;1;1;2;0;1;0;1;0;0;0;0;0
11;12;12500926.0;2018;7;10;5;2;5;2;0;0;1;0;1;0;0;0;0;0
11;2;2400521.0;2018;7;9;2;3;2;2;0;1;1;0;0;0;0;0;0;0
11;5;5200629.0;2018;7;17;2;3;0;6;0;0;1;0;0;0;1;0;0;0
11;10;10200421.0;2018;7;18;4;3;2;6;0;0;1;0;0;0;0;0;0;0
11;1;1100101.0;2018;7;22;6;3;0;1;2;0;1;0;1;0;0;0;0;0
11;2;2200210.0;2018;7;0;4;2;6;4;2;0;1;1;0;0;0;0;0;0
11;6;6100206.0;2018;7;18;6;3;3;2;0;0;1;0;0;1;0;0;0;0
11;3;3100101.0;2018;7;15;2;3;5;3;0;1;1;0;0;0;0;0;0;0
11;7;7100205.0;2018;7;17;6;3;5;7;0;1;1;0;0;0;0;0;0;0
11;1;1300733.0;2018;7;8;4;3;5;2;0;1;1;0;0;0;0;0;0;0
11;7;7400823.0;2018;7;17;6;3;5;3;0;0;1;0;1;0;0;0;0;0
11;1;1100308.0;2018;7;18;2;3;1;5;0;1;1;0;0;0;0;0;0;0
11;2;2400623.0;2018;7;19;2;3;5;3;0;1;1;0;0;0;0;0;0;0
11;2;2400521.0;2018;7;16;6;3;5;3;0;0;1;0;1;0;0;0;0;0
11;7;7200409.0;2018;7;9;4;3;0;7;0;0;0;0;1;0;0;1;0;0
11;7;7501029.0;2018;7;16;6;3;2;2;0;0;1;0;0;0;0;0;0;0
11;9;9501939.0;2018;7;17;2;3;6;4;0;1;0;1;0;0;0;0;0;0
11;12;12200411.0;2018;7;15;6;3;5;7;0;0;1;0;0;0;0;0;0;0
11;1;1401049.0;2018;7;21;2;3;6;4;2;0;0;1;0;0;1;0;0;0
11;4;4300621.0;2018;7;8;4;3;5;3;0;1;1;0;0;0;0;0;0;0
11;4;4400833.0;2018;7;15;6;3;5;5;0;0;1;0;1;0;0;0;0;0
11;1;1100310.0;2018;7;9;4;3;2;6;0;1;0;0;0;0;1;0;0;0
11;3;3400725.0;2018;7;19;2;3;5;2;0;0;1;0;1;0;0;0;0;0
11;3;3400828.0;2018;7;20;2;3;5;3;0;0;1;0;0;0;0;0;0;0
11;3;3300412.0;2018;7;21;6;3;4;6;2;1;1;0;0;0;0;0;0;0
11;9;9200510.0;2018;7;10;4;3;5;2;0;0;1;0;1;0;0;0;0;0
11;4;4300622.0;2018;7;19;6;3;2;6;0;0;1;0;0;0;0;0;0;0
11;1;1100312.0;2018;7;19;2;3;1;5;0;1;0;0;0;0;1;0;0;0
11;4;4400830.0;2018;7;19;6;3;5;3;1;1;0;0;0;0;0;0;0;0
11;6;6200420.0;2018;7;16;2;3;5;3;0;0;1;0;0;0;0;0;0;0
11;6;6300528.0;2018;7;12;4;3;2;6;0;0;1;0;0;0;0;0;0;0
11;4;4200308.0;2018;7;18;6;3;8;1;0;0;1;0;0;0;0;0;0;0
11;5;5200630.0;2018;7;15;2;3;2;6;0;0;1;0;0;0;0;0;0;0
11;4;4300517.0;2018;7;14;2;3;3;6;0;1;0;0;0;0;0;0;0;0
11;6;6400737.0;2018;7;12;4;3;5;3;0;0;1;0;0;0;0;0;0;0
11;10;10200524.0;2018;7;19;6;3;6;4;0;0;1;1;0;0;0;0;0;0
11;3;3501037.0;2018;7;19;4;3;5;2;0;1;1;0;0;0;0;0;0;0
11;8;8300935.0;2018;7;15;6;3;5;3;0;0;1;0;0;0;1;0;0;0
11;6;6300629.0;2018;7;13;2;3;5;2;0;1;1;0;0;0;0;0;0;0
11;8;8401243.0;2018;7;7;4;3;0;6;0;1;1;0;0;0;0;0;0;0
11;4;4501040.0;2018;7;15;6;3;6;4;0;0;1;1;0;0;0;0;0;0
11;6;6300525.0;2018;7;18;4;3;3;6;0;0;0;0;1;0;1;0;0;0
11;1;1100206.0;2018;7;12;2;3;1;5;0;1;1;0;0;0;0;0;0;0
11;8;8401242.0;2018;7;16;4;3;0;2;0;1;1;0;0;0;0;0;0;0
11;4;4200207.0;2018;7;8;6;3;5;3;0;1;1;0;0;0;0;0;0;0
11;5;5200420.0;2018;7;21;2;3;0;2;1;0;1;0;0;0;1;0;0;0
11;3;3400724.0;2018;7;16;6;3;1;5;0;0;1;0;0;0;0;0;0;0
11;1;1300732.0;2018;7;22;2;2;6;4;1;0;1;1;0;0;0;0;0;0
11;12;12400619.0;2018;7;16;4;3;4;6;0;0;1;0;0;0;0;0;0;0
11;1;1100102.0;2018;7;11;6;3;2;6;0;0;1;0;0;0;0;0;0;0
11;8;8100208.0;2018;7;16;4;3;2;6;0;0;1;0;0;0;1;0;0;0
11;12;12500929.0;2018;7;20;2;2;0;1;0;0;0;0;1;0;0;0;0;0
11;1;1200520.0;2018;7;18;2;3;1;5;0;1;1;0;0;0;0;0;0;0
11;1;1200623.0;2018;7;16;4;3;5;2;0;1;1;0;0;0;0;0;0;0
11;11;11300721.0;2018;7;11;6;3;2;6;0;0;1;0;0;1;0;0;0;0
11;8;8401241.0;2018;7;16;4;3;5;3;0;0;1;0;0;0;1;0;0;0
11;1;1200628.0;2018;7;13;2;2;6;4;0;0;1;1;0;0;0;0;0;0
11;8;8401244.0;2018;7;15;4;2;5;3;0;0;1;0;0;0;0;0;0;0
11;5;5100317.0;2018;7;12;6;3;2;6;0;0;1;0;0;0;0;0;0;0
11;1;1401043.0;2018;7;15;4;3;5;3;0;0;1;0;0;0;0;0;0;0
11;5;5100101.0;2018;7;13;2;2;0;1;0;0;1;0;1;0;0;0;0;0
11;7;7501134.0;2018;7;13;2;3;0;1;0;0;0;0;1;0;0;0;0;0
11;3;3400620.0;2018;7;15;4;3;6;4;0;0;1;1;0;0;0;0;0;0
11;9;9200717.0;2018;7;13;6;3;5;2;0;0;1;0;1;0;0;0;0;0
11;5;5100316.0;2018;7;15;4;3;0;1;0;0;1;0;1;0;0;0;0;0
11;12;12601032.0;2018;7;12;2;3;1;5;0;0;1;0;0;0;0;0;0;0
11;1;1100205.0;2018;7;7;6;3;5;3;0;1;1;0;0;0;0;0;0;0
11;4;4501042.0;2018;7;0;2;3;5;3;2;0;1;0;0;0;0;0;0;0
11;9;9100409.0;2018;7;15;4;3;2;6;0;1;1;0;0;0;0;0;0;0
11;8;8100521.0;2018;7;5;6;3;5;7;0;1;1;0;0;0;0;0;0;0
11;6;6400843.0;2018;7;14;4;3;5;3;0;0;1;0;0;0;0;0;0;0
11;1;1100415.0;2018;7;2;2;3;0;1;2;1;0;0;0;0;0;0;0;0
11;10;10400939.0;2018;7;6;2;3;8;1;0;0;1;0;0;0;0;0;0;0
11;8;8200727.0;2018;7;14;4;3;5;2;0;1;1;0;0;0;0;0;0;0
11;11;11200515.0;2018;7;13;6;3;5;3;0;0;1;0;1;0;0;0;0;0
11;1;1100308.0;2018;7;13;4;3;2;6;0;0;1;0;0;0;0;0;0;0
11;2;2100103.0;2018;7;7;2;3;3;6;0;0;1;0;0;0;0;0;0;0
11;2;2300419.0;2018;7;13;4;3;5;3;0;1;0;0;0;0;0;0;0;0
11;3;3701556.0;2018;7;8;6;3;2;3;0;1;1;0;0;0;0;0;0;0
11;5;5100101.0;2018;7;11;4;2;2;6;0;0;1;0;1;0;0;0;0;0
11;4;4501042.0;2018;7;13;6;3;2;6;0;0;1;0;0;0;1;0;0;0
11;1;1401049.0;2018;7;8;2;3;0;2;0;1;1;0;0;0;0;0;0;0
11;5;5300735.0;2018;7;9;6;3;5;2;0;0;1;0;1;0;0;0;0;0
11;7;7400721.0;2018;7;8;2;3;5;3;0;0;1;0;0;0;0;0;0;0
11;8;8100419.0;2018;7;23;4;3;4;6;2;1;1;0;0;0;0;0;0;0
11;1;1100101.0;2018;7;10;6;3;5;2;0;1;0;0;0;1;0;0;0;0
11;5;5200629.0;2018;7;23;4;3;5;3;2;0;1;0;1;0;0;0;0;0
11;3;3500934.0;2018;7;8;2;3;5;3;0;0;1;0;0;0;0;0;0;0
11;1;1100206.0;2018;7;8;2;3;2;7;0;1;0;0;0;0;0;0;0;0
11;2;2200213.0;2018;7;10;6;3;5;2;0;0;1;0;0;0;0;0;0;0
11;3;3400828.0;2018;7;9;2;3;1;5;0;1;1;0;0;0;0;0;0;0
11;7;7601341.0;2018;7;21;4;3;5;3;1;0;1;0;0;0;0;0;0;0
11;9;9200715.0;2018;7;13;6;2;5;2;0;0;1;0;0;0;0;0;0;0
11;4;4400727.0;2018;7;20;4;3;3;6;1;0;1;0;1;0;0;0;0;0
11;1;1300835.0;2018;7;9;2;3;5;2;0;1;1;0;0;0;0;0;0;0
11;4;4300416.0;2018;7;9;2;3;3;6;0;1;1;0;0;0;0;0;0;0
11;7;7100101.0;2018;7;20;4;3;5;2;0;1;1;0;0;0;0;0;0;0
11;1;1200623.0;2018;7;9;6;3;2;6;0;1;0;0;0;0;0;0;0;0
11;3;3601243.0;2018;7;19;4;3;1;5;0;1;1;0;0;0;0;0;0;0
11;12;12200309.0;2018;7;7;6;3;2;6;0;0;1;0;0;0;0;0;0;0
11;7;7501133.0;2018;7;9;2;3;5;2;0;0;1;0;0;1;0;0;0;0
11;1;1401049.0;2018;7;6;6;3;5;3;0;1;1;0;0;0;0;0;0;0
11;4;4200309.0;2018;7;18;4;2;5;3;0;0;1;0;0;0;0;0;0;0
11;12;12601235.0;2018;7;7;6;2;5;2;0;1;1;0;0;0;0;0;0;0
11;9;9200614.0;2018;7;8;6;3;5;3;0;1;1;0;0;0;0;0;0;0
11;1;1100102.0;2018;7;9;2;3;5;2;0;1;0;0;1;0;0;0;0;0
11;2;2300417.0;2018;7;18;4;3;5;3;0;1;1;0;0;0;0;0;0;0
11;1;1200626.0;2018;7;9;6;3;0;1;0;1;0;0;0;0;0;0;0;0
11;7;7601443.0;2018;7;18;4;3;5;2;0;1;1;0;0;0;0;0;0;0
11;5;5200629.0;2018;7;10;2;3;3;6;0;0;1;0;0;0;1;0;0;0
11;1;1100309.0;2018;7;10;2;3;2;7;0;0;1;0;0;0;0;0;0;0
11;1;1100308.0;2018;7;12;4;3;0;1;0;0;0;0;1;0;0;0;0;0
11;9;9401635.0;2018;7;14;6;3;4;7;0;0;1;0;0;0;0;0;0;0
11;6;6300630.0;2018;7;10;2;3;5;7;0;0;1;0;1;0;0;0;0;0
11;4;4300624.0;2018;7;0;6;3;0;1;2;1;0;0;0;0;0;0;0;0
11;4;4501148.0;2018;7;16;5;2;1;5;0;1;1;0;0;0;1;0;0;0
11;4;4200308.0;2018;7;22;3;3;5;2;2;1;1;0;0;0;0;0;0;0
11;4;4400835.0;2018;7;23;5;3;1;1;2;1;1;0;0;0;0;0;0;0
11;4;4501152.0;2018;7;10;2;3;2;6;0;0;1;0;0;0;0;0;0;0
11;1;1100206.0;2018;7;21;5;3;0;2;1;1;1;0;0;0;0;0;0;0
11;10;10400941.0;2018;7;10;2;2;5;2;0;0;0;0;1;1;0;0;0;0
11;3;3400722.0;2018;7;19;3;3;1;5;0;0;1;0;1;0;0;0;0;0
11;1;1300733.0;2018;7;15;5;3;1;5;0;1;1;0;0;0;0;0;0;0
11;5;5100105.0;2018;7;11;2;3;2;2;0;0;1;0;0;0;0;0;0;0
11;7;7300619.0;2018;7;7;5;3;1;5;0;1;1;0;0;0;0;0;0;0
11;8;8100419.0;2018;7;11;2;3;5;3;0;0;1;0;0;0;0;0;0;0
11;5;5100314.0;2018;7;18;3;3;6;4;0;0;1;1;0;0;0;0;0;0
11;7;7200307.0;2018;7;21;5;3;9;1;1;0;1;0;0;0;0;0;0;0
11;3;3400826.0;2018;7;18;3;3;9;1;0;0;1;0;0;0;0;0;0;0
11;1;1300835.0;2018;7;8;2;3;0;4;0;0;1;1;0;0;0;0;0;0
11;5;5300736.0;2018;7;18;3;3;5;7;0;0;1;0;0;1;0;0;0;0
11;1;1100103.0;2018;7;22;5;3;2;2;2;1;1;0;0;0;0;0;0;0
11;3;3400723.0;2018;7;12;1;3;5;3;0;1;1;0;0;0;0;0;0;0
11;7;7100205.0;2018;7;20;5;3;5;2;0;1;1;0;0;0;0;0;0;0
11;1;1100416.0;2018;7;16;1;2;0;1;0;1;0;0;0;0;0;0;0;0
11;1;1401045.0;2018;7;18;3;3;2;7;0;0;1;0;0;0;1;0;0;0
11;1;1100308.0;2018;7;20;5;3;1;5;0;1;1;0;0;0;0;0;0;0
11;2;2300316.0;2018;7;17;3;2;5;2;0;1;1;0;0;0;0;0;0;0
11;4;4400729.0;2018;7;13;1;2;4;6;0;0;1;0;0;0;0;0;0;0
11;2;2500830.0;2018;7;15;1;3;6;7;0;0;1;1;0;0;0;0;0;0
11;10;10400938.0;2018;7;16;3;2;2;5;0;0;1;0;1;0;0;0;0;0
11;10;10400940.0;2018;7;19;5;2;5;3;0;1;1;0;0;0;0;0;0;0
11;7;7501133.0;2018;7;17;1;3;0;7;0;0;0;0;1;0;1;1;0;0
11;5;5100208.0;2018;7;16;3;3;2;6;0;0;1;0;0;0;0;0;0;0
11;2;2500726.0;2018;7;18;5;3;5;3;0;1;1;0;0;0;0;0;0;0